consumer_id,name,region,consumer_type,connection_date,avg_monthly_kwh
CUS-000000,Allison Hill,Rawalpindi,Commercial,2011-10-03,1253.7
CUS-000001,Noah Rhodes,Islamabad,Residential,2023-04-15,240.1
CUS-000002,Angie Henderson,Multan,Residential,2020-07-06,193.4
CUS-000003,Daniel Wagner,Faisalabad,Residential,2012-10-06,239.0
CUS-000004,Cristian Santos,Islamabad,Residential,2021-07-27,242.0
CUS-000005,Connie Lawrence,Islamabad,Commercial,2020-10-20,811.1
CUS-000006,Abigail Shaffer,Lahore,Commercial,2016-06-08,497.7
CUS-000007,Gina Moore,Karachi,Residential,2026-04-27,279.7
CUS-000008,Gabrielle Davis,Faisalabad,Residential,2025-08-12,264.7
CUS-000009,Ryan Munoz,Peshawar,Residential,2022-09-08,183.8
CUS-000010,Monica Herrera,Faisalabad,Residential,2022-08-06,97.1
CUS-000011,Jamie Arnold,Karachi,Residential,2016-04-29,86.4
CUS-000012,Lisa Hensley,Karachi,Residential,2013-11-07,195.3
CUS-000013,Michele Williams,Rawalpindi,Residential,2018-06-13,137.9
CUS-000014,Dylan Miller,Lahore,Residential,2013-10-21,77.0
CUS-000015,Brian Ramirez,Lahore,Industrial,2024-07-01,1723.8
CUS-000016,Holly Wood,Islamabad,Residential,2013-04-20,151.8
CUS-000017,Derek Zuniga,Karachi,Commercial,2026-01-28,1728.8
CUS-000018,Lisa Jackson,Faisalabad,Residential,2017-09-01,264.3
CUS-000019,Carla Gray,Peshawar,Residential,2019-05-17,209.1
CUS-000020,Margaret Hawkins DDS,Rawalpindi,Residential,2011-08-30,157.1
CUS-000021,Patty Perez,Faisalabad,Residential,2018-04-30,202.8
CUS-000022,Ethan Adams,Lahore,Residential,2024-01-10,197.4
CUS-000023,Tommy Walter,Islamabad,Residential,2013-06-25,224.4
CUS-000024,Matthew Foster,Peshawar,Industrial,2018-04-23,1972.0
CUS-000025,Judy Baker,Karachi,Residential,2026-01-25,242.2
CUS-000026,Justin Baker,Faisalabad,Residential,2013-01-21,229.5
CUS-000027,Stephanie Ross,Peshawar,Industrial,2014-11-13,5503.4
CUS-000028,Zachary Hicks,Lahore,Residential,2026-03-18,172.8
CUS-000029,Anthony Rodriguez,Rawalpindi,Residential,2017-11-15,235.2
CUS-000030,Rebecca Henderson,Faisalabad,Residential,2019-10-02,137.2
CUS-000031,James Ferrell,Karachi,Commercial,2014-01-31,396.0
CUS-000032,Tricia Valencia,Rawalpindi,Industrial,2017-03-28,5451.3
CUS-000033,Nathan Maldonado,Multan,Industrial,2016-10-18,3575.5
CUS-000034,Debra Davidson,Peshawar,Residential,2025-10-24,219.6
CUS-000035,Jeffrey Chavez,Peshawar,Commercial,2026-02-07,648.6
CUS-000036,Sherri Baker,Islamabad,Residential,2020-03-18,192.3
CUS-000037,Cassandra Gaines,Karachi,Residential,2011-10-27,150.3
CUS-000038,Elizabeth Fowler,Peshawar,Residential,2023-09-30,150.8
CUS-000039,Brittany Farmer,Lahore,Residential,2011-11-06,118.5
CUS-000040,Paula Moreno,Multan,Industrial,2024-12-24,2756.2
CUS-000041,Fred Smith,Lahore,Commercial,2019-02-04,1011.4
CUS-000042,Sherry Decker,Rawalpindi,Residential,2024-07-20,204.8
CUS-000043,Anthony Humphrey,Multan,Residential,2022-01-14,197.3
CUS-000044,Angelica Tucker,Multan,Residential,2021-04-14,168.2
CUS-000045,Philip Cannon,Lahore,Commercial,2018-05-29,835.4
CUS-000046,John Pierce,Peshawar,Residential,2017-09-23,244.2
CUS-000047,Shane Henderson,Lahore,Residential,2016-11-10,174.9
CUS-000048,Joshua Blair,Karachi,Residential,2019-09-12,184.8
CUS-000049,Eric Carney,Rawalpindi,Residential,2019-05-30,276.0
CUS-000050,Jessica Holmes,Faisalabad,Residential,2023-01-07,234.5
CUS-000051,Danny Morgan,Multan,Commercial,2013-04-18,1086.0
CUS-000052,Crystal Robinson,Karachi,Residential,2014-03-25,179.9
CUS-000053,Mark Perez,Peshawar,Residential,2017-12-30,179.3
CUS-000054,Shannon Jones,Peshawar,Residential,2014-03-30,194.4
CUS-000055,Michael Lewis,Lahore,Residential,2020-06-24,204.4
CUS-000056,Timothy Duncan,Islamabad,Industrial,2019-09-14,2859.2
CUS-000057,Richard Aguirre,Multan,Residential,2017-04-19,328.4
CUS-000058,Brent Jordan,Multan,Residential,2024-03-18,197.4
CUS-000059,John Daniel,Islamabad,Residential,2021-11-16,50.8
CUS-000060,Victoria Garcia,Peshawar,Residential,2018-02-17,122.9
CUS-000061,Gerald Hensley,Peshawar,Residential,2015-10-31,288.7
CUS-000062,Connor West,Faisalabad,Residential,2020-11-10,223.1
CUS-000063,Donald Wright,Faisalabad,Residential,2025-05-29,205.6
CUS-000064,Jessica Callahan,Multan,Residential,2024-05-22,170.0
CUS-000065,Amber Kidd,Faisalabad,Residential,2026-06-15,108.7
CUS-000066,Tracy House,Faisalabad,Residential,2023-08-18,280.7
CUS-000067,Carol Tucker,Rawalpindi,Residential,2013-02-25,130.6
CUS-000068,James Brown,Multan,Residential,2021-04-18,223.8
CUS-000069,William Baker,Peshawar,Commercial,2020-10-19,1173.1
CUS-000070,Jordan Henderson,Peshawar,Commercial,2017-09-28,773.4
CUS-000071,Whitney Peters,Faisalabad,Residential,2019-01-04,239.6
CUS-000072,Brittney Phillips,Rawalpindi,Residential,2022-10-27,165.0
CUS-000073,Lauren Daniels,Faisalabad,Residential,2025-06-09,157.9
CUS-000074,Amy Silva,Faisalabad,Residential,2013-02-03,180.6
CUS-000075,Sarah Moore,Karachi,Commercial,2018-03-25,738.0
CUS-000076,Angela Lopez,Karachi,Residential,2020-04-11,88.6
CUS-000077,Megan Young,Rawalpindi,Residential,2012-02-03,222.9
CUS-000078,Steve Sanchez,Rawalpindi,Commercial,2015-12-06,667.5
CUS-000079,Lisa Barnes,Karachi,Commercial,2017-11-18,689.8
CUS-000080,Kelly Donovan,Karachi,Residential,2014-12-06,247.1
CUS-000081,Mike Allen,Karachi,Residential,2018-05-22,251.9
CUS-000082,Michael Evans,Karachi,Residential,2017-04-16,82.7
CUS-000083,Paul Jones,Multan,Residential,2014-07-10,138.1
CUS-000084,Zachary Ferrell,Multan,Commercial,2018-08-11,549.6
CUS-000085,Daniel Baker,Faisalabad,Commercial,2013-06-18,1204.1
CUS-000086,Shirley Suarez,Lahore,Commercial,2026-01-15,1266.5
CUS-000087,Christopher Bass,Faisalabad,Residential,2025-03-29,125.5
CUS-000088,Lisa Archer,Rawalpindi,Commercial,2017-10-07,550.5
CUS-000089,Aimee Montoya,Islamabad,Residential,2023-11-05,202.3
CUS-000090,Matthew Mcmillan,Lahore,Residential,2022-02-08,81.6
CUS-000091,Brian Rodriguez,Islamabad,Residential,2022-08-30,147.1
CUS-000092,Denise Jacobs,Islamabad,Residential,2011-09-20,195.8
CUS-000093,Christina Walters,Peshawar,Commercial,2017-03-12,1051.2
CUS-000094,John Whitehead,Rawalpindi,Residential,2014-12-12,55.6
CUS-000095,Anna Henderson,Multan,Residential,2015-11-02,74.3
CUS-000096,Aaron Wise,Lahore,Residential,2024-09-22,195.5
CUS-000097,Deborah Figueroa,Faisalabad,Residential,2015-07-21,150.9
CUS-000098,Jessica Smith,Rawalpindi,Residential,2024-02-11,142.8
CUS-000099,Stephen Mckee,Karachi,Residential,2023-06-20,144.9
CUS-000100,Sandra Aguilar,Rawalpindi,Commercial,2017-10-16,714.9
CUS-000101,Cameron Parker,Islamabad,Residential,2015-03-18,152.6
CUS-000102,Rebecca Valencia,Multan,Residential,2025-01-13,70.8
CUS-000103,Christine Wright,Karachi,Residential,2017-10-15,251.3
CUS-000104,Richard Henson,Rawalpindi,Commercial,2011-11-02,1019.1
CUS-000105,Marc Moore,Rawalpindi,Residential,2013-11-22,40.4
CUS-000106,Sharon Cherry,Multan,Residential,2017-03-11,151.9
CUS-000107,Sierra Johnson,Islamabad,Residential,2023-10-16,155.8
CUS-000108,Evelyn Galvan,Faisalabad,Residential,2023-11-03,169.5
CUS-000109,Sharon Cochran,Karachi,Residential,2020-07-22,240.1
CUS-000110,Richard Rodriguez,Islamabad,Residential,2016-08-08,152.0
CUS-000111,Shannon Walker,Multan,Residential,2025-11-30,174.7
CUS-000112,Julia Torres,Rawalpindi,Residential,2026-06-01,358.7
CUS-000113,Crystal Johnson,Faisalabad,Residential,2015-03-19,173.3
CUS-000114,Garrett Lin,Lahore,Residential,2026-02-16,286.0
CUS-000115,Diana May,Lahore,Residential,2014-06-24,210.1
CUS-000116,William Herrera,Peshawar,Residential,2021-03-21,146.8
CUS-000117,Ashley Waller,Lahore,Residential,2023-12-19,136.8
CUS-000118,Victor Baker,Multan,Residential,2023-07-24,179.6
CUS-000119,Jeffrey Chandler,Multan,Residential,2020-03-23,112.4
CUS-000120,Larry Dixon,Multan,Commercial,2013-07-12,831.4
CUS-000121,Kenneth Scott,Karachi,Industrial,2021-02-05,4274.5
CUS-000122,April Frost,Peshawar,Residential,2026-03-09,197.6
CUS-000123,Michelle Harmon,Karachi,Residential,2014-03-13,289.6
CUS-000124,Helen Jones,Faisalabad,Residential,2025-02-03,150.9
CUS-000125,Erin Edwards,Lahore,Commercial,2019-04-28,744.6
CUS-000126,Michelle Evans,Faisalabad,Residential,2018-02-17,82.3
CUS-000127,Jason Powell,Lahore,Residential,2013-02-02,243.6
CUS-000128,Cameron Fisher,Rawalpindi,Commercial,2023-07-23,645.8
CUS-000129,Megan Orr,Karachi,Residential,2019-02-16,227.9
CUS-000130,Elizabeth Kelley,Islamabad,Commercial,2021-01-09,1442.6
CUS-000131,Dustin Jordan,Faisalabad,Residential,2023-04-22,172.8
CUS-000132,Mary Marshall,Rawalpindi,Residential,2024-03-07,162.0
CUS-000133,Daniel Kennedy,Karachi,Commercial,2020-12-18,1159.4
CUS-000134,Rebecca Jackson,Multan,Residential,2015-06-27,105.1
CUS-000135,Jose Schultz,Peshawar,Residential,2019-11-08,230.2
CUS-000136,Robert Potter,Faisalabad,Residential,2025-10-04,180.7
CUS-000137,Courtney Gonzalez,Karachi,Industrial,2014-08-24,2362.3
CUS-000138,David Alvarez,Peshawar,Residential,2012-12-30,206.6
CUS-000139,Angel Perry,Faisalabad,Residential,2018-02-17,186.1
CUS-000140,Cheyenne Horton,Peshawar,Residential,2020-12-26,132.4
CUS-000141,David Douglas Jr.,Faisalabad,Residential,2020-06-15,327.7
CUS-000142,Patricia Rodriguez,Lahore,Residential,2012-01-08,224.4
CUS-000143,Christopher Rubio,Islamabad,Residential,2022-02-28,187.6
CUS-000144,Amber Wright,Faisalabad,Residential,2025-05-04,149.2
CUS-000145,Joyce Solis,Karachi,Commercial,2012-10-12,685.7
CUS-000146,Victoria Larson,Islamabad,Residential,2017-04-23,132.7
CUS-000147,Stephanie Salazar,Peshawar,Residential,2022-09-06,127.7
CUS-000148,Kathy Rivas,Lahore,Commercial,2013-07-21,1488.9
CUS-000149,Stephanie Manning,Faisalabad,Residential,2018-05-17,181.8
CUS-000150,David Wright,Islamabad,Commercial,2021-01-10,1158.6
CUS-000151,Pamela Boyd,Rawalpindi,Residential,2016-12-12,180.3
CUS-000152,Denise Jones,Peshawar,Residential,2015-03-08,231.0
CUS-000153,Devon Flores,Rawalpindi,Residential,2024-12-31,217.3
CUS-000154,Brenda Hall,Multan,Residential,2016-01-13,238.5
CUS-000155,Michelle Brown,Islamabad,Residential,2019-08-05,105.0
CUS-000156,Joshua Perry,Islamabad,Residential,2015-04-07,236.9
CUS-000157,Jason Stein,Islamabad,Commercial,2023-03-30,1144.1
CUS-000158,Melissa Gates,Multan,Residential,2023-05-02,185.3
CUS-000159,Jamie Smith,Karachi,Residential,2023-02-05,252.6
CUS-000160,Paul Castaneda,Peshawar,Residential,2021-06-10,222.2
CUS-000161,Jennifer Adkins,Peshawar,Industrial,2015-09-16,4999.5
CUS-000162,Lindsey Walker,Faisalabad,Residential,2025-07-21,61.0
CUS-000163,Jeffrey Johnson,Faisalabad,Residential,2020-12-18,177.3
CUS-000164,Michael Powell,Faisalabad,Residential,2021-02-16,132.9
CUS-000165,John Anderson,Peshawar,Residential,2020-03-31,222.7
CUS-000166,Alyssa Long,Karachi,Residential,2013-02-23,239.5
CUS-000167,Alyssa Day,Islamabad,Commercial,2018-06-15,873.4
CUS-000168,Joel Williams,Islamabad,Residential,2020-06-30,140.0
CUS-000169,Daniel Murphy,Multan,Commercial,2013-03-15,1149.8
CUS-000170,Jamie Walton,Rawalpindi,Residential,2015-10-27,143.8
CUS-000171,Darlene Miller,Karachi,Residential,2024-12-13,108.3
CUS-000172,Joshua Cooke,Lahore,Commercial,2012-12-27,745.4
CUS-000173,Matthew Harrington,Karachi,Residential,2018-12-24,146.7
CUS-000174,Nicole Herring,Multan,Industrial,2016-12-30,5455.7
CUS-000175,Alex Hernandez,Rawalpindi,Residential,2024-02-10,230.7
CUS-000176,Michael Elliott,Rawalpindi,Industrial,2017-06-08,3202.1
CUS-000177,Michael Wang,Faisalabad,Residential,2018-12-06,127.0
CUS-000178,Lawrence Adkins,Faisalabad,Residential,2011-12-07,177.2
CUS-000179,Robert Oconnell,Rawalpindi,Residential,2012-09-13,192.6
CUS-000180,Alexander Collins,Islamabad,Residential,2025-11-30,281.5
CUS-000181,Tina Sanders,Lahore,Residential,2012-09-28,272.7
CUS-000182,Angela Vaughn,Rawalpindi,Residential,2021-11-10,84.0
CUS-000183,Ashley Barton,Peshawar,Residential,2017-03-15,65.5
CUS-000184,Lindsay Martinez,Islamabad,Residential,2016-04-13,181.5
CUS-000185,Dr. Hannah Patterson,Lahore,Commercial,2025-02-26,1032.6
CUS-000186,Jonathan Peterson,Peshawar,Residential,2023-09-01,108.5
CUS-000187,Samantha Garcia,Lahore,Residential,2014-04-15,181.0
CUS-000188,Madison Poole,Multan,Residential,2011-10-04,193.8
CUS-000189,Jessica Gross,Lahore,Residential,2014-04-09,129.7
CUS-000190,Debra Morton,Peshawar,Residential,2020-01-26,142.6
CUS-000191,Karen Graham,Karachi,Residential,2020-08-27,134.3
CUS-000192,Debra Christian,Lahore,Commercial,2012-01-28,804.5
CUS-000193,Angelica Keith,Karachi,Commercial,2026-03-01,1062.2
CUS-000194,John Bishop,Lahore,Residential,2026-06-06,115.3
CUS-000195,Allen Rosales,Multan,Residential,2018-10-28,141.6
CUS-000196,Daniel Salinas,Peshawar,Residential,2020-10-06,156.0
CUS-000197,Spencer Haynes,Lahore,Residential,2019-10-04,179.6
CUS-000198,Adam Vaughan,Rawalpindi,Residential,2013-12-20,196.6
CUS-000199,Nathan Freeman,Multan,Residential,2022-09-02,302.5
CUS-000200,Melissa Brewer,Rawalpindi,Residential,2025-06-05,214.3
CUS-000201,Ricky Davis II,Multan,Residential,2014-06-25,215.8
CUS-000202,Elizabeth Perkins,Multan,Residential,2012-01-18,164.0
CUS-000203,Joseph Coleman,Faisalabad,Commercial,2011-12-13,517.9
CUS-000204,Erin Warner,Lahore,Residential,2019-03-29,148.3
CUS-000205,David Martinez,Peshawar,Commercial,2013-11-17,1144.1
CUS-000206,Bryan Herrera,Faisalabad,Industrial,2024-07-15,6709.6
CUS-000207,Cathy Robinson,Peshawar,Residential,2013-04-26,80.9
CUS-000208,Dr. William Warren,Islamabad,Residential,2014-11-04,215.6
CUS-000209,Brian Lee,Peshawar,Residential,2016-06-28,173.0
CUS-000210,Christopher Smith,Karachi,Industrial,2014-11-19,8179.8
CUS-000211,Denise Mccann,Lahore,Industrial,2022-06-18,2745.8
CUS-000212,Melissa Martinez,Rawalpindi,Residential,2025-08-17,125.9
CUS-000213,Katherine Salas,Peshawar,Residential,2015-08-07,155.6
CUS-000214,Julie Alexander,Rawalpindi,Commercial,2018-10-16,726.2
CUS-000215,Anthony Everett,Islamabad,Residential,2025-10-29,228.4
CUS-000216,Rodney Morales,Lahore,Commercial,2016-10-21,1233.8
CUS-000217,Mark Brown,Peshawar,Commercial,2019-11-01,1125.5
CUS-000218,Justin Torres,Faisalabad,Residential,2015-12-30,150.3
CUS-000219,Bailey Duran DDS,Rawalpindi,Residential,2022-09-21,15.0
CUS-000220,Courtney Mills,Faisalabad,Residential,2019-01-01,155.4
CUS-000221,Jeremy Dalton,Multan,Residential,2019-04-03,193.8
CUS-000222,Elizabeth Oliver DDS,Faisalabad,Residential,2017-07-28,222.9
CUS-000223,Theresa Clark,Peshawar,Commercial,2014-06-26,1125.6
CUS-000224,Matthew Moore,Islamabad,Industrial,2014-03-09,3239.8
CUS-000225,Benjamin Smith,Faisalabad,Industrial,2021-11-08,5080.0
CUS-000226,Kirk Carter,Multan,Residential,2024-11-03,118.0
CUS-000227,Michael Warner,Rawalpindi,Commercial,2015-10-19,784.0
CUS-000228,Michael Bradshaw,Rawalpindi,Residential,2017-06-19,115.2
CUS-000229,Lori Guerrero,Lahore,Residential,2020-04-24,181.2
CUS-000230,Jessica Stephens,Faisalabad,Residential,2023-01-15,275.3
CUS-000231,Susan Serrano,Faisalabad,Residential,2016-04-02,171.5
CUS-000232,Christopher Parker,Lahore,Commercial,2023-06-15,700.0
CUS-000233,Laura Roberts,Rawalpindi,Residential,2025-11-01,78.2
CUS-000234,Michael Lyons,Multan,Residential,2018-11-19,162.8
CUS-000235,Kathryn Snyder,Faisalabad,Residential,2024-10-10,249.0
CUS-000236,Andrew Reynolds,Lahore,Residential,2017-12-04,165.0
CUS-000237,David Davis,Rawalpindi,Residential,2022-10-01,160.9
CUS-000238,Sara Johnston,Multan,Residential,2023-10-11,246.3
CUS-000239,Yvonne Chambers,Karachi,Residential,2020-11-24,161.2
CUS-000240,Andrew Avila,Peshawar,Residential,2020-08-31,257.5
CUS-000241,Matthew Moon,Faisalabad,Commercial,2018-01-04,1236.3
CUS-000242,Kevin Walters,Karachi,Residential,2020-01-25,220.7
CUS-000243,Brandon Bailey MD,Karachi,Residential,2017-03-08,278.8
CUS-000244,Shannon Rivera,Peshawar,Residential,2021-01-16,240.5
CUS-000245,Donna Landry,Rawalpindi,Residential,2012-07-25,68.0
CUS-000246,Krista Gibson,Rawalpindi,Residential,2014-02-06,141.7
CUS-000247,Frank Cordova,Lahore,Residential,2012-02-09,165.5
CUS-000248,Jose Travis,Islamabad,Commercial,2019-03-27,1134.5
CUS-000249,Kimberly Gutierrez,Rawalpindi,Residential,2020-05-11,100.1
CUS-000250,Isaiah Avila,Peshawar,Commercial,2015-12-26,1147.4
CUS-000251,Olivia Harris,Islamabad,Industrial,2023-12-09,4540.3
CUS-000252,Tanya Kim,Peshawar,Residential,2021-03-25,130.5
CUS-000253,Barbara Dudley,Peshawar,Residential,2026-01-02,104.9
CUS-000254,Cynthia Moore,Peshawar,Residential,2016-11-10,275.9
CUS-000255,Kristen Davis,Faisalabad,Industrial,2012-01-20,2350.0
CUS-000256,Susan Murray MD,Faisalabad,Commercial,2014-04-16,965.1
CUS-000257,Kathleen Moran,Islamabad,Residential,2016-06-02,181.1
CUS-000258,Denise Davenport,Karachi,Commercial,2023-05-28,1057.2
CUS-000259,Mrs. Kristen Reyes,Faisalabad,Residential,2016-12-10,144.5
CUS-000260,Katie Suarez,Multan,Industrial,2012-09-08,8100.3
CUS-000261,Desiree Tyler,Peshawar,Industrial,2021-05-28,5427.8
CUS-000262,Timothy Romero,Faisalabad,Residential,2017-02-25,185.8
CUS-000263,Diane Evans,Lahore,Residential,2023-03-27,144.4
CUS-000264,Yvonne Burns,Rawalpindi,Residential,2013-06-06,154.2
CUS-000265,Joshua Reed,Multan,Residential,2016-05-10,215.3
CUS-000266,Kimberly Gibson,Rawalpindi,Commercial,2011-10-08,584.1
CUS-000267,Colin Terry,Rawalpindi,Residential,2016-07-06,187.4
CUS-000268,Cynthia Rowe,Islamabad,Residential,2018-07-19,134.8
CUS-000269,Patrick Thornton,Lahore,Residential,2023-06-21,296.6
CUS-000270,Jasmin Alvarado,Lahore,Industrial,2025-01-05,8002.2
CUS-000271,Veronica Simpson,Multan,Residential,2019-12-26,178.2
CUS-000272,Jonathan Lawrence,Lahore,Residential,2017-05-11,168.8
CUS-000273,Shelly Alexander,Lahore,Residential,2020-08-01,297.3
CUS-000274,Joyce Bowen,Lahore,Industrial,2019-06-22,3615.9
CUS-000275,Matthew Moore,Multan,Commercial,2013-02-20,950.8
CUS-000276,Wayne Morgan,Karachi,Residential,2015-10-03,187.1
CUS-000277,Marie Christian,Lahore,Residential,2020-09-03,138.4
CUS-000278,Shannon James,Faisalabad,Residential,2024-10-13,186.7
CUS-000279,Nathan Malone,Lahore,Residential,2024-06-07,322.3
CUS-000280,Amanda Jones,Islamabad,Residential,2012-09-20,198.0
CUS-000281,Tammie Bright,Islamabad,Commercial,2024-12-03,603.6
CUS-000282,Jessica Garcia,Faisalabad,Residential,2017-11-24,136.9
CUS-000283,Shelia Wallace,Lahore,Commercial,2022-11-20,941.3
CUS-000284,Stephanie Williams,Karachi,Residential,2016-05-06,296.3
CUS-000285,Elaine Brooks,Lahore,Residential,2016-05-19,231.2
CUS-000286,Joseph Knight,Faisalabad,Residential,2014-07-19,219.2
CUS-000287,Carolyn Miller,Lahore,Residential,2023-08-01,165.9
CUS-000288,Lisa Allen,Lahore,Residential,2019-01-17,203.5
CUS-000289,Briana Murray,Peshawar,Residential,2026-05-18,129.9
CUS-000290,David Smith,Karachi,Residential,2017-11-21,112.4
CUS-000291,Stephanie Byrd,Rawalpindi,Residential,2013-06-16,90.8
CUS-000292,Jeremy Reed,Faisalabad,Residential,2014-02-27,204.6
CUS-000293,Margaret Coleman,Lahore,Industrial,2016-06-25,6803.4
CUS-000294,Ryan Gonzalez,Faisalabad,Residential,2017-04-26,150.0
CUS-000295,John Young,Rawalpindi,Commercial,2020-03-15,458.1
CUS-000296,Laura Haney,Karachi,Residential,2015-11-10,239.7
CUS-000297,William Barrett,Faisalabad,Commercial,2021-03-17,680.5
CUS-000298,Keith Jennings,Lahore,Residential,2024-05-17,246.8
CUS-000299,Amber Obrien,Rawalpindi,Commercial,2026-05-06,843.9
CUS-000300,Tanner Mitchell DDS,Faisalabad,Residential,2025-03-16,115.7
CUS-000301,Heather Fields,Multan,Residential,2015-11-06,247.4
CUS-000302,Megan Le,Rawalpindi,Residential,2024-02-29,163.0
CUS-000303,Sara Fuller,Karachi,Residential,2017-08-12,150.1
CUS-000304,Maria Parker,Lahore,Residential,2024-12-20,163.2
CUS-000305,Kevin Oconnor,Peshawar,Residential,2025-04-20,179.8
CUS-000306,Edward Burgess,Karachi,Residential,2012-03-10,155.1
CUS-000307,Carlos Ryan,Peshawar,Commercial,2021-03-23,836.2
CUS-000308,Kiara Mcintyre,Lahore,Residential,2012-08-22,134.9
CUS-000309,Dawn Summers,Rawalpindi,Residential,2013-01-09,188.3
CUS-000310,Dr. Paul Morgan,Multan,Residential,2023-07-30,170.4
CUS-000311,Victor Taylor,Multan,Residential,2022-05-25,211.6
CUS-000312,Shannon Ramsey,Faisalabad,Residential,2015-09-14,183.1
CUS-000313,Tracy Ballard,Karachi,Residential,2022-11-06,184.6
CUS-000314,Richard Smith,Karachi,Industrial,2017-07-30,2722.1
CUS-000315,Jordan Chambers,Karachi,Commercial,2019-11-28,764.9
CUS-000316,Lauren Carson,Islamabad,Commercial,2016-04-11,779.0
CUS-000317,Ashley Hall,Multan,Residential,2020-09-27,260.4
CUS-000318,Stephen Hoffman,Multan,Commercial,2017-06-22,811.9
CUS-000319,Connie Brown,Lahore,Residential,2021-12-29,305.1
CUS-000320,Susan Turner,Islamabad,Residential,2018-05-22,206.3
CUS-000321,Charles Shah,Karachi,Residential,2024-04-07,199.5
CUS-000322,Johnathan Davis,Karachi,Residential,2026-01-13,314.6
CUS-000323,Brandy Chavez,Peshawar,Residential,2013-06-01,16.4
CUS-000324,Natalie Bautista,Faisalabad,Residential,2017-03-08,167.2
CUS-000325,Patrick Moore,Islamabad,Residential,2020-10-28,255.1
CUS-000326,Brett Burns,Faisalabad,Residential,2012-01-16,238.8
CUS-000327,Trevor Johnson,Rawalpindi,Residential,2012-04-26,333.9
CUS-000328,Jeremy Sampson,Faisalabad,Residential,2011-10-05,186.4
CUS-000329,Ariana Jennings,Multan,Residential,2013-03-04,154.2
CUS-000330,Vanessa Howard,Lahore,Residential,2016-06-03,160.1
CUS-000331,Colton Martinez,Rawalpindi,Commercial,2021-11-11,635.9
CUS-000332,Jordan Bates,Rawalpindi,Residential,2018-02-08,277.3
CUS-000333,Linda Smith,Lahore,Residential,2014-02-22,278.0
CUS-000334,Dana Martinez,Karachi,Residential,2014-06-16,176.6
CUS-000335,Andrea Hubbard,Multan,Residential,2025-01-24,195.2
CUS-000336,Daniel Kane,Peshawar,Commercial,2017-02-09,527.1
CUS-000337,Charles Lester,Karachi,Residential,2025-01-27,149.6
CUS-000338,Scott Thomas,Faisalabad,Residential,2026-05-15,242.8
CUS-000339,David Thompson,Karachi,Commercial,2025-07-16,923.4
CUS-000340,Allison Smith,Islamabad,Residential,2024-07-21,138.2
CUS-000341,Cynthia Morris,Rawalpindi,Residential,2015-06-25,194.6
CUS-000342,Anthony Harmon,Rawalpindi,Residential,2023-04-26,165.4
CUS-000343,Nichole Alvarez,Multan,Residential,2013-04-04,231.8
CUS-000344,Kayla Rodriguez,Faisalabad,Residential,2025-09-25,156.7
CUS-000345,Theresa Williams,Rawalpindi,Residential,2012-09-21,64.4
CUS-000346,Sharon Boyd,Peshawar,Industrial,2016-07-08,7780.1
CUS-000347,Victor Brown,Peshawar,Residential,2020-09-29,161.8
CUS-000348,James Parks,Faisalabad,Residential,2023-09-23,168.0
CUS-000349,Theodore Jones Jr.,Peshawar,Residential,2015-08-19,206.1
CUS-000350,Ana Hill,Lahore,Commercial,2014-02-23,869.2
CUS-000351,Kimberly Nguyen,Faisalabad,Commercial,2013-08-29,1062.2
CUS-000352,Kerry Chavez DDS,Multan,Residential,2018-06-24,82.2
CUS-000353,Michael Farrell,Peshawar,Residential,2013-06-28,213.4
CUS-000354,Patricia Le,Islamabad,Residential,2024-06-18,65.5
CUS-000355,Jesse Perez,Islamabad,Residential,2022-11-03,226.2
CUS-000356,Jesse Perry,Karachi,Residential,2024-11-06,247.1
CUS-000357,Jeffery Ortega,Karachi,Residential,2026-01-05,97.9
CUS-000358,Christian Leblanc,Multan,Residential,2017-10-09,199.7
CUS-000359,Ronald Davis,Faisalabad,Commercial,2018-04-09,1097.4
CUS-000360,Parker Cain,Karachi,Residential,2013-06-06,153.1
CUS-000361,Laurie Hoffman,Karachi,Industrial,2019-06-23,4262.5
CUS-000362,Bryan Gomez,Islamabad,Residential,2020-03-23,15.0
CUS-000363,Nicole Parrish,Karachi,Residential,2021-06-21,245.9
CUS-000364,Tracy Burke,Islamabad,Residential,2026-03-04,181.8
CUS-000365,Kenneth Lewis,Peshawar,Residential,2016-05-29,164.5
CUS-000366,Courtney Rodriguez,Peshawar,Residential,2022-07-05,239.0
CUS-000367,Holly Farmer,Multan,Residential,2014-12-22,283.8
CUS-000368,Renee Bruce,Lahore,Residential,2015-07-17,209.1
CUS-000369,Sabrina Austin,Karachi,Residential,2016-01-10,276.5
CUS-000370,Allison Hickman,Peshawar,Commercial,2012-11-03,546.8
CUS-000371,Debra White,Peshawar,Residential,2019-12-09,220.0
CUS-000372,Ellen Morgan,Faisalabad,Residential,2024-08-17,172.1
CUS-000373,Sergio Knight,Multan,Residential,2021-06-11,132.7
CUS-000374,Charles Schultz,Rawalpindi,Commercial,2022-07-29,1093.9
CUS-000375,Paul Lewis,Rawalpindi,Residential,2014-09-04,216.7
CUS-000376,Glen Wood,Multan,Residential,2012-10-08,232.5
CUS-000377,Paula Bradley,Islamabad,Residential,2026-02-07,260.5
CUS-000378,Anthony Moore,Lahore,Residential,2012-07-03,250.6
CUS-000379,Megan Nelson,Faisalabad,Industrial,2011-10-20,6034.0
CUS-000380,Karla Ramos,Faisalabad,Residential,2014-10-30,257.4
CUS-000381,Paul Wilson,Multan,Residential,2023-10-26,263.8
CUS-000382,Douglas Gregory,Rawalpindi,Residential,2014-05-29,164.4
CUS-000383,Mr. Andrew Foster,Lahore,Residential,2013-03-01,181.7
CUS-000384,Aimee Turner,Peshawar,Industrial,2014-09-19,4627.5
CUS-000385,Chad Scott,Multan,Residential,2020-05-31,268.9
CUS-000386,Adam Burgess,Islamabad,Residential,2019-06-24,89.3
CUS-000387,James Padilla,Lahore,Residential,2024-05-30,212.1
CUS-000388,Sandra Drake,Rawalpindi,Residential,2022-12-13,144.2
CUS-000389,Scott Williams,Peshawar,Commercial,2016-04-04,778.2
CUS-000390,Thomas Atkins,Multan,Residential,2018-05-18,67.5
CUS-000391,Laura Mckinney,Faisalabad,Residential,2013-11-26,167.1
CUS-000392,Brian Smith,Karachi,Commercial,2019-02-18,474.7
CUS-000393,Robert Montgomery,Faisalabad,Residential,2025-03-30,183.4
CUS-000394,Tamara Davis,Faisalabad,Residential,2014-11-14,286.2
CUS-000395,Dana Chapman,Peshawar,Residential,2017-01-11,192.0
CUS-000396,Jennifer Collins,Rawalpindi,Industrial,2026-02-25,8062.9
CUS-000397,Gary Jackson,Multan,Residential,2024-07-20,121.1
CUS-000398,Ashley Hicks,Rawalpindi,Residential,2019-04-07,103.1
CUS-000399,Hannah Luna,Karachi,Residential,2023-03-30,118.4
CUS-000400,Robin Young,Faisalabad,Residential,2014-05-30,176.1
CUS-000401,Craig Morrison,Peshawar,Residential,2015-10-01,343.4
CUS-000402,Mary Thompson,Lahore,Residential,2014-01-20,80.3
CUS-000403,Kathleen Webster,Lahore,Residential,2016-03-09,217.2
CUS-000404,Joann Glass,Peshawar,Residential,2024-07-31,138.0
CUS-000405,Madison Weber,Lahore,Residential,2021-04-12,166.6
CUS-000406,Lori Hernandez,Faisalabad,Commercial,2013-10-20,726.3
CUS-000407,Jeremy Turner,Multan,Industrial,2024-09-04,1820.5
CUS-000408,Anthony Romero,Peshawar,Residential,2022-09-20,177.4
CUS-000409,Jesse Brown,Peshawar,Residential,2015-03-12,245.2
CUS-000410,Angela Lin,Rawalpindi,Residential,2024-12-10,190.5
CUS-000411,Lisa Hunter,Islamabad,Residential,2014-05-25,64.1
CUS-000412,Julian Conner,Rawalpindi,Commercial,2012-01-12,1059.7
CUS-000413,Joanna Pacheco,Lahore,Residential,2021-06-24,59.2
CUS-000414,Erica Alvarez,Islamabad,Residential,2018-05-11,67.8
CUS-000415,Antonio Garcia,Peshawar,Commercial,2015-07-27,1245.9
CUS-000416,Gwendolyn Klein,Lahore,Residential,2025-06-07,125.8
CUS-000417,Carrie Wright,Karachi,Residential,2012-11-10,263.8
CUS-000418,Jeffrey Mills,Lahore,Residential,2018-01-16,169.7
CUS-000419,Jake Campbell,Islamabad,Residential,2013-11-07,254.8
CUS-000420,George Harper,Islamabad,Residential,2019-02-05,145.9
CUS-000421,Maria Jones,Peshawar,Commercial,2019-03-08,1163.8
CUS-000422,Michael Mitchell,Multan,Commercial,2012-05-25,1499.9
CUS-000423,Mary Escobar,Karachi,Residential,2015-09-03,221.8
CUS-000424,Felicia Aguilar,Peshawar,Industrial,2013-01-23,15.0
CUS-000425,Gregory Ponce,Karachi,Residential,2021-04-13,157.3
CUS-000426,Jenna Larson,Karachi,Commercial,2022-07-11,1095.9
CUS-000427,Emily Bennett,Peshawar,Residential,2017-11-28,80.9
CUS-000428,Robin Santiago,Faisalabad,Commercial,2015-12-29,971.7
CUS-000429,Nancy Jennings,Lahore,Commercial,2017-08-12,1311.0
CUS-000430,Maria Henderson,Rawalpindi,Residential,2020-06-19,214.8
CUS-000431,Jack White,Karachi,Industrial,2019-07-04,5480.7
CUS-000432,Travis Tucker,Faisalabad,Commercial,2018-12-20,827.0
CUS-000433,Chad Jones,Islamabad,Commercial,2018-01-27,710.6
CUS-000434,Ashley Wise,Peshawar,Residential,2021-10-07,146.3
CUS-000435,Sophia Johnson,Multan,Commercial,2021-03-31,869.8
CUS-000436,Ralph Anderson,Faisalabad,Commercial,2025-11-29,1093.0
CUS-000437,Christopher Guerra,Lahore,Residential,2014-11-18,73.6
CUS-000438,Rhonda Martin,Faisalabad,Industrial,2012-05-25,5063.3
CUS-000439,Jason Rhodes,Karachi,Residential,2012-02-20,138.3
CUS-000440,Jeremy Mitchell,Multan,Residential,2015-07-30,204.7
CUS-000441,Joann Ferguson,Faisalabad,Residential,2012-08-02,211.6
CUS-000442,Robert Harrison,Lahore,Residential,2013-02-10,186.1
CUS-000443,Holly Valentine,Faisalabad,Residential,2014-12-26,31.3
CUS-000444,Mrs. Diane Reyes,Peshawar,Residential,2020-11-09,80.9
CUS-000445,Tracy Montoya,Multan,Industrial,2022-04-14,5004.9
CUS-000446,Brenda Wright,Islamabad,Residential,2017-06-14,149.9
CUS-000447,Shelly Spencer,Karachi,Residential,2013-02-12,180.3
CUS-000448,Ryan Rosales,Karachi,Residential,2022-07-22,151.8
CUS-000449,Phillip Nelson,Multan,Residential,2024-09-22,271.9
CUS-000450,Brittany Kim,Lahore,Industrial,2015-08-10,3568.3
CUS-000451,Courtney Hayes,Peshawar,Residential,2014-09-03,198.2
CUS-000452,Alexander Brown,Faisalabad,Commercial,2023-04-30,728.2
CUS-000453,Cynthia Vang,Faisalabad,Residential,2016-10-16,222.1
CUS-000454,Alfred Galvan,Rawalpindi,Residential,2015-11-26,227.2
CUS-000455,Marie Moody,Karachi,Residential,2020-07-02,235.9
CUS-000456,Dustin Gallegos,Faisalabad,Residential,2022-07-21,143.8
CUS-000457,Brenda Thornton,Islamabad,Residential,2013-01-04,113.9
CUS-000458,Aaron Miller,Karachi,Residential,2019-02-11,57.9
CUS-000459,Ruben Dunn,Karachi,Residential,2022-01-20,158.2
CUS-000460,Kelsey Rodriguez,Rawalpindi,Commercial,2018-09-19,647.7
CUS-000461,Eric Williams,Rawalpindi,Residential,2016-02-28,249.7
CUS-000462,Riley Bryant,Peshawar,Residential,2025-02-17,162.7
CUS-000463,Taylor Carlson,Faisalabad,Residential,2015-03-02,118.2
CUS-000464,Jose Allen,Faisalabad,Residential,2016-04-22,108.7
CUS-000465,Jeffrey Mendez,Karachi,Commercial,2012-08-22,1317.3
CUS-000466,Jason Beck,Karachi,Residential,2014-05-26,178.7
CUS-000467,William Jones,Lahore,Residential,2025-01-11,133.1
CUS-000468,Katie Mcneil,Lahore,Industrial,2013-09-20,5022.5
CUS-000469,Jeanette Harrison,Faisalabad,Residential,2011-10-18,293.8
CUS-000470,Veronica King,Multan,Residential,2018-09-08,156.6
CUS-000471,Richard Cooper,Multan,Residential,2016-08-03,221.2
CUS-000472,Lori Ingram,Islamabad,Residential,2014-04-03,251.2
CUS-000473,Evelyn Williams,Faisalabad,Commercial,2015-07-17,604.1
CUS-000474,Robin Thompson,Faisalabad,Commercial,2012-10-02,654.8
CUS-000475,Julie Dominguez,Faisalabad,Industrial,2021-09-26,6635.4
CUS-000476,Robin Brown,Islamabad,Residential,2024-05-01,138.0
CUS-000477,Judith Carter,Lahore,Residential,2020-06-19,204.9
CUS-000478,Curtis Williams,Multan,Commercial,2026-01-26,1002.3
CUS-000479,Kaylee Hays,Faisalabad,Residential,2020-04-21,153.3
CUS-000480,Dawn Mullins,Islamabad,Residential,2018-11-21,146.0
CUS-000481,Howard Norman,Karachi,Residential,2015-04-19,218.2
CUS-000482,Evelyn Martinez,Multan,Residential,2013-03-28,192.1
CUS-000483,Steve Paul,Rawalpindi,Residential,2023-10-28,185.9
CUS-000484,Jasmine Beltran,Multan,Commercial,2020-01-26,707.4
CUS-000485,Jonathan Glass MD,Karachi,Commercial,2026-05-19,395.3
CUS-000486,Monica Miller,Lahore,Residential,2024-01-25,61.1
CUS-000487,Samantha Gardner,Peshawar,Residential,2019-06-11,153.4
CUS-000488,Bobby Guerrero,Peshawar,Residential,2014-02-06,325.6
CUS-000489,Lance Simmons,Lahore,Commercial,2013-10-16,450.7
CUS-000490,Heather Williams,Karachi,Residential,2013-01-02,305.3
CUS-000491,Heather Bolton,Islamabad,Residential,2016-02-24,154.4
CUS-000492,William Gould,Multan,Residential,2022-08-03,166.0
CUS-000493,Mark Cox,Multan,Residential,2018-05-11,231.8
CUS-000494,Meghan Cisneros,Islamabad,Residential,2022-07-27,174.6
CUS-000495,Lawrence Harrington,Peshawar,Commercial,2026-05-16,945.5
CUS-000496,Austin Osborne,Faisalabad,Residential,2015-06-12,274.5
CUS-000497,James Bradley,Faisalabad,Residential,2018-11-11,225.5
CUS-000498,Meghan Rush,Lahore,Residential,2017-01-15,188.5
CUS-000499,Phillip Berry,Faisalabad,Residential,2011-10-22,280.4
CUS-000500,Jennifer Banks,Lahore,Commercial,2016-11-12,831.5
CUS-000501,Brian Fitzgerald,Faisalabad,Residential,2022-03-14,136.0
CUS-000502,Mr. Justin Green III,Rawalpindi,Commercial,2024-11-26,895.7
CUS-000503,Zachary Mitchell,Peshawar,Residential,2023-02-28,218.5
CUS-000504,Katherine Martinez,Lahore,Residential,2024-05-22,167.2
CUS-000505,Jodi Roach,Rawalpindi,Residential,2025-01-23,58.8
CUS-000506,Brandon Fleming,Islamabad,Residential,2020-06-29,97.3
CUS-000507,Emma Reed,Peshawar,Residential,2013-04-15,282.0
CUS-000508,Joshua Vance,Peshawar,Commercial,2021-11-01,947.8
CUS-000509,Michelle Ho,Lahore,Residential,2022-06-21,185.1
CUS-000510,Rebecca Hicks,Lahore,Residential,2011-11-30,73.8
CUS-000511,Curtis Taylor,Karachi,Commercial,2026-03-16,1179.5
CUS-000512,Allison Spencer,Faisalabad,Industrial,2024-05-18,5453.1
CUS-000513,Robert Arnold,Islamabad,Residential,2021-06-10,80.4
CUS-000514,Angelica Parker,Islamabad,Industrial,2013-09-19,3534.2
CUS-000515,Dr. Kelly Hammond DVM,Multan,Residential,2019-01-12,303.6
CUS-000516,William Day,Rawalpindi,Residential,2015-04-02,112.7
CUS-000517,Michael Cooper,Rawalpindi,Commercial,2022-08-29,1020.2
CUS-000518,Penny Bowman,Karachi,Residential,2026-02-15,102.9
CUS-000519,Vincent Reynolds,Multan,Residential,2016-12-19,179.1
CUS-000520,Amy Martinez,Islamabad,Residential,2022-09-17,278.4
CUS-000521,Christopher Morris,Faisalabad,Commercial,2014-07-01,1006.0
CUS-000522,Hannah Everett,Faisalabad,Commercial,2025-11-06,1062.1
CUS-000523,Sarah King,Faisalabad,Residential,2021-02-18,168.3
CUS-000524,Krista Martinez,Faisalabad,Residential,2026-01-03,255.7
CUS-000525,Joseph Shaw,Rawalpindi,Residential,2024-09-09,218.8
CUS-000526,Todd Moore,Islamabad,Residential,2021-09-24,204.2
CUS-000527,Michelle Jacobs,Faisalabad,Residential,2025-01-07,173.1
CUS-000528,Kristy Bryan,Islamabad,Commercial,2018-04-23,584.5
CUS-000529,Angel May,Multan,Residential,2025-11-25,197.3
CUS-000530,Marilyn Wang,Rawalpindi,Residential,2019-06-20,147.5
CUS-000531,Mark Jimenez,Lahore,Residential,2015-07-25,133.5
CUS-000532,Donna Frye,Lahore,Residential,2021-09-26,120.2
CUS-000533,Dr. Michael Evans,Multan,Industrial,2024-11-07,6338.7
CUS-000534,Anthony Gonzales,Rawalpindi,Residential,2017-06-09,168.7
CUS-000535,Mr. Lawrence Edwards,Karachi,Residential,2017-10-30,158.8
CUS-000536,Morgan Valencia,Peshawar,Residential,2026-06-07,142.8
CUS-000537,Bianca Wood,Multan,Residential,2016-03-21,138.3
CUS-000538,Emma Owens,Islamabad,Residential,2012-03-20,197.5
CUS-000539,David Davis,Multan,Residential,2019-05-13,262.7
CUS-000540,James Gilbert,Peshawar,Residential,2016-09-22,179.3
CUS-000541,Sean Moore,Multan,Residential,2020-09-27,175.4
CUS-000542,Kenneth Edwards,Rawalpindi,Residential,2018-01-26,123.9
CUS-000543,Kathleen Robertson,Islamabad,Residential,2018-05-24,166.6
CUS-000544,Mr. Alexander Landry MD,Peshawar,Industrial,2026-01-18,1612.9
CUS-000545,Cindy Gomez,Faisalabad,Residential,2023-06-05,242.2
CUS-000546,Johnny Khan,Lahore,Residential,2015-11-28,238.1
CUS-000547,Julie Herrera,Karachi,Residential,2026-01-25,236.2
CUS-000548,Jessica Khan,Multan,Residential,2019-01-18,206.2
CUS-000549,Pamela Diaz,Multan,Commercial,2021-10-31,1083.8
CUS-000550,Kelly Lee,Peshawar,Residential,2018-07-24,194.7
CUS-000551,Angel Gordon,Karachi,Residential,2013-11-05,155.0
CUS-000552,Diana Hays,Multan,Residential,2026-01-10,185.0
CUS-000553,Barbara Hester,Lahore,Residential,2020-11-29,192.9
CUS-000554,Robert Morgan,Peshawar,Commercial,2021-07-07,881.1
CUS-000555,Nicole Gonzalez,Rawalpindi,Residential,2016-02-19,186.0
CUS-000556,Kathryn Williams,Islamabad,Residential,2015-11-27,306.3
CUS-000557,Gary Wells,Lahore,Residential,2023-07-16,107.4
CUS-000558,Larry Robertson,Karachi,Residential,2011-11-02,225.3
CUS-000559,Louis Martin,Karachi,Residential,2012-03-20,177.5
CUS-000560,Nancy Evans MD,Lahore,Commercial,2015-10-30,621.9
CUS-000561,Kim Erickson,Faisalabad,Residential,2020-06-14,131.2
CUS-000562,Robert Richardson,Rawalpindi,Commercial,2012-05-25,825.7
CUS-000563,Veronica Silva,Multan,Residential,2016-03-02,219.2
CUS-000564,Molly Watts,Rawalpindi,Residential,2018-01-09,230.0
CUS-000565,John Coffey,Multan,Residential,2021-06-15,190.2
CUS-000566,Paula Lane,Multan,Commercial,2011-08-13,1245.3
CUS-000567,Lauren Jackson,Karachi,Residential,2015-05-11,176.0
CUS-000568,Lisa Randall,Multan,Residential,2016-10-30,206.0
CUS-000569,Michael Johnson,Lahore,Residential,2015-10-31,59.7
CUS-000570,Ashley Smith,Faisalabad,Residential,2024-06-02,232.4
CUS-000571,Christian Vaughn,Multan,Residential,2021-07-13,325.6
CUS-000572,Reginald Knapp,Lahore,Industrial,2023-01-28,1146.5
CUS-000573,Nancy Brown,Islamabad,Industrial,2013-12-01,4065.9
CUS-000574,Daniel Nguyen,Karachi,Residential,2012-11-20,170.3
CUS-000575,Kelly Edwards,Rawalpindi,Commercial,2015-08-23,1122.2
CUS-000576,Thomas Peterson,Peshawar,Residential,2026-06-18,164.5
CUS-000577,Raymond Le,Rawalpindi,Residential,2014-07-16,232.1
CUS-000578,Melissa Bishop,Rawalpindi,Residential,2020-05-02,169.6
CUS-000579,David Grant,Faisalabad,Residential,2012-10-22,282.9
CUS-000580,William Evans,Peshawar,Industrial,2014-11-14,5248.3
CUS-000581,Daniel Bush,Faisalabad,Residential,2018-08-31,160.2
CUS-000582,Gregory Peck,Karachi,Residential,2016-11-23,175.1
CUS-000583,Denise Martinez,Multan,Residential,2023-09-19,178.7
CUS-000584,Jamie Baird,Islamabad,Residential,2021-02-09,179.5
CUS-000585,Tina Ballard,Rawalpindi,Residential,2017-11-28,123.2
CUS-000586,Dwayne Klein,Faisalabad,Industrial,2026-01-11,9075.8
CUS-000587,Jeremy Scott,Multan,Commercial,2013-01-25,1186.6
CUS-000588,Dale Ryan,Rawalpindi,Commercial,2015-07-03,506.7
CUS-000589,Melissa Taylor,Karachi,Residential,2016-02-10,244.4
CUS-000590,Laurie Sanchez,Karachi,Residential,2016-03-29,175.8
CUS-000591,Kiara Little,Lahore,Residential,2020-01-07,293.5
CUS-000592,Jason Love,Karachi,Residential,2021-09-25,178.7
CUS-000593,Randy Smith,Karachi,Residential,2016-06-01,231.8
CUS-000594,Tanya Russell,Rawalpindi,Commercial,2020-03-25,1494.5
CUS-000595,Sherry Woods,Islamabad,Residential,2021-10-19,166.2
CUS-000596,Victor Morris,Faisalabad,Residential,2014-08-01,170.7
CUS-000597,Susan Davis,Rawalpindi,Residential,2013-08-18,176.1
CUS-000598,Kimberly Sharp,Faisalabad,Residential,2019-11-16,100.5
CUS-000599,Susan Thompson,Multan,Residential,2016-02-05,222.2
CUS-000600,Casey Gillespie,Faisalabad,Industrial,2012-11-18,4173.3
CUS-000601,Jennifer Simpson DVM,Karachi,Residential,2020-01-22,135.4
CUS-000602,Tammy Mcdowell,Lahore,Commercial,2020-12-23,616.5
CUS-000603,Keith Rodriguez,Islamabad,Residential,2019-10-01,133.9
CUS-000604,Mrs. Virginia Daniels,Lahore,Residential,2017-03-19,209.7
CUS-000605,Todd Rosales MD,Peshawar,Residential,2024-09-02,144.2
CUS-000606,Brian Martin,Lahore,Commercial,2018-02-14,1082.2
CUS-000607,David Lopez,Lahore,Commercial,2013-09-03,577.9
CUS-000608,Rachel Bradley,Multan,Residential,2018-03-13,298.8
CUS-000609,Casey Chase,Karachi,Residential,2016-04-11,184.4
CUS-000610,Samantha Robertson,Multan,Residential,2025-07-21,249.0
CUS-000611,Michael Lopez,Karachi,Residential,2022-03-27,209.6
CUS-000612,Franklin Wright,Multan,Industrial,2018-08-05,2860.3
CUS-000613,David Molina,Karachi,Residential,2017-12-26,174.4
CUS-000614,Elizabeth Sharp,Faisalabad,Residential,2017-11-17,136.5
CUS-000615,Matthew Schwartz,Karachi,Residential,2017-09-22,153.0
CUS-000616,Bryan Parker,Karachi,Residential,2012-01-07,119.5
CUS-000617,Jonathan Jacobson,Lahore,Residential,2019-12-11,113.0
CUS-000618,Emily Wilson,Peshawar,Residential,2025-11-21,305.2
CUS-000619,Elizabeth Mendez,Karachi,Residential,2017-11-19,196.7
CUS-000620,Casey Hernandez,Peshawar,Residential,2022-11-18,267.9
CUS-000621,Lisa Perry,Peshawar,Residential,2020-10-13,132.4
CUS-000622,Kaitlin Medina,Rawalpindi,Commercial,2016-02-12,935.5
CUS-000623,Colleen Wright,Rawalpindi,Residential,2015-03-24,121.3
CUS-000624,Shelley Miller,Islamabad,Residential,2019-04-01,154.7
CUS-000625,Michael Miller,Faisalabad,Residential,2013-07-03,182.2
CUS-000626,Amy Kelley,Multan,Residential,2019-09-17,170.9
CUS-000627,Laura Hernandez,Rawalpindi,Residential,2020-01-16,133.6
CUS-000628,Joseph Wilson,Karachi,Residential,2015-12-25,185.3
CUS-000629,Kevin Davis,Peshawar,Residential,2022-11-15,190.5
CUS-000630,Rhonda Chavez,Multan,Industrial,2017-06-18,3698.2
CUS-000631,Joyce Brown,Islamabad,Residential,2017-08-13,268.2
CUS-000632,Robert Cummings,Rawalpindi,Residential,2011-09-11,158.2
CUS-000633,Robert Reese,Lahore,Residential,2023-08-26,252.9
CUS-000634,Amber Cooper,Faisalabad,Residential,2024-08-28,184.0
CUS-000635,Zachary Michael,Multan,Residential,2018-06-21,88.4
CUS-000636,Timothy Johnson,Islamabad,Commercial,2012-06-01,766.5
CUS-000637,Randy Cannon,Karachi,Residential,2012-06-03,316.4
CUS-000638,Maria Fisher,Multan,Residential,2023-12-27,217.1
CUS-000639,Janet Kane DVM,Peshawar,Residential,2021-04-20,185.4
CUS-000640,Michael Stanley,Karachi,Residential,2016-07-31,163.7
CUS-000641,Martha Bailey,Karachi,Residential,2013-01-21,152.2
CUS-000642,Joshua Rice,Multan,Residential,2015-12-10,252.6
CUS-000643,Courtney Smith,Lahore,Residential,2018-10-15,179.0
CUS-000644,Edwin Nunez,Lahore,Residential,2016-07-19,280.4
CUS-000645,Kim Morrow,Multan,Residential,2012-07-06,182.1
CUS-000646,Gregory Hill,Multan,Industrial,2022-08-26,7442.3
CUS-000647,Molly Rodriguez,Multan,Residential,2021-08-31,143.9
CUS-000648,Jennifer Miranda,Faisalabad,Commercial,2022-08-20,711.5
CUS-000649,Alexis Harris,Faisalabad,Commercial,2012-05-24,839.9
CUS-000650,Andrew Harper,Peshawar,Residential,2014-08-31,102.3
CUS-000651,Amber Yang,Rawalpindi,Residential,2013-10-03,130.9
CUS-000652,David Robinson,Karachi,Residential,2022-08-26,259.5
CUS-000653,Amy Gordon,Multan,Residential,2018-12-29,122.7
CUS-000654,Robert Dennis,Faisalabad,Residential,2014-12-10,231.8
CUS-000655,Kyle Chambers,Rawalpindi,Commercial,2021-09-07,1043.7
CUS-000656,Eric Thomas,Peshawar,Industrial,2024-04-26,6996.9
CUS-000657,Connie Turner,Karachi,Residential,2016-02-04,103.8
CUS-000658,Travis Hobbs,Rawalpindi,Residential,2016-03-30,127.4
CUS-000659,Lori Simmons,Karachi,Residential,2026-05-12,220.8
CUS-000660,William David DDS,Lahore,Commercial,2011-09-14,836.9
CUS-000661,Emma Butler,Multan,Residential,2018-11-03,233.7
CUS-000662,James Webster,Lahore,Residential,2021-11-12,103.3
CUS-000663,Samuel Turner,Islamabad,Residential,2013-04-26,162.8
CUS-000664,Renee Melendez,Peshawar,Residential,2011-08-10,143.0
CUS-000665,Tracy Grant,Multan,Commercial,2020-08-12,762.3
CUS-000666,David Harris,Rawalpindi,Residential,2013-05-30,215.8
CUS-000667,Tammy Boone,Karachi,Residential,2013-01-18,236.6
CUS-000668,Nathaniel Lee,Faisalabad,Industrial,2014-08-27,4751.4
CUS-000669,Michael Morrison,Islamabad,Residential,2018-09-03,271.4
CUS-000670,Chelsea Gill,Peshawar,Residential,2024-01-11,132.9
CUS-000671,Kristin Mendoza,Peshawar,Residential,2018-03-24,269.9
CUS-000672,Felicia Krueger,Peshawar,Residential,2012-06-08,213.7
CUS-000673,Timothy Hayden,Rawalpindi,Residential,2013-06-03,106.6
CUS-000674,Zachary Mendoza,Multan,Residential,2017-08-22,298.9
CUS-000675,Larry Harris,Lahore,Residential,2026-04-07,153.3
CUS-000676,Kristen Rowe,Islamabad,Residential,2023-11-04,252.3
CUS-000677,Joseph Howard,Rawalpindi,Commercial,2024-02-29,997.8
CUS-000678,Jose Crawford,Karachi,Commercial,2019-10-06,1272.7
CUS-000679,William Harrison,Rawalpindi,Residential,2023-11-12,234.1
CUS-000680,Suzanne Wood,Karachi,Residential,2021-10-08,230.8
CUS-000681,Justin Walker,Karachi,Residential,2024-06-04,159.5
CUS-000682,Dean Donovan,Peshawar,Residential,2020-10-23,211.9
CUS-000683,Jennifer Hernandez,Rawalpindi,Commercial,2018-01-20,1275.2
CUS-000684,James Whitaker,Lahore,Residential,2021-02-04,192.8
CUS-000685,Mr. Michael Scott PhD,Karachi,Residential,2014-05-13,167.8
CUS-000686,Maria Henry,Faisalabad,Residential,2023-10-26,192.7
CUS-000687,Robert Jackson,Peshawar,Residential,2021-05-31,298.1
CUS-000688,Katherine Stark,Lahore,Residential,2014-02-25,162.3
CUS-000689,Maria Brown,Rawalpindi,Residential,2022-09-02,252.4
CUS-000690,Ryan Landry,Lahore,Industrial,2019-10-05,3128.8
CUS-000691,Pamela Gutierrez,Rawalpindi,Commercial,2018-09-16,695.5
CUS-000692,Crystal Mann,Karachi,Residential,2015-12-07,376.6
CUS-000693,Jonathan Brooks,Islamabad,Residential,2021-07-25,212.4
CUS-000694,Mary Jensen,Islamabad,Commercial,2025-11-30,811.5
CUS-000695,Mr. Aaron Arnold,Multan,Residential,2018-12-17,215.7
CUS-000696,Joseph Hill,Multan,Residential,2021-07-26,264.4
CUS-000697,Alicia Li,Karachi,Residential,2017-06-10,204.5
CUS-000698,Renee Browning,Lahore,Commercial,2022-01-05,1254.3
CUS-000699,Brent Hernandez,Rawalpindi,Residential,2013-03-16,116.5
CUS-000700,Joseph Ochoa,Islamabad,Residential,2017-10-28,239.0
CUS-000701,James Watson,Rawalpindi,Commercial,2017-12-10,1393.0
CUS-000702,Karl Branch,Karachi,Commercial,2012-01-09,846.8
CUS-000703,Michael Abbott,Lahore,Commercial,2018-06-04,958.0
CUS-000704,Shannon Malone,Faisalabad,Residential,2020-01-09,217.8
CUS-000705,James Tran,Rawalpindi,Residential,2011-10-09,45.5
CUS-000706,Adam Jackson,Lahore,Residential,2016-02-14,163.4
CUS-000707,Mr. Richard Knight PhD,Faisalabad,Commercial,2021-03-25,1124.5
CUS-000708,Joseph Williams,Islamabad,Residential,2024-12-06,218.0
CUS-000709,Sean Clay,Rawalpindi,Residential,2020-11-07,184.2
CUS-000710,Anthony Jones,Peshawar,Commercial,2012-03-29,685.1
CUS-000711,Stephanie Elliott,Islamabad,Residential,2025-02-19,266.1
CUS-000712,Timothy Edwards,Lahore,Residential,2025-12-20,126.2
CUS-000713,Laurie Goodwin,Karachi,Residential,2018-08-02,15.0
CUS-000714,Jennifer Jones,Peshawar,Residential,2022-05-23,210.8
CUS-000715,David Davenport,Multan,Residential,2015-09-26,74.0
CUS-000716,Steven Rivera,Rawalpindi,Residential,2026-04-02,128.1
CUS-000717,Brenda Hinton,Multan,Residential,2016-12-10,149.0
CUS-000718,Kathryn Mccann,Islamabad,Residential,2024-05-16,94.6
CUS-000719,Jeffrey Roberson,Rawalpindi,Residential,2019-02-10,150.4
CUS-000720,Randy Friedman,Rawalpindi,Residential,2016-10-22,95.7
CUS-000721,Raymond Johnson,Peshawar,Commercial,2022-02-21,429.1
CUS-000722,Willie Henry,Peshawar,Residential,2017-06-07,106.3
CUS-000723,Todd Reynolds,Peshawar,Residential,2012-07-17,181.8
CUS-000724,Mary Miller,Peshawar,Commercial,2021-05-23,642.1
CUS-000725,Rebecca Marquez,Karachi,Residential,2016-11-08,226.9
CUS-000726,Christian Dawson,Lahore,Industrial,2022-05-02,6841.6
CUS-000727,Nancy Stewart,Peshawar,Commercial,2016-08-31,628.9
CUS-000728,Aaron Parker,Islamabad,Residential,2022-04-11,189.6
CUS-000729,Derrick Anderson,Rawalpindi,Industrial,2023-05-05,3618.7
CUS-000730,Jerry Peters,Multan,Residential,2015-10-04,192.1
CUS-000731,Alexander Gomez,Peshawar,Residential,2022-12-25,77.1
CUS-000732,Kyle Nguyen,Islamabad,Residential,2016-02-15,228.4
CUS-000733,Edgar Hughes,Karachi,Residential,2017-06-25,182.0
CUS-000734,Steven Stein,Islamabad,Commercial,2025-04-10,318.5
CUS-000735,Laura Jackson,Multan,Residential,2021-03-25,258.4
CUS-000736,Charles Turner,Multan,Residential,2017-03-22,214.0
CUS-000737,Arthur Hamilton MD,Islamabad,Residential,2018-08-23,172.6
CUS-000738,Mr. David Wright,Karachi,Residential,2021-06-08,136.2
CUS-000739,Linda Gonzalez,Multan,Residential,2020-03-13,236.5
CUS-000740,Eric Rush,Karachi,Residential,2025-06-10,166.2
CUS-000741,Manuel Brock,Rawalpindi,Commercial,2023-03-05,876.5
CUS-000742,George Ochoa,Peshawar,Residential,2019-06-12,204.0
CUS-000743,Valerie Taylor,Multan,Commercial,2013-07-15,884.2
CUS-000744,Travis Harris,Islamabad,Residential,2016-06-09,215.7
CUS-000745,Vincent Novak,Lahore,Commercial,2025-11-08,1100.9
CUS-000746,Michael Henry,Lahore,Residential,2016-10-18,118.7
CUS-000747,Dana Bennett,Faisalabad,Residential,2020-10-25,116.6
CUS-000748,Jenna Wilson,Rawalpindi,Residential,2017-08-18,242.8
CUS-000749,Leslie Gardner,Lahore,Commercial,2012-04-10,703.1
CUS-000750,Krista Benton,Rawalpindi,Residential,2024-04-25,130.7
CUS-000751,Michael Gonzales,Peshawar,Industrial,2013-12-24,3559.8
CUS-000752,Michael Fuentes,Faisalabad,Residential,2013-01-17,164.9
CUS-000753,Jennifer Porter,Rawalpindi,Residential,2013-03-10,157.2
CUS-000754,Dana Hopkins,Karachi,Residential,2025-07-17,152.0
CUS-000755,Rachel Jones,Karachi,Industrial,2018-09-17,4244.5
CUS-000756,Karen Morales DDS,Faisalabad,Residential,2022-12-10,122.0
CUS-000757,Melissa Stephens,Karachi,Commercial,2026-03-31,1217.3
CUS-000758,Heather Woodard,Multan,Commercial,2023-09-01,1089.6
CUS-000759,Margaret Miller,Karachi,Residential,2022-07-15,66.0
CUS-000760,Mary Kelly,Karachi,Residential,2015-02-19,119.5
CUS-000761,Amanda Terrell,Karachi,Residential,2025-01-10,201.6
CUS-000762,Jennifer Goodwin,Karachi,Residential,2014-03-15,200.4
CUS-000763,Jessica Smith,Multan,Commercial,2024-12-02,765.3
CUS-000764,Jorge Stone,Karachi,Residential,2022-11-18,138.6
CUS-000765,Laura Griffin,Karachi,Residential,2017-11-14,95.9
CUS-000766,Raymond Chapman,Peshawar,Commercial,2012-07-25,1101.7
CUS-000767,Haley Johnson,Multan,Residential,2020-09-25,230.3
CUS-000768,Jason Nixon,Karachi,Residential,2013-04-24,257.3
CUS-000769,Todd Thomas,Rawalpindi,Residential,2024-03-28,113.4
CUS-000770,Jesse Clark,Faisalabad,Residential,2012-09-10,261.9
CUS-000771,Mr. Jeffrey Horton,Peshawar,Residential,2022-12-29,176.6
CUS-000772,Eric Patrick,Multan,Commercial,2020-08-26,1181.5
CUS-000773,Samuel Wong,Lahore,Residential,2024-02-23,233.6
CUS-000774,Carly Riggs,Islamabad,Residential,2025-05-20,147.5
CUS-000775,Christopher Moore,Multan,Residential,2016-05-24,50.2
CUS-000776,Tina Hall,Faisalabad,Residential,2022-01-11,222.3
CUS-000777,Cody Davidson,Peshawar,Residential,2017-03-28,200.9
CUS-000778,Allen Mendez,Karachi,Industrial,2026-05-11,5067.6
CUS-000779,Kevin Price,Peshawar,Residential,2020-03-01,217.4
CUS-000780,Christine Goodwin,Islamabad,Residential,2014-08-02,229.6
CUS-000781,Amy Garcia,Islamabad,Residential,2015-05-16,89.3
CUS-000782,Chelsea Nguyen,Multan,Residential,2018-02-18,181.4
CUS-000783,Dennis Huffman,Karachi,Residential,2015-11-15,43.3
CUS-000784,Margaret Harper,Karachi,Residential,2014-08-10,172.6
CUS-000785,Laurie Bailey,Rawalpindi,Residential,2014-01-09,157.6
CUS-000786,Lisa Cervantes,Islamabad,Residential,2023-09-30,209.5
CUS-000787,Elizabeth Mendez,Karachi,Residential,2023-09-02,115.6
CUS-000788,Cesar Wilson,Islamabad,Residential,2014-06-22,154.7
CUS-000789,Clayton Steele,Rawalpindi,Industrial,2020-04-15,7070.2
CUS-000790,Jennifer Taylor,Lahore,Residential,2020-12-28,213.5
CUS-000791,Cody Reid,Islamabad,Residential,2021-07-31,174.7
CUS-000792,Maria Cooke,Rawalpindi,Residential,2014-08-23,185.2
CUS-000793,Katherine Taylor,Rawalpindi,Residential,2023-09-09,90.4
CUS-000794,Jerry Brown,Faisalabad,Residential,2024-12-06,203.9
CUS-000795,Adam Taylor,Rawalpindi,Residential,2016-12-20,279.2
CUS-000796,Tracey Wagner,Peshawar,Residential,2017-09-10,168.9
CUS-000797,Michael Perry PhD,Multan,Residential,2019-10-05,219.0
CUS-000798,Bradley Johnson DDS,Karachi,Residential,2012-09-05,127.8
CUS-000799,Donald Medina,Islamabad,Residential,2014-05-15,175.4
CUS-000800,Jim Newton,Multan,Residential,2022-06-30,88.1
CUS-000801,Krista Wilson,Peshawar,Residential,2025-03-12,227.3
CUS-000802,Reginald Morrow,Islamabad,Residential,2021-03-09,189.6
CUS-000803,Rodney Williams,Multan,Residential,2019-01-03,106.8
CUS-000804,Kimberly Fritz,Peshawar,Residential,2024-01-09,131.9
CUS-000805,Ronald Potter,Karachi,Residential,2020-02-11,183.7
CUS-000806,Zachary Cole,Rawalpindi,Commercial,2018-09-03,958.2
CUS-000807,Robert Gonzales,Multan,Residential,2016-11-09,268.8
CUS-000808,Patricia Young PhD,Multan,Residential,2020-10-31,172.0
CUS-000809,Heather Page,Islamabad,Residential,2019-12-10,98.1
CUS-000810,Carol Taylor,Rawalpindi,Industrial,2013-08-30,5974.0
CUS-000811,Daniel Brown,Faisalabad,Residential,2012-08-09,287.1
CUS-000812,Douglas Ryan,Karachi,Residential,2017-12-25,82.6
CUS-000813,Michael Roberts,Islamabad,Residential,2017-03-20,122.7
CUS-000814,Scott Duke,Lahore,Residential,2012-08-30,216.7
CUS-000815,Anna Estes,Lahore,Residential,2012-10-08,189.2
CUS-000816,Tamara Riddle,Lahore,Residential,2023-04-12,147.3
CUS-000817,Beth Cline,Karachi,Commercial,2016-01-21,939.9
CUS-000818,Michael Poole,Lahore,Industrial,2013-05-13,1074.3
CUS-000819,Megan Burns,Multan,Residential,2015-01-17,174.1
CUS-000820,Debra Perry,Faisalabad,Residential,2020-07-30,168.8
CUS-000821,Mark Beard,Islamabad,Industrial,2016-07-17,15.0
CUS-000822,Jose Ramirez,Faisalabad,Residential,2014-12-12,163.8
CUS-000823,Jackie Clements,Faisalabad,Residential,2025-08-21,248.6
CUS-000824,Aaron Schroeder,Faisalabad,Residential,2025-05-13,301.6
CUS-000825,Monica Ellis,Multan,Residential,2015-05-10,126.4
CUS-000826,Heather Brown,Lahore,Residential,2022-02-05,105.0
CUS-000827,Claudia Jordan,Faisalabad,Residential,2012-08-14,202.3
CUS-000828,Derrick Clayton,Faisalabad,Residential,2024-08-09,102.9
CUS-000829,Kenneth Knight,Islamabad,Residential,2026-01-18,101.8
CUS-000830,Mr. Michael Williams,Multan,Residential,2012-09-20,57.0
CUS-000831,Richard Stevens,Karachi,Residential,2020-03-10,157.1
CUS-000832,Scott Alexander,Rawalpindi,Commercial,2024-05-02,176.0
CUS-000833,Tyler Harris,Multan,Residential,2025-07-04,149.0
CUS-000834,Bonnie Santos,Peshawar,Residential,2019-01-24,263.4
CUS-000835,Timothy Hill,Lahore,Industrial,2017-07-24,6402.0
CUS-000836,Danielle Watson,Peshawar,Commercial,2012-06-13,1050.7
CUS-000837,Carol Sanders,Rawalpindi,Residential,2022-01-04,182.8
CUS-000838,Michael Young,Karachi,Residential,2013-04-05,251.0
CUS-000839,Michele Smith,Multan,Residential,2018-08-19,198.5
CUS-000840,Casey Perez,Karachi,Commercial,2025-04-16,999.8
CUS-000841,Alexandra Dominguez,Rawalpindi,Industrial,2015-07-13,7832.9
CUS-000842,Virginia Henderson,Peshawar,Commercial,2012-01-20,663.1
CUS-000843,Benjamin Reyes,Multan,Residential,2016-08-25,218.2
CUS-000844,Ashley Edwards,Lahore,Residential,2015-07-01,249.2
CUS-000845,Breanna Ayala,Islamabad,Residential,2016-08-05,88.5
CUS-000846,Brandi Haney,Faisalabad,Residential,2023-01-06,179.4
CUS-000847,Joseph Smith,Karachi,Residential,2013-09-06,239.5
CUS-000848,Jessica Bowen,Rawalpindi,Residential,2019-10-08,158.4
CUS-000849,Brittany Jenkins,Multan,Residential,2022-07-21,251.6
CUS-000850,Shannon Miller,Peshawar,Residential,2025-05-23,171.6
CUS-000851,Paul Lawrence,Lahore,Residential,2021-07-02,148.5
CUS-000852,Victor Edwards,Peshawar,Residential,2024-09-15,255.0
CUS-000853,Donald Miller,Lahore,Residential,2015-02-13,124.0
CUS-000854,Lindsay Lawson,Multan,Residential,2012-09-10,136.5
CUS-000855,Melissa Abbott,Islamabad,Commercial,2025-09-30,567.2
CUS-000856,Elizabeth Holmes,Islamabad,Residential,2025-02-04,111.4
CUS-000857,Nicole Phillips,Faisalabad,Industrial,2022-02-04,5356.6
CUS-000858,Steven Blevins,Rawalpindi,Residential,2023-01-10,149.2
CUS-000859,Brian Porter MD,Rawalpindi,Residential,2012-02-18,209.3
CUS-000860,Vanessa Hatfield,Lahore,Residential,2026-03-29,75.9
CUS-000861,Bonnie Valencia,Lahore,Residential,2025-10-11,112.6
CUS-000862,Holly Vega,Lahore,Commercial,2020-07-12,545.6
CUS-000863,Tiffany Townsend,Lahore,Residential,2020-09-28,268.2
CUS-000864,Austin Baker,Faisalabad,Commercial,2012-10-22,456.8
CUS-000865,Antonio Mccormick,Multan,Residential,2019-10-31,144.6
CUS-000866,Lori Mason,Multan,Commercial,2025-09-23,793.4
CUS-000867,Michael Miller,Islamabad,Residential,2015-08-23,141.1
CUS-000868,Lisa Ramirez,Rawalpindi,Commercial,2012-03-24,694.5
CUS-000869,Jorge Harris,Faisalabad,Residential,2012-02-19,38.5
CUS-000870,Kimberly Myers,Rawalpindi,Residential,2019-03-06,107.2
CUS-000871,Sandra Becker,Karachi,Residential,2021-04-22,135.7
CUS-000872,Michael Blair,Rawalpindi,Industrial,2018-01-16,6164.9
CUS-000873,Amy Miller,Rawalpindi,Residential,2016-02-18,176.7
CUS-000874,Jesse Lynch,Peshawar,Residential,2024-04-13,143.3
CUS-000875,Patrick Yang,Peshawar,Commercial,2026-02-05,973.6
CUS-000876,Michael Miles,Faisalabad,Residential,2011-12-04,187.5
CUS-000877,Troy Mills,Karachi,Residential,2012-06-06,157.8
CUS-000878,Michelle Jackson,Lahore,Residential,2023-02-23,218.6
CUS-000879,Richard Adams,Karachi,Residential,2023-09-17,213.7
CUS-000880,Patricia Johnson,Karachi,Commercial,2019-07-29,743.1
CUS-000881,Denise Brown,Islamabad,Commercial,2024-06-09,677.4
CUS-000882,Laura Jones,Multan,Residential,2021-10-11,233.4
CUS-000883,Ian Porter,Rawalpindi,Industrial,2022-08-12,7995.7
CUS-000884,Holly Scott,Islamabad,Residential,2019-11-06,202.3
CUS-000885,Kenneth Sharp,Faisalabad,Residential,2012-05-20,166.0
CUS-000886,Jordan Williams,Multan,Residential,2023-01-11,205.3
CUS-000887,Dana Ruiz,Faisalabad,Residential,2021-12-24,228.5
CUS-000888,Chris Velazquez,Rawalpindi,Residential,2018-01-06,186.9
CUS-000889,Kristen Sloan,Faisalabad,Industrial,2017-12-21,6807.3
CUS-000890,Jennifer Morris,Karachi,Commercial,2013-08-29,602.1
CUS-000891,Nathan Nelson,Rawalpindi,Residential,2018-02-20,99.8
CUS-000892,Jake Shaw,Lahore,Residential,2024-12-27,169.5
CUS-000893,Cassie Brock,Lahore,Residential,2026-04-06,139.4
CUS-000894,Dr. Andrea Marshall,Karachi,Industrial,2017-02-02,5704.1
CUS-000895,Ryan Murphy,Faisalabad,Commercial,2014-06-30,1224.0
CUS-000896,Aimee Gonzalez,Peshawar,Residential,2018-02-12,237.1
CUS-000897,Elizabeth Dean,Lahore,Commercial,2012-06-20,1677.5
CUS-000898,Kevin Snyder,Karachi,Residential,2015-01-25,114.9
CUS-000899,Christie Mccullough,Islamabad,Residential,2020-05-21,158.2
CUS-000900,Danielle Smith,Peshawar,Residential,2014-12-29,141.6
CUS-000901,David Reed,Lahore,Residential,2022-10-03,199.0
CUS-000902,Sherry Tapia,Karachi,Residential,2024-11-09,105.4
CUS-000903,Matthew Sweeney,Karachi,Residential,2023-06-10,237.5
CUS-000904,Ashley Moreno,Islamabad,Residential,2020-01-30,177.4
CUS-000905,Johnathan Brown,Islamabad,Residential,2026-05-22,159.6
CUS-000906,Michelle Davis DVM,Peshawar,Residential,2011-10-30,179.1
CUS-000907,Kelly Haynes,Multan,Residential,2022-05-06,154.9
CUS-000908,William Miller,Lahore,Residential,2023-09-23,58.2
CUS-000909,Casey Wilkins,Karachi,Industrial,2012-09-30,4459.0
CUS-000910,Keith Graham,Peshawar,Residential,2013-06-30,160.8
CUS-000911,Cynthia Green,Faisalabad,Residential,2014-04-20,122.7
CUS-000912,Robert Haynes,Peshawar,Residential,2012-04-04,245.8
CUS-000913,Emily Nelson,Faisalabad,Commercial,2016-10-27,450.9
CUS-000914,Dale Chan,Islamabad,Industrial,2021-05-19,547.8
CUS-000915,Brittney Martin,Karachi,Residential,2015-04-01,230.1
CUS-000916,Jason Herrera,Rawalpindi,Residential,2015-12-20,141.4
CUS-000917,Christine Parker,Multan,Commercial,2020-08-24,489.5
CUS-000918,Bryan Moore,Multan,Residential,2018-09-30,150.3
CUS-000919,Samantha Terry,Islamabad,Residential,2013-06-06,140.0
CUS-000920,Russell Murphy,Faisalabad,Residential,2012-10-01,186.5
CUS-000921,David Kelly,Karachi,Residential,2015-05-04,87.7
CUS-000922,Megan Green,Peshawar,Residential,2019-09-19,218.8
CUS-000923,Amanda Sullivan MD,Multan,Residential,2018-12-27,185.5
CUS-000924,Danielle Murray,Peshawar,Residential,2022-07-29,211.9
CUS-000925,Brenda Smith,Lahore,Industrial,2016-12-06,4787.4
CUS-000926,Vickie Anderson,Rawalpindi,Residential,2025-04-04,194.8
CUS-000927,Jacqueline Mccoy,Islamabad,Commercial,2014-11-22,949.4
CUS-000928,Lauren Green,Faisalabad,Residential,2022-03-30,128.4
CUS-000929,Alison Brown,Multan,Residential,2025-08-25,126.7
CUS-000930,Jill Anderson,Lahore,Residential,2023-03-31,222.7
CUS-000931,Sandra Rivera,Lahore,Industrial,2015-12-21,6299.9
CUS-000932,Joel Jackson,Rawalpindi,Commercial,2021-05-10,1089.2
CUS-000933,Samantha Foster,Islamabad,Residential,2019-06-19,268.5
CUS-000934,Michael Thompson,Islamabad,Commercial,2015-08-06,527.7
CUS-000935,Cody Ramirez,Peshawar,Residential,2022-01-06,272.7
CUS-000936,Amanda Harvey,Islamabad,Industrial,2019-02-12,2693.5
CUS-000937,Edward Jenkins,Lahore,Residential,2012-05-30,112.7
CUS-000938,Amy Ramirez,Peshawar,Commercial,2025-01-14,678.8
CUS-000939,Curtis Wilkerson,Islamabad,Residential,2022-02-17,186.5
CUS-000940,Lydia Pham,Faisalabad,Residential,2020-11-18,180.8
CUS-000941,Virginia Casey,Faisalabad,Residential,2015-10-12,133.9
CUS-000942,Joshua Washington,Rawalpindi,Residential,2014-08-23,186.0
CUS-000943,Kathryn Price,Lahore,Residential,2013-08-26,55.9
CUS-000944,Francis Robinson,Karachi,Residential,2026-03-01,193.1
CUS-000945,Paula Brown,Rawalpindi,Residential,2015-01-17,257.8
CUS-000946,Kendra Wang DVM,Rawalpindi,Residential,2022-09-03,74.1
CUS-000947,Ariel Sandoval,Islamabad,Residential,2014-10-01,155.6
CUS-000948,Robert Stark,Peshawar,Residential,2017-02-28,127.5
CUS-000949,Zachary Robinson,Peshawar,Industrial,2023-10-14,4144.9
CUS-000950,Rebecca Kelly,Faisalabad,Residential,2013-09-21,56.8
CUS-000951,Sarah Thompson,Lahore,Residential,2026-03-12,109.1
CUS-000952,Renee Wolfe,Islamabad,Residential,2022-01-09,165.5
CUS-000953,Alyssa Haynes,Peshawar,Residential,2021-04-20,248.9
CUS-000954,Kristy Hart,Faisalabad,Residential,2018-05-17,88.6
CUS-000955,William Keith,Multan,Residential,2013-04-23,197.7
CUS-000956,Eric Henry Jr.,Karachi,Residential,2019-01-18,193.2
CUS-000957,Daniel Fox,Multan,Industrial,2012-02-09,5058.6
CUS-000958,Thomas Harris,Islamabad,Residential,2015-10-02,214.3
CUS-000959,Mitchell Sellers,Islamabad,Residential,2017-05-03,217.7
CUS-000960,Erica Johnson,Peshawar,Residential,2023-12-12,222.0
CUS-000961,Sylvia Schroeder,Rawalpindi,Residential,2012-11-12,124.5
CUS-000962,Shannon Yu,Islamabad,Commercial,2015-10-08,669.7
CUS-000963,Tom Foster,Rawalpindi,Residential,2020-09-13,247.0
CUS-000964,Eric Taylor,Lahore,Residential,2018-12-30,57.0
CUS-000965,Travis Conner,Faisalabad,Residential,2024-06-23,139.1
CUS-000966,Marie Thompson,Lahore,Residential,2017-05-06,100.2
CUS-000967,Melissa Mcfarland,Peshawar,Residential,2012-04-08,194.1
CUS-000968,Courtney Chapman,Lahore,Commercial,2014-09-04,1294.1
CUS-000969,Eric Barker,Multan,Commercial,2014-05-10,261.6
CUS-000970,Nicholas Rush,Multan,Commercial,2018-01-13,861.4
CUS-000971,Jenna Gamble,Multan,Commercial,2012-05-20,476.9
CUS-000972,Amanda Guzman,Peshawar,Residential,2016-02-27,90.0
CUS-000973,Tracy Walker,Peshawar,Residential,2019-09-07,179.6
CUS-000974,Taylor Taylor,Multan,Commercial,2016-10-17,793.5
CUS-000975,Cynthia Haas,Rawalpindi,Commercial,2011-12-29,592.4
CUS-000976,Stephen Davis,Multan,Commercial,2020-09-08,577.2
CUS-000977,Margaret Tanner,Rawalpindi,Residential,2024-12-05,225.5
CUS-000978,Derek Wright,Lahore,Residential,2025-05-15,287.9
CUS-000979,David Rodriguez,Rawalpindi,Commercial,2025-02-21,281.9
CUS-000980,James Oconnor,Islamabad,Residential,2023-09-11,141.5
CUS-000981,Stacey Snyder,Karachi,Industrial,2020-06-03,3423.5
CUS-000982,Joshua Garcia,Islamabad,Residential,2022-11-26,146.4
CUS-000983,Sean Curtis,Islamabad,Residential,2016-09-09,148.3
CUS-000984,Carla Jones,Peshawar,Residential,2023-12-23,167.9
CUS-000985,Elizabeth Flores,Karachi,Commercial,2018-01-30,990.6
CUS-000986,Angela Jackson,Peshawar,Residential,2017-12-25,222.2
CUS-000987,Nicholas Payne,Rawalpindi,Residential,2022-06-26,228.5
CUS-000988,Anna Wheeler,Multan,Industrial,2022-07-30,5097.1
CUS-000989,Karen Johnson,Faisalabad,Residential,2012-06-16,234.2
CUS-000990,Carmen Preston,Faisalabad,Commercial,2013-03-27,1145.0
CUS-000991,Brian Harris,Faisalabad,Residential,2017-05-24,233.2
CUS-000992,Michael Bowen,Rawalpindi,Commercial,2022-05-14,598.4
CUS-000993,Deborah Campbell,Karachi,Residential,2021-09-20,219.1
CUS-000994,Anthony Armstrong,Lahore,Commercial,2024-05-31,876.7
CUS-000995,Brittany Ward,Rawalpindi,Commercial,2025-08-07,120.0
CUS-000996,Edward Stanley,Islamabad,Residential,2018-07-09,178.8
CUS-000997,Christina Johnson,Karachi,Residential,2020-02-24,121.3
CUS-000998,Edgar Miller,Karachi,Residential,2020-01-31,136.2
CUS-000999,Elizabeth Sanders,Rawalpindi,Residential,2019-05-07,222.2
CUS-001000,Matthew Davis MD,Rawalpindi,Commercial,2014-01-11,1547.9
CUS-001001,Stephen Wood,Peshawar,Residential,2017-04-17,131.3
CUS-001002,Dennis Marshall,Peshawar,Residential,2022-09-23,225.2
CUS-001003,Derrick Brown,Islamabad,Residential,2025-05-26,188.0
CUS-001004,Mary Miller,Karachi,Commercial,2013-07-28,1554.5
CUS-001005,Joshua Arellano,Faisalabad,Industrial,2011-10-31,3223.3
CUS-001006,Kristen Randall,Lahore,Residential,2023-07-14,213.0
CUS-001007,Jennifer Nichols,Lahore,Residential,2025-10-16,140.4
CUS-001008,Karen Keith,Karachi,Residential,2012-11-18,119.0
CUS-001009,Blake Orr,Islamabad,Residential,2015-05-02,149.7
CUS-001010,Kathryn Lester,Faisalabad,Residential,2019-09-14,261.7
CUS-001011,Megan Oliver,Peshawar,Residential,2016-08-22,158.1
CUS-001012,Peter Thompson,Peshawar,Residential,2017-06-29,312.1
CUS-001013,Dr. Rhonda Martinez,Peshawar,Residential,2020-10-15,56.3
CUS-001014,William Graham,Lahore,Residential,2016-12-31,87.2
CUS-001015,Lori Flowers MD,Lahore,Residential,2021-06-10,259.5
CUS-001016,Suzanne Jones,Islamabad,Residential,2023-04-12,274.5
CUS-001017,James Nguyen,Lahore,Commercial,2023-09-11,973.3
CUS-001018,Jimmy Marks,Rawalpindi,Residential,2020-09-03,184.1
CUS-001019,Lisa Mills,Lahore,Residential,2013-06-17,222.7
CUS-001020,Jason Hernandez,Peshawar,Residential,2020-02-01,166.2
CUS-001021,Olivia Ayers,Islamabad,Commercial,2016-05-24,472.0
CUS-001022,Kristine Garcia,Karachi,Industrial,2015-07-21,7589.4
CUS-001023,Joseph Cooper,Karachi,Residential,2014-04-10,91.1
CUS-001024,James Washington,Islamabad,Residential,2018-07-05,159.3
CUS-001025,Amanda Hill,Rawalpindi,Residential,2018-03-03,180.7
CUS-001026,Lee Steele,Karachi,Residential,2018-07-25,186.2
CUS-001027,Steve Rivera,Peshawar,Residential,2026-01-06,76.2
CUS-001028,Patrick Mccall,Karachi,Residential,2018-10-08,225.2
CUS-001029,Alicia Roth,Karachi,Residential,2024-03-14,187.8
CUS-001030,Douglas Vasquez,Peshawar,Residential,2014-11-09,116.7
CUS-001031,Annette Melton,Lahore,Residential,2012-06-24,287.9
CUS-001032,William Ramos,Rawalpindi,Residential,2025-08-11,159.2
CUS-001033,Debra Butler,Faisalabad,Residential,2015-09-24,163.1
CUS-001034,Chelsea Lewis,Peshawar,Residential,2020-09-16,218.5
CUS-001035,Natalie Malone,Peshawar,Residential,2016-04-16,293.0
CUS-001036,Samantha Robertson,Multan,Commercial,2012-07-23,959.3
CUS-001037,Eric Hunter,Islamabad,Residential,2014-04-15,229.6
CUS-001038,Samuel Suarez,Rawalpindi,Residential,2023-01-12,119.9
CUS-001039,Corey Whitaker,Lahore,Commercial,2015-09-22,918.8
CUS-001040,Danielle Bryant,Multan,Residential,2024-07-27,148.1
CUS-001041,Michele Hill,Faisalabad,Residential,2013-07-03,222.2
CUS-001042,Kathy Reid,Peshawar,Residential,2021-01-03,227.8
CUS-001043,Andre Watson,Faisalabad,Commercial,2013-10-18,1336.3
CUS-001044,Cassandra Harrell,Faisalabad,Industrial,2020-10-28,3151.0
CUS-001045,Hannah Martin,Faisalabad,Residential,2012-05-06,142.2
CUS-001046,Nicole Barker,Multan,Residential,2013-04-24,258.0
CUS-001047,James Martin,Lahore,Residential,2012-03-06,95.9
CUS-001048,Traci Vincent,Multan,Residential,2021-10-25,228.3
CUS-001049,Megan Adams,Multan,Residential,2024-06-11,248.0
CUS-001050,Alejandro Deleon,Multan,Residential,2020-04-03,178.3
CUS-001051,Alexa Buck,Peshawar,Residential,2012-03-25,94.7
CUS-001052,Lindsay Smith,Peshawar,Commercial,2022-04-22,944.3
CUS-001053,Robert Torres,Islamabad,Residential,2012-07-06,267.5
CUS-001054,Maria Coleman,Karachi,Residential,2022-04-07,272.3
CUS-001055,Gregory King,Rawalpindi,Residential,2015-06-21,192.5
CUS-001056,Michael Holloway,Islamabad,Commercial,2015-06-12,1022.7
CUS-001057,Brian Hunt,Lahore,Residential,2021-09-22,284.3
CUS-001058,Sarah Brooks,Multan,Residential,2024-05-25,229.3
CUS-001059,Lisa Evans,Peshawar,Residential,2016-11-16,125.3
CUS-001060,Arthur Mcneil,Multan,Residential,2022-04-28,200.6
CUS-001061,Shannon Green,Peshawar,Commercial,2020-07-25,471.1
CUS-001062,Stephanie Evans,Faisalabad,Residential,2016-10-27,141.8
CUS-001063,Ralph Yoder,Rawalpindi,Residential,2012-10-05,200.9
CUS-001064,Rebekah Greene,Islamabad,Residential,2018-03-24,246.4
CUS-001065,Melanie Griffith,Islamabad,Residential,2019-03-25,162.2
CUS-001066,Yolanda Green,Lahore,Commercial,2015-02-21,657.4
CUS-001067,James Johnson,Faisalabad,Residential,2016-06-19,74.7
CUS-001068,Laura Lee,Islamabad,Residential,2017-02-22,313.1
CUS-001069,Courtney Nichols,Islamabad,Residential,2023-11-17,183.4
CUS-001070,Susan Powers,Karachi,Residential,2017-10-23,244.4
CUS-001071,Sarah Pittman,Rawalpindi,Industrial,2021-03-07,6058.3
CUS-001072,Catherine Davis,Multan,Residential,2024-09-02,130.6
CUS-001073,David Stokes,Islamabad,Commercial,2013-09-27,870.8
CUS-001074,Catherine Frazier,Lahore,Commercial,2016-06-23,1105.5
CUS-001075,Brandon Kelly,Multan,Residential,2023-05-13,221.3
CUS-001076,Elizabeth French,Peshawar,Residential,2016-08-08,191.6
CUS-001077,David Carter,Faisalabad,Residential,2017-09-10,168.5
CUS-001078,Julie Delacruz,Faisalabad,Residential,2021-05-01,225.2
CUS-001079,Terry Jones,Islamabad,Residential,2018-08-17,182.3
CUS-001080,Kathryn Dillon,Islamabad,Residential,2026-02-16,216.4
CUS-001081,Edwin Brown,Multan,Residential,2020-11-18,237.7
CUS-001082,Brenda Gonzalez,Peshawar,Residential,2013-12-30,147.0
CUS-001083,Keith Knox,Karachi,Residential,2012-04-09,129.9
CUS-001084,Eugene Baldwin,Rawalpindi,Residential,2025-06-26,76.6
CUS-001085,Katherine Welch,Karachi,Residential,2025-03-17,187.4
CUS-001086,Mark Smith,Lahore,Residential,2011-12-27,207.1
CUS-001087,Philip Jackson,Multan,Commercial,2020-09-09,648.6
CUS-001088,Katherine Gallagher,Islamabad,Residential,2023-08-29,265.2
CUS-001089,Lucas Schultz,Karachi,Commercial,2019-03-24,721.0
CUS-001090,Vincent Reyes,Rawalpindi,Residential,2023-04-03,53.8
CUS-001091,Curtis Watson,Lahore,Residential,2019-03-10,269.7
CUS-001092,Frank Whitaker,Faisalabad,Residential,2020-04-12,61.6
CUS-001093,Michael Sims,Karachi,Residential,2016-09-26,237.9
CUS-001094,Michael Cooper,Islamabad,Residential,2014-10-23,223.3
CUS-001095,James Chapman,Rawalpindi,Residential,2023-12-31,199.2
CUS-001096,Rodney Evans,Islamabad,Residential,2012-02-03,148.6
CUS-001097,Nicholas Carlson,Islamabad,Residential,2022-06-10,210.2
CUS-001098,Stephen Cowan,Lahore,Residential,2017-04-16,242.9
CUS-001099,Steven Howard,Rawalpindi,Commercial,2026-06-29,893.7
CUS-001100,Travis Hull,Peshawar,Residential,2012-10-10,238.6
CUS-001101,Darryl Acosta,Faisalabad,Residential,2012-10-04,235.9
CUS-001102,Nicholas Lawrence,Islamabad,Residential,2025-07-24,197.6
CUS-001103,Jacob Santos,Rawalpindi,Commercial,2014-12-15,504.1
CUS-001104,Shawn Scott,Islamabad,Commercial,2019-02-12,1070.2
CUS-001105,Amber Vang,Karachi,Residential,2020-03-05,210.5
CUS-001106,Martha Smith,Karachi,Commercial,2019-10-14,980.5
CUS-001107,Jennifer James,Rawalpindi,Residential,2017-11-04,158.0
CUS-001108,Kara Hernandez,Faisalabad,Residential,2022-07-17,229.1
CUS-001109,Lorraine Turner,Lahore,Commercial,2024-04-01,1094.8
CUS-001110,Mary Nelson,Peshawar,Commercial,2019-06-24,1319.1
CUS-001111,Breanna Rivas,Karachi,Residential,2012-05-16,159.5
CUS-001112,Nathan Wilson,Lahore,Commercial,2018-08-26,608.5
CUS-001113,Brian Gonzalez,Peshawar,Residential,2019-06-06,311.6
CUS-001114,Dennis Mills,Karachi,Commercial,2018-03-09,1117.9
CUS-001115,Michael Phillips,Peshawar,Residential,2015-08-15,150.0
CUS-001116,Jon Clark,Multan,Residential,2024-01-29,196.8
CUS-001117,Erin Smith,Islamabad,Residential,2015-12-23,239.2
CUS-001118,Susan Conley,Rawalpindi,Residential,2015-03-31,218.8
CUS-001119,Brittany Davis,Karachi,Residential,2015-03-26,318.7
CUS-001120,Misty Garcia,Karachi,Residential,2023-01-21,172.9
CUS-001121,David Hinton,Islamabad,Residential,2017-01-02,127.6
CUS-001122,John Garcia,Karachi,Residential,2018-05-28,166.8
CUS-001123,Andrew Roberts,Karachi,Residential,2022-10-07,160.8
CUS-001124,Emily Rodgers,Multan,Residential,2013-04-29,175.9
CUS-001125,Peter Williams,Karachi,Residential,2015-03-15,121.1
CUS-001126,Mary Jackson,Karachi,Residential,2022-07-16,227.0
CUS-001127,Jeffrey Howell,Karachi,Commercial,2024-09-26,862.0
CUS-001128,Anna Briggs,Lahore,Commercial,2017-01-01,818.4
CUS-001129,James Rivers,Karachi,Residential,2016-11-08,238.1
CUS-001130,James Jefferson,Islamabad,Residential,2019-02-24,131.3
CUS-001131,Mariah Robles,Multan,Residential,2025-04-01,109.0
CUS-001132,Michael Brown,Karachi,Residential,2021-05-08,185.2
CUS-001133,Caitlin Perry,Peshawar,Residential,2020-08-19,74.5
CUS-001134,Rebekah Gregory,Multan,Commercial,2018-04-21,999.2
CUS-001135,James Howard,Multan,Residential,2017-11-08,15.0
CUS-001136,Michael Roberson,Peshawar,Residential,2020-02-06,118.2
CUS-001137,Bianca Knapp,Islamabad,Residential,2023-12-10,274.5
CUS-001138,Jason Williams,Lahore,Commercial,2013-06-22,1550.8
CUS-001139,Ernest Bush,Faisalabad,Residential,2019-08-17,149.3
CUS-001140,Patricia Ray,Faisalabad,Residential,2023-03-10,256.4
CUS-001141,Vanessa Santiago,Islamabad,Residential,2017-09-08,132.4
CUS-001142,Joseph Haynes,Lahore,Residential,2020-04-30,225.8
CUS-001143,Matthew Wright,Rawalpindi,Residential,2013-08-31,250.5
CUS-001144,Michael Cruz,Peshawar,Residential,2015-06-28,208.7
CUS-001145,Kristin Huerta,Multan,Commercial,2015-11-20,413.2
CUS-001146,Mason Moore,Multan,Residential,2016-04-15,143.8
CUS-001147,Sarah Booth,Multan,Residential,2012-10-27,342.8
CUS-001148,John Allen,Peshawar,Residential,2017-11-20,150.6
CUS-001149,Amber Walker,Peshawar,Residential,2026-04-10,359.2
CUS-001150,Jennifer Young,Faisalabad,Residential,2020-03-13,282.5
CUS-001151,Robert West,Faisalabad,Residential,2021-01-16,211.1
CUS-001152,Jillian Wilson,Faisalabad,Residential,2023-02-18,197.8
CUS-001153,Matthew Garcia MD,Lahore,Commercial,2025-01-11,1279.5
CUS-001154,April Davis,Multan,Residential,2024-09-05,174.7
CUS-001155,Lisa Torres,Islamabad,Residential,2011-11-02,138.7
CUS-001156,Christine Powers,Lahore,Commercial,2013-05-29,359.1
CUS-001157,Heidi Brown,Multan,Residential,2015-07-15,98.3
CUS-001158,Jesse Castro,Peshawar,Residential,2019-11-17,95.1
CUS-001159,Kara Sandoval,Peshawar,Residential,2025-06-25,258.1
CUS-001160,Ashley Malone,Peshawar,Residential,2022-09-08,83.3
CUS-001161,Glenn Gallegos,Multan,Commercial,2013-06-28,678.3
CUS-001162,Dorothy Boyd,Faisalabad,Residential,2012-02-11,66.3
CUS-001163,Amber Martin,Peshawar,Residential,2018-01-15,217.8
CUS-001164,Mitchell Griffith,Rawalpindi,Residential,2021-11-25,167.5
CUS-001165,Levi Lopez,Peshawar,Residential,2026-05-17,259.3
CUS-001166,Jenna Bryant,Multan,Residential,2013-07-31,160.1
CUS-001167,Michelle Rodriguez,Faisalabad,Residential,2024-07-15,59.4
CUS-001168,Timothy Monroe,Lahore,Commercial,2025-04-23,920.6
CUS-001169,Patricia Hayes,Peshawar,Commercial,2025-02-04,1218.7
CUS-001170,Tina Taylor,Faisalabad,Residential,2016-11-21,172.1
CUS-001171,Mr. Anthony Mcconnell PhD,Faisalabad,Residential,2017-08-10,214.5
CUS-001172,Mr. Thomas Thompson,Karachi,Commercial,2019-11-30,584.9
CUS-001173,Monica Anderson,Rawalpindi,Residential,2022-03-24,104.2
CUS-001174,Kyle Andrade,Multan,Residential,2013-05-19,120.0
CUS-001175,Janice Petty,Peshawar,Residential,2024-12-29,149.1
CUS-001176,Pamela Hill,Karachi,Commercial,2025-01-03,1219.5
CUS-001177,Tracy Chavez,Multan,Commercial,2020-06-05,1081.5
CUS-001178,Jason Graves,Lahore,Residential,2020-10-21,255.3
CUS-001179,Elizabeth Miles,Rawalpindi,Residential,2026-06-09,221.2
CUS-001180,Michelle Walls,Faisalabad,Residential,2012-04-12,206.8
CUS-001181,Christina Weber,Peshawar,Residential,2022-08-17,198.0
CUS-001182,Gregory Chambers,Lahore,Residential,2016-11-25,198.3
CUS-001183,Miss Tina Gordon,Multan,Commercial,2018-04-21,487.1
CUS-001184,Erica Wilson,Karachi,Residential,2017-09-14,182.4
CUS-001185,John Duncan,Multan,Commercial,2018-04-25,1182.9
CUS-001186,Jennifer Adkins,Multan,Residential,2024-01-22,157.9
CUS-001187,Donna Boone,Rawalpindi,Residential,2015-12-03,165.6
CUS-001188,Kelly Johnson,Peshawar,Residential,2018-09-21,135.1
CUS-001189,Michael Gonzalez,Lahore,Residential,2013-08-12,146.6
CUS-001190,Candace Mitchell,Rawalpindi,Residential,2014-05-05,198.0
CUS-001191,Ryan Vaughn,Karachi,Industrial,2023-01-12,5174.9
CUS-001192,Paul Johnson,Faisalabad,Commercial,2025-04-11,1528.7
CUS-001193,Ashley Parrish,Peshawar,Residential,2025-07-30,224.5
CUS-001194,Sharon Newton,Faisalabad,Residential,2012-11-08,225.6
CUS-001195,Cynthia Mueller,Rawalpindi,Industrial,2024-12-19,3262.2
CUS-001196,Donna Beck,Karachi,Residential,2020-06-17,211.5
CUS-001197,Jasmine Frye,Karachi,Residential,2017-02-14,75.2
CUS-001198,Emily Arnold,Lahore,Residential,2021-04-17,156.9
CUS-001199,David Oliver,Multan,Industrial,2017-04-07,1493.7
CUS-001200,Sheila Greer,Karachi,Residential,2018-02-23,271.9
CUS-001201,Michele Holland,Karachi,Residential,2019-03-12,200.2
CUS-001202,Kimberly Morrison,Multan,Industrial,2020-05-18,3430.6
CUS-001203,Tracey Phillips,Islamabad,Residential,2025-09-13,215.7
CUS-001204,Michael Lopez,Karachi,Residential,2013-01-19,234.6
CUS-001205,Jose Bennett,Peshawar,Residential,2016-01-16,174.6
CUS-001206,Justin Anderson,Faisalabad,Commercial,2016-09-10,793.6
CUS-001207,Dawn Rivera,Faisalabad,Residential,2020-01-08,30.3
CUS-001208,Brittney Hernandez,Rawalpindi,Industrial,2024-12-28,2760.9
CUS-001209,Anthony Randolph,Multan,Residential,2020-04-03,109.3
CUS-001210,Mary Henry,Multan,Residential,2024-03-13,188.9
CUS-001211,Heather Bowers,Multan,Industrial,2017-12-21,2857.4
CUS-001212,Daniel White,Peshawar,Residential,2016-06-02,112.4
CUS-001213,Jonathan Perry,Multan,Residential,2016-05-10,128.8
CUS-001214,Anna Walker,Peshawar,Residential,2014-04-08,185.3
CUS-001215,Gary Ward,Faisalabad,Residential,2013-09-28,150.5
CUS-001216,Paul Moreno,Lahore,Residential,2023-10-01,147.0
CUS-001217,Samantha Zavala MD,Islamabad,Residential,2022-07-25,154.7
CUS-001218,Jill Conway,Multan,Residential,2026-05-13,258.9
CUS-001219,Lisa Haley,Faisalabad,Commercial,2014-09-30,1199.9
CUS-001220,Erica Moon,Islamabad,Residential,2019-05-08,181.4
CUS-001221,Janice Fernandez,Faisalabad,Industrial,2020-03-08,7024.6
CUS-001222,Thomas Short,Multan,Residential,2020-10-14,210.5
CUS-001223,Robert Griffin,Peshawar,Residential,2013-02-01,249.2
CUS-001224,Steven Lee,Faisalabad,Residential,2015-11-08,128.4
CUS-001225,Tiffany Jackson,Rawalpindi,Residential,2013-05-16,140.8
CUS-001226,Kimberly Smith,Islamabad,Residential,2015-09-10,140.1
CUS-001227,Michael Ayala,Islamabad,Commercial,2018-02-25,562.7
CUS-001228,Jessica Garcia,Peshawar,Commercial,2024-10-24,374.5
CUS-001229,Michele Cherry,Islamabad,Industrial,2015-11-28,4792.7
CUS-001230,Maria Case,Lahore,Residential,2025-04-18,298.4
CUS-001231,Brittany Stevens,Peshawar,Commercial,2026-05-11,963.0
CUS-001232,Brandon Brown,Islamabad,Residential,2022-11-05,149.1
CUS-001233,Kristin Andrews,Islamabad,Residential,2025-05-25,179.8
CUS-001234,David Hughes,Islamabad,Commercial,2021-07-19,779.0
CUS-001235,Jessica Smith,Peshawar,Residential,2013-09-16,226.9
CUS-001236,Kimberly May,Rawalpindi,Residential,2014-09-10,269.5
CUS-001237,Nicole Richards,Karachi,Residential,2024-02-13,151.0
CUS-001238,Angel Reilly,Faisalabad,Residential,2022-11-13,137.3
CUS-001239,Richard Turner,Multan,Residential,2012-01-06,138.2
CUS-001240,Preston Kim,Faisalabad,Residential,2025-01-25,155.9
CUS-001241,Matthew Wells,Islamabad,Industrial,2025-12-04,4952.6
CUS-001242,Brandy Myers,Faisalabad,Residential,2019-08-29,197.7
CUS-001243,Kimberly Choi,Karachi,Residential,2023-07-11,198.7
CUS-001244,Michael Sloan,Karachi,Residential,2011-09-15,260.3
CUS-001245,Monica Brooks,Islamabad,Residential,2024-01-10,74.4
CUS-001246,Kristen Peters,Islamabad,Residential,2011-12-28,123.4
CUS-001247,Aaron Carlson,Multan,Residential,2014-08-20,228.3
CUS-001248,Theresa Torres,Karachi,Commercial,2025-08-27,1110.5
CUS-001249,Stephanie Cooper,Rawalpindi,Industrial,2020-02-16,6288.6
CUS-001250,Matthew Hunt,Karachi,Commercial,2022-07-12,467.2
CUS-001251,Daniel Davenport,Rawalpindi,Commercial,2019-05-18,929.9
CUS-001252,Christopher Marsh,Faisalabad,Residential,2024-01-02,136.3
CUS-001253,Sarah Randolph,Lahore,Commercial,2016-01-03,979.3
CUS-001254,Julia Dunn MD,Rawalpindi,Residential,2013-03-29,59.2
CUS-001255,Brett Swanson,Multan,Residential,2022-02-21,188.0
CUS-001256,Mr. Carl Rios,Peshawar,Residential,2024-03-17,148.6
CUS-001257,Manuel Mccullough,Faisalabad,Residential,2018-03-27,136.0
CUS-001258,Jerry Jensen,Islamabad,Residential,2018-01-20,125.2
CUS-001259,Kevin Cunningham,Lahore,Industrial,2015-07-13,3504.2
CUS-001260,Eugene Patterson,Karachi,Residential,2024-07-02,132.1
CUS-001261,David Walker,Rawalpindi,Residential,2026-06-03,193.3
CUS-001262,Jessica Larsen,Lahore,Residential,2022-07-09,207.6
CUS-001263,Nicholas Humphrey,Faisalabad,Residential,2013-05-05,162.3
CUS-001264,Ian Torres,Peshawar,Residential,2016-11-18,158.3
CUS-001265,Casey Obrien,Rawalpindi,Residential,2012-10-13,191.1
CUS-001266,Shannon Taylor,Multan,Residential,2023-06-10,178.3
CUS-001267,Deborah Mercado,Karachi,Residential,2022-06-16,259.8
CUS-001268,Bernard Smith,Karachi,Commercial,2016-06-26,1142.2
CUS-001269,Amanda Perkins,Rawalpindi,Residential,2019-03-03,245.7
CUS-001270,Kevin Escobar,Peshawar,Residential,2015-09-22,216.6
CUS-001271,Kimberly Lutz,Islamabad,Residential,2021-01-05,100.9
CUS-001272,Reginald Diaz,Islamabad,Residential,2019-04-04,146.5
CUS-001273,Raymond Quinn,Karachi,Commercial,2023-03-14,930.9
CUS-001274,John Dixon,Faisalabad,Residential,2022-02-24,232.1
CUS-001275,Jonathan Bates,Faisalabad,Residential,2016-04-20,295.7
CUS-001276,Renee Mendez,Peshawar,Commercial,2025-05-26,1341.4
CUS-001277,Jose Griffin,Karachi,Residential,2018-01-26,183.3
CUS-001278,Travis Hopkins,Islamabad,Residential,2025-07-07,228.0
CUS-001279,Nancy Webb,Karachi,Residential,2023-06-15,176.5
CUS-001280,Daniel Freeman,Rawalpindi,Industrial,2016-05-05,5367.7
CUS-001281,Jacob Williams,Faisalabad,Commercial,2024-02-27,1669.8
CUS-001282,Terry Ward,Faisalabad,Residential,2021-06-20,220.7
CUS-001283,Jesse Williams,Multan,Residential,2024-09-11,220.1
CUS-001284,Mrs. Michele Boyd,Rawalpindi,Residential,2012-02-20,249.1
CUS-001285,Sandy Baker,Multan,Industrial,2021-01-26,4640.8
CUS-001286,Carrie Valdez,Peshawar,Industrial,2011-09-22,3128.4
CUS-001287,Matthew Houston,Islamabad,Residential,2013-08-24,165.1
CUS-001288,Jamie Solomon,Peshawar,Commercial,2017-03-20,638.3
CUS-001289,Heather Parrish,Peshawar,Residential,2025-09-04,123.2
CUS-001290,Mr. Larry Shaw,Islamabad,Residential,2021-08-26,93.5
CUS-001291,Christopher Jones,Lahore,Residential,2015-07-25,153.5
CUS-001292,Christine Lopez,Lahore,Residential,2013-11-12,198.7
CUS-001293,Mitchell Wilson,Karachi,Industrial,2023-09-30,3647.2
CUS-001294,Robert Cortez,Lahore,Residential,2022-07-20,191.9
CUS-001295,Mr. Daniel Martin,Rawalpindi,Residential,2015-10-27,254.1
CUS-001296,Alison Williams,Faisalabad,Commercial,2014-07-27,909.8
CUS-001297,Candace Soto,Multan,Commercial,2024-09-02,908.0
CUS-001298,Kenneth Brown,Faisalabad,Residential,2025-10-16,225.3
CUS-001299,Christopher Mullen,Peshawar,Residential,2024-05-23,168.2
CUS-001300,Kristy Smith,Faisalabad,Residential,2022-10-14,166.8
CUS-001301,Mary Campbell,Karachi,Residential,2011-08-27,119.5
CUS-001302,Jerry Haney,Peshawar,Industrial,2012-08-10,4384.7
CUS-001303,Carolyn Greer,Islamabad,Commercial,2019-12-05,150.2
CUS-001304,Rebecca Hoover,Faisalabad,Residential,2014-09-19,255.3
CUS-001305,Matthew Baker,Lahore,Residential,2014-04-06,15.0
CUS-001306,Grace Chavez,Islamabad,Residential,2017-11-04,182.5
CUS-001307,Crystal Cruz,Karachi,Commercial,2015-07-13,831.8
CUS-001308,Dale Heath,Multan,Residential,2017-04-12,137.9
CUS-001309,Jennifer Hernandez,Rawalpindi,Residential,2020-04-25,145.7
CUS-001310,John Mendez,Lahore,Residential,2021-02-12,295.5
CUS-001311,Richard Gordon,Islamabad,Residential,2018-10-30,113.8
CUS-001312,John Anderson,Multan,Residential,2021-05-28,234.9
CUS-001313,Samantha Prince,Faisalabad,Residential,2014-04-17,249.6
CUS-001314,Marie Boyd,Lahore,Industrial,2016-01-31,3297.3
CUS-001315,Andrew Moreno,Peshawar,Commercial,2015-01-24,1263.2
CUS-001316,Robert Clarke,Rawalpindi,Commercial,2015-12-18,904.9
CUS-001317,Kevin Figueroa,Faisalabad,Residential,2018-11-04,101.1
CUS-001318,Melissa Davis,Multan,Residential,2023-06-29,251.9
CUS-001319,John Hall,Lahore,Residential,2017-06-16,178.9
CUS-001320,Diane Mcdowell,Faisalabad,Residential,2016-12-06,176.3
CUS-001321,Colin Fletcher,Rawalpindi,Commercial,2018-10-12,715.9
CUS-001322,Laura Wilson,Multan,Residential,2013-01-17,200.6
CUS-001323,Matthew Watts,Peshawar,Residential,2013-04-13,122.7
CUS-001324,Jack Moore,Peshawar,Commercial,2024-09-29,748.7
CUS-001325,Dawn Wyatt,Islamabad,Industrial,2022-11-13,4231.2
CUS-001326,Jacob Hill,Karachi,Residential,2015-11-22,190.6
CUS-001327,Nicole Gutierrez,Islamabad,Residential,2026-01-25,201.0
CUS-001328,Karen Wood,Rawalpindi,Residential,2016-06-17,136.9
CUS-001329,Dawn Parker,Islamabad,Residential,2021-06-27,217.9
CUS-001330,Michael Fitzgerald,Multan,Residential,2013-05-02,187.6
CUS-001331,Mary Adkins,Lahore,Residential,2018-07-16,85.2
CUS-001332,Michael Martin,Multan,Industrial,2016-05-12,7804.6
CUS-001333,James Morgan,Islamabad,Residential,2013-04-19,126.3
CUS-001334,Melissa Mann,Karachi,Residential,2022-01-01,125.5
CUS-001335,Vincent Smith,Multan,Residential,2022-02-13,151.4
CUS-001336,Charles Frost,Multan,Residential,2023-02-23,216.8
CUS-001337,Austin Walker,Multan,Commercial,2018-10-27,915.9
CUS-001338,Andrew Cruz,Karachi,Residential,2023-08-11,193.5
CUS-001339,Miss Kelly Dawson,Multan,Residential,2018-11-26,183.7
CUS-001340,Theresa Wilkins,Rawalpindi,Residential,2017-10-02,133.3
CUS-001341,Jessica Harris,Peshawar,Commercial,2015-02-09,1411.2
CUS-001342,Regina Mitchell,Karachi,Residential,2015-12-12,231.9
CUS-001343,Kyle Black,Rawalpindi,Commercial,2019-03-06,1087.2
CUS-001344,Christopher Johnson,Karachi,Residential,2024-11-17,212.9
CUS-001345,Aaron Moore,Karachi,Residential,2023-04-14,256.3
CUS-001346,Penny Gomez MD,Peshawar,Residential,2012-07-06,206.1
CUS-001347,Kelly Mclaughlin,Lahore,Industrial,2023-02-13,5355.4
CUS-001348,Brandon Mitchell,Rawalpindi,Industrial,2015-07-05,4274.9
CUS-001349,Suzanne Bailey,Karachi,Residential,2016-05-05,142.9
CUS-001350,Destiny Obrien,Faisalabad,Residential,2017-06-11,288.6
CUS-001351,Timothy Andrews,Karachi,Residential,2018-03-14,204.0
CUS-001352,Jason Rodriguez,Islamabad,Residential,2017-07-21,144.2
CUS-001353,Edward Arroyo,Multan,Residential,2025-03-20,214.0
CUS-001354,Tina Walter,Lahore,Commercial,2015-08-11,368.5
CUS-001355,Laura Benson,Peshawar,Industrial,2022-06-20,6560.8
CUS-001356,Kristine Carrillo,Faisalabad,Residential,2016-09-03,231.8
CUS-001357,Tonya Ellis,Rawalpindi,Residential,2023-10-26,155.7
CUS-001358,Kevin Johnson,Karachi,Commercial,2016-03-17,918.0
CUS-001359,Austin Schultz,Multan,Commercial,2017-09-20,848.2
CUS-001360,Megan Hall MD,Rawalpindi,Residential,2020-02-23,266.4
CUS-001361,Kelli Smith,Peshawar,Residential,2014-02-02,205.5
CUS-001362,Danielle Davis,Lahore,Residential,2014-09-06,238.4
CUS-001363,Samantha Jones,Islamabad,Residential,2020-12-07,150.5
CUS-001364,Karen Gomez,Lahore,Residential,2025-09-29,201.2
CUS-001365,Debra Valentine,Islamabad,Residential,2020-10-02,76.4
CUS-001366,Susan Porter,Rawalpindi,Residential,2016-07-10,172.4
CUS-001367,Nicolas Salas,Lahore,Residential,2020-08-18,90.9
CUS-001368,Dale Wright,Lahore,Residential,2011-11-26,111.4
CUS-001369,Brittney Rodriguez,Lahore,Residential,2022-05-19,126.6
CUS-001370,Megan Alvarado,Peshawar,Commercial,2023-07-30,1455.7
CUS-001371,Pamela Weaver,Rawalpindi,Commercial,2012-12-13,810.9
CUS-001372,John Oliver,Faisalabad,Residential,2022-02-13,181.9
CUS-001373,William Prince PhD,Islamabad,Residential,2025-03-19,169.5
CUS-001374,William Moon IV,Lahore,Industrial,2023-01-17,3085.1
CUS-001375,Kenneth Brown,Rawalpindi,Residential,2019-11-08,180.2
CUS-001376,Karen Fernandez,Faisalabad,Residential,2021-05-17,194.9
CUS-001377,Jennifer Parks,Multan,Residential,2019-05-06,145.8
CUS-001378,William Wolfe,Peshawar,Residential,2017-01-03,249.0
CUS-001379,Michael Smith,Peshawar,Residential,2014-07-26,253.5
CUS-001380,Kevin Nguyen,Multan,Commercial,2013-12-12,1242.2
CUS-001381,Debbie Dunn,Rawalpindi,Residential,2019-08-07,144.9
CUS-001382,John Austin,Islamabad,Residential,2024-06-06,83.0
CUS-001383,Jonathan Clark,Rawalpindi,Industrial,2015-01-10,1005.5
CUS-001384,Jacqueline Dickerson,Rawalpindi,Residential,2023-07-24,50.0
CUS-001385,Christopher Anderson,Karachi,Residential,2025-03-11,125.4
CUS-001386,Crystal Garcia,Faisalabad,Residential,2016-07-20,201.4
CUS-001387,David Reynolds,Peshawar,Residential,2014-10-27,177.0
CUS-001388,Charles Haley,Islamabad,Residential,2022-07-18,319.4
CUS-001389,Robert Thompson,Karachi,Residential,2025-08-18,157.7
CUS-001390,Dr. Samuel Holmes DDS,Multan,Residential,2012-02-22,153.1
CUS-001391,Elizabeth Hart,Rawalpindi,Residential,2011-11-27,243.8
CUS-001392,Jennifer Vaughn,Multan,Residential,2025-08-19,64.4
CUS-001393,Robert Woods,Peshawar,Residential,2013-02-18,91.1
CUS-001394,Joanna Cook,Karachi,Residential,2017-07-17,219.8
CUS-001395,Justin Frederick,Faisalabad,Residential,2018-11-03,168.3
CUS-001396,Alejandro Martinez,Karachi,Residential,2013-12-12,169.7
CUS-001397,Tracey Gonzalez,Islamabad,Industrial,2016-02-07,3100.0
CUS-001398,Mariah Thompson,Faisalabad,Residential,2015-01-14,194.4
CUS-001399,Heather Nunez,Rawalpindi,Residential,2023-02-16,131.5
CUS-001400,Dr. Steve James,Islamabad,Commercial,2015-04-18,863.4
CUS-001401,Mark Thomas,Karachi,Residential,2015-09-02,110.5
CUS-001402,Robert Rogers,Faisalabad,Residential,2013-06-13,169.1
CUS-001403,Laura Sweeney,Karachi,Commercial,2023-04-21,704.3
CUS-001404,Christopher Perez,Islamabad,Commercial,2021-05-19,789.7
CUS-001405,Eddie Adams,Karachi,Residential,2013-07-24,172.1
CUS-001406,Denise Wallace,Faisalabad,Residential,2022-08-27,167.8
CUS-001407,Heidi Matthews,Lahore,Residential,2015-08-20,190.5
CUS-001408,Jennifer White,Peshawar,Commercial,2012-11-14,777.5
CUS-001409,Nicholas Stanley,Rawalpindi,Residential,2012-09-15,195.4
CUS-001410,Mercedes Miller,Peshawar,Residential,2022-05-18,196.8
CUS-001411,Brian Brown,Rawalpindi,Commercial,2022-12-24,788.0
CUS-001412,Kimberly Johnson,Faisalabad,Residential,2017-10-20,186.0
CUS-001413,Phillip Miller,Karachi,Commercial,2011-10-29,314.3
CUS-001414,Christopher Pena,Faisalabad,Residential,2023-12-29,71.3
CUS-001415,Ellen Wright,Islamabad,Residential,2020-08-17,337.8
CUS-001416,Mark Anderson,Islamabad,Residential,2013-11-14,223.7
CUS-001417,Alyssa Alvarado,Karachi,Commercial,2022-08-01,1457.1
CUS-001418,Erika Alvarez,Rawalpindi,Residential,2023-06-06,193.8
CUS-001419,Kimberly Nelson,Karachi,Residential,2014-07-03,99.2
CUS-001420,Wayne Wolfe,Rawalpindi,Residential,2020-08-22,150.3
CUS-001421,Kyle Welch,Karachi,Residential,2016-04-06,91.1
CUS-001422,Kristy Mills,Karachi,Industrial,2016-06-07,4630.8
CUS-001423,Emily Reed,Karachi,Residential,2019-04-01,85.1
CUS-001424,Regina Ramos,Islamabad,Residential,2011-12-15,203.3
CUS-001425,David Torres,Rawalpindi,Industrial,2015-09-11,5831.1
CUS-001426,Robert Charles,Multan,Residential,2014-08-18,130.4
CUS-001427,John Smith,Karachi,Residential,2015-07-20,189.7
CUS-001428,Theresa Woods,Peshawar,Residential,2021-05-23,127.2
CUS-001429,Jeffrey Carter,Peshawar,Commercial,2018-08-21,1533.8
CUS-001430,Adam Brooks,Faisalabad,Residential,2015-12-13,138.7
CUS-001431,Justin Foster,Faisalabad,Residential,2012-12-29,227.3
CUS-001432,Omar Price,Islamabad,Residential,2026-01-11,71.3
CUS-001433,Dennis Henderson,Lahore,Residential,2019-12-22,119.7
CUS-001434,Phillip Kent,Multan,Residential,2018-10-25,113.5
CUS-001435,Melinda Mitchell,Islamabad,Residential,2025-02-22,192.2
CUS-001436,Rhonda Gutierrez,Lahore,Residential,2019-07-24,213.3
CUS-001437,Catherine Roberts,Islamabad,Residential,2015-04-03,196.8
CUS-001438,Lisa Nelson,Faisalabad,Residential,2011-11-11,149.5
CUS-001439,Chelsea Smith,Peshawar,Residential,2019-01-08,15.0
CUS-001440,Joseph Lopez,Karachi,Commercial,2017-06-23,1285.1
CUS-001441,Derrick Espinoza,Rawalpindi,Commercial,2017-03-02,1756.1
CUS-001442,Crystal Hernandez,Faisalabad,Residential,2019-10-05,340.8
CUS-001443,Glenn Collins DDS,Karachi,Residential,2013-03-22,154.5
CUS-001444,Mrs. Raven Rivera DVM,Peshawar,Residential,2014-12-12,140.1
CUS-001445,Amy Rowe,Rawalpindi,Industrial,2026-02-25,6105.7
CUS-001446,John Lee,Lahore,Commercial,2017-07-14,1038.9
CUS-001447,Ruth Clayton,Lahore,Commercial,2015-01-25,752.8
CUS-001448,Randy Wright,Peshawar,Residential,2017-02-14,131.5
CUS-001449,Jessica Rojas,Rawalpindi,Residential,2020-01-03,165.1
CUS-001450,Joel Wise,Karachi,Residential,2021-03-12,232.6
CUS-001451,Vickie Kennedy,Peshawar,Residential,2016-07-25,198.5
CUS-001452,Emily Morris,Lahore,Residential,2023-09-07,249.7
CUS-001453,Amanda Pineda,Peshawar,Industrial,2026-03-01,5328.6
CUS-001454,Dawn Little,Karachi,Residential,2013-01-10,255.8
CUS-001455,Stephen Boyer,Islamabad,Residential,2014-02-17,80.2
CUS-001456,Brian Chen,Multan,Residential,2024-07-04,82.6
CUS-001457,Christopher Hill,Multan,Commercial,2018-11-29,1050.7
CUS-001458,Richard Smith,Faisalabad,Residential,2015-05-03,180.4
CUS-001459,Richard Alvarez,Multan,Residential,2013-09-18,235.2
CUS-001460,Jacqueline Davis,Islamabad,Commercial,2020-10-20,868.7
CUS-001461,Brandon Montgomery,Karachi,Residential,2018-09-02,179.6
CUS-001462,Yolanda Garrett,Faisalabad,Residential,2022-05-23,100.3
CUS-001463,Matthew Miles,Rawalpindi,Residential,2020-01-22,178.4
CUS-001464,Beth Hall,Peshawar,Residential,2015-01-27,261.7
CUS-001465,Dr. Nicole Trujillo,Karachi,Commercial,2023-01-20,318.7
CUS-001466,Corey Norris,Islamabad,Commercial,2015-05-14,533.6
CUS-001467,Chad Roach,Faisalabad,Residential,2016-04-02,219.3
CUS-001468,Mr. Edward Terry,Lahore,Residential,2016-08-24,119.2
CUS-001469,Cody Bailey,Multan,Residential,2013-11-07,231.4
CUS-001470,Denise Guerra,Multan,Residential,2016-05-26,161.2
CUS-001471,Kristen Jones,Karachi,Residential,2020-01-15,164.4
CUS-001472,Edward Baker,Multan,Residential,2017-09-02,305.9
CUS-001473,Aaron Little,Multan,Residential,2011-09-09,215.8
CUS-001474,Cody Smith,Karachi,Commercial,2021-11-26,1180.4
CUS-001475,Patty Allen,Karachi,Residential,2022-11-14,183.9
CUS-001476,Mary Ryan,Faisalabad,Residential,2023-06-18,182.2
CUS-001477,Joseph Jimenez,Islamabad,Residential,2019-09-29,281.2
CUS-001478,Lisa Morris,Islamabad,Commercial,2016-04-10,722.5
CUS-001479,Ashley Mills,Multan,Residential,2021-05-01,312.5
CUS-001480,Russell Anderson,Faisalabad,Residential,2016-05-28,102.2
CUS-001481,Christina Washington,Karachi,Residential,2022-03-07,178.1
CUS-001482,Kenneth Huff,Karachi,Residential,2019-04-13,134.2
CUS-001483,Kelly Miles,Multan,Residential,2024-05-31,150.3
CUS-001484,Jacob Obrien,Rawalpindi,Commercial,2026-06-01,1138.9
CUS-001485,Timothy Clark,Lahore,Industrial,2012-10-26,4925.1
CUS-001486,Steve Miller PhD,Peshawar,Commercial,2013-03-04,1113.7
CUS-001487,Justin Hurley,Peshawar,Residential,2022-01-14,265.4
CUS-001488,Jacob Erickson,Multan,Residential,2017-03-18,204.2
CUS-001489,Deborah Williams,Faisalabad,Residential,2022-11-24,151.5
CUS-001490,Eric Blackburn,Peshawar,Industrial,2014-01-09,3125.7
CUS-001491,Anne Hardy,Islamabad,Residential,2022-10-07,224.5
CUS-001492,Chelsey Fox,Faisalabad,Residential,2014-01-31,198.0
CUS-001493,Mario White,Faisalabad,Residential,2018-02-18,171.3
CUS-001494,Jennifer Garcia,Islamabad,Residential,2026-02-07,212.5
CUS-001495,Heather Ellis,Rawalpindi,Residential,2012-03-09,233.5
CUS-001496,Sonya Jackson,Multan,Residential,2017-12-07,170.8
CUS-001497,James Morgan,Islamabad,Residential,2014-02-25,132.8
CUS-001498,Zachary Ramos,Multan,Commercial,2023-08-03,742.7
CUS-001499,Ethan Frey,Multan,Residential,2018-11-15,195.0
CUS-001500,Jacob Duran,Faisalabad,Residential,2022-10-12,310.0
CUS-001501,Nicholas Franklin,Karachi,Residential,2019-10-08,113.4
CUS-001502,Cindy Cannon,Lahore,Residential,2017-07-25,246.0
CUS-001503,Dawn Nixon,Lahore,Commercial,2016-01-12,564.0
CUS-001504,James Barber,Multan,Residential,2018-02-06,151.6
CUS-001505,Ms. Kelly Holder,Lahore,Residential,2015-12-30,234.9
CUS-001506,Eric Walker,Lahore,Residential,2025-05-11,164.7
CUS-001507,Alison Short,Peshawar,Industrial,2021-09-13,4820.9
CUS-001508,Desiree Spencer,Faisalabad,Residential,2019-05-26,193.7
CUS-001509,Tammy Moore,Peshawar,Residential,2020-10-12,139.6
CUS-001510,Henry Taylor,Karachi,Residential,2017-02-24,233.7
CUS-001511,Kevin Hall,Rawalpindi,Residential,2021-04-22,176.3
CUS-001512,Anna Ross,Faisalabad,Residential,2013-09-19,96.7
CUS-001513,Morgan Cummings,Islamabad,Commercial,2019-05-31,1180.7
CUS-001514,Carrie Petersen,Islamabad,Residential,2014-08-28,15.0
CUS-001515,Laura Velez,Peshawar,Commercial,2020-10-06,625.6
CUS-001516,Elizabeth Cross,Multan,Residential,2022-04-07,258.2
CUS-001517,Angela Brown,Lahore,Residential,2019-05-10,117.2
CUS-001518,Hannah Montoya,Karachi,Residential,2015-05-10,215.1
CUS-001519,Sean Kane,Rawalpindi,Commercial,2018-07-06,1051.6
CUS-001520,Matthew Guzman,Peshawar,Residential,2025-07-28,134.9
CUS-001521,Richard Reyes,Multan,Commercial,2025-06-08,757.8
CUS-001522,Andrew Fernandez,Karachi,Commercial,2022-05-07,803.5
CUS-001523,Jonathan Walker,Multan,Industrial,2024-04-27,4273.8
CUS-001524,Nicholas Long,Karachi,Residential,2013-08-16,81.9
CUS-001525,Kurt Wagner,Peshawar,Residential,2019-06-06,163.9
CUS-001526,Dylan Foster,Karachi,Commercial,2023-12-24,626.7
CUS-001527,Bradley Duncan,Faisalabad,Residential,2011-10-02,177.6
CUS-001528,James Miller,Lahore,Residential,2017-10-25,223.0
CUS-001529,Patricia Anderson,Karachi,Residential,2013-11-06,383.9
CUS-001530,Justin Freeman,Rawalpindi,Residential,2012-08-09,207.3
CUS-001531,Christina Gilbert,Karachi,Residential,2026-03-07,181.5
CUS-001532,Danielle Jones,Faisalabad,Residential,2016-04-04,114.2
CUS-001533,Erica Glass,Islamabad,Residential,2014-05-28,66.6
CUS-001534,Michael Henderson,Faisalabad,Residential,2021-12-16,250.2
CUS-001535,Frank Wheeler,Karachi,Residential,2019-08-18,147.2
CUS-001536,Eric Huerta,Multan,Residential,2016-07-17,336.2
CUS-001537,Wanda Ramos,Peshawar,Residential,2012-07-07,232.1
CUS-001538,Andrew Meyers,Islamabad,Residential,2018-08-06,200.5
CUS-001539,James Todd,Peshawar,Residential,2013-12-09,203.6
CUS-001540,Ashley Brown,Multan,Residential,2016-10-31,204.2
CUS-001541,Tammy Melton,Rawalpindi,Residential,2019-12-12,138.3
CUS-001542,Alexis Benson,Lahore,Residential,2014-12-23,74.9
CUS-001543,Jerry Johnson,Rawalpindi,Residential,2020-12-26,147.0
CUS-001544,Joshua Harris,Islamabad,Commercial,2025-06-13,1141.7
CUS-001545,Deanna Webb,Multan,Residential,2015-09-14,141.1
CUS-001546,Brenda Hale,Multan,Residential,2023-11-07,102.8
CUS-001547,Kevin Alvarado,Lahore,Residential,2024-07-22,135.1
CUS-001548,Christopher Campbell,Karachi,Residential,2020-04-28,242.1
CUS-001549,Lisa Brown,Islamabad,Residential,2016-03-02,224.9
CUS-001550,Alejandra Price,Lahore,Residential,2020-12-02,190.3
CUS-001551,Samuel Keller,Faisalabad,Residential,2017-08-15,215.2
CUS-001552,Alicia Dillon,Faisalabad,Residential,2015-05-29,112.1
CUS-001553,Crystal James,Peshawar,Residential,2019-09-05,132.3
CUS-001554,Ariana Stewart,Lahore,Commercial,2021-06-10,1017.4
CUS-001555,Kim Lopez,Peshawar,Residential,2012-10-05,119.7
CUS-001556,Judith House,Faisalabad,Residential,2013-11-17,186.5
CUS-001557,David Moreno,Faisalabad,Residential,2022-07-04,104.2
CUS-001558,James Moore,Peshawar,Residential,2015-10-13,81.0
CUS-001559,Harold Garrett,Multan,Commercial,2015-07-12,1594.4
CUS-001560,William Mason,Lahore,Residential,2013-02-17,241.6
CUS-001561,Lori Johns,Multan,Residential,2023-06-30,142.2
CUS-001562,Robin Johnson,Faisalabad,Commercial,2020-05-14,693.0
CUS-001563,Diana Hernandez,Multan,Residential,2023-01-13,47.5
CUS-001564,Mary Miller,Rawalpindi,Residential,2016-07-13,290.5
CUS-001565,Tyler Salazar,Rawalpindi,Industrial,2023-02-14,5111.8
CUS-001566,Crystal Allen,Multan,Residential,2020-06-09,143.5
CUS-001567,Wesley Browning,Multan,Residential,2015-09-28,158.2
CUS-001568,Joshua Clark,Peshawar,Residential,2023-08-25,65.2
CUS-001569,Joshua Mcbride,Multan,Residential,2024-08-08,217.2
CUS-001570,Ellen Thornton,Islamabad,Residential,2021-07-30,300.0
CUS-001571,Brandy Forbes,Lahore,Commercial,2018-09-01,1276.7
CUS-001572,Brianna Fitzpatrick,Islamabad,Residential,2014-02-10,323.0
CUS-001573,Emily Grant,Rawalpindi,Residential,2023-04-17,173.0
CUS-001574,Bailey Stewart,Islamabad,Commercial,2026-05-12,1316.8
CUS-001575,Monica Cannon,Karachi,Residential,2012-12-19,198.4
CUS-001576,Jennifer Jenkins,Karachi,Residential,2023-08-04,198.4
CUS-001577,Timothy Shannon,Rawalpindi,Residential,2013-10-16,290.6
CUS-001578,Denise Maxwell,Islamabad,Commercial,2014-01-24,1498.1
CUS-001579,Cody Farmer,Lahore,Commercial,2024-08-26,1033.4
CUS-001580,Debra Bradley,Rawalpindi,Residential,2016-06-05,63.5
CUS-001581,David Mcdaniel,Karachi,Residential,2024-12-21,89.6
CUS-001582,Michael Woods,Rawalpindi,Residential,2012-05-20,207.5
CUS-001583,Lisa Joseph,Islamabad,Commercial,2019-03-29,1195.9
CUS-001584,Samuel Henry,Islamabad,Residential,2018-03-01,187.7
CUS-001585,Corey Johnson,Islamabad,Residential,2021-07-10,144.5
CUS-001586,Alexis Nelson,Peshawar,Commercial,2016-06-26,1299.0
CUS-001587,Patrick Mcneil,Islamabad,Residential,2019-01-26,133.0
CUS-001588,Andrea Ho,Multan,Residential,2013-05-10,187.9
CUS-001589,Dr. Katherine Nguyen,Karachi,Residential,2019-12-18,128.6
CUS-001590,David Sullivan,Faisalabad,Residential,2017-03-26,122.1
CUS-001591,Nicolas James,Karachi,Residential,2017-05-10,176.9
CUS-001592,Logan Newton,Peshawar,Industrial,2018-09-07,7248.6
CUS-001593,Kelly Liu,Karachi,Residential,2016-04-03,221.1
CUS-001594,Kelly Hayes,Karachi,Residential,2019-05-24,197.2
CUS-001595,Amanda Forbes,Rawalpindi,Residential,2019-07-10,191.3
CUS-001596,Jennifer Moss,Faisalabad,Residential,2024-10-13,213.1
CUS-001597,Kelli Mccoy,Faisalabad,Residential,2024-03-03,173.4
CUS-001598,Eddie Sanders,Islamabad,Residential,2025-11-09,155.3
CUS-001599,Ronald Murray,Multan,Commercial,2025-09-16,829.0
CUS-001600,Louis Brown,Multan,Residential,2024-01-16,166.5
CUS-001601,Brenda Gallegos,Rawalpindi,Residential,2022-03-21,108.7
CUS-001602,Nathan Wilson,Multan,Residential,2024-02-19,266.6
CUS-001603,Teresa Horton,Rawalpindi,Industrial,2019-12-20,4480.4
CUS-001604,Jason Hayes,Faisalabad,Residential,2018-12-01,271.1
CUS-001605,Kevin Marquez,Faisalabad,Commercial,2023-05-18,750.4
CUS-001606,Jesse Wright,Faisalabad,Residential,2021-10-30,121.9
CUS-001607,Susan Hogan,Multan,Industrial,2019-12-06,5008.4
CUS-001608,Becky Wilson,Karachi,Residential,2018-02-06,154.3
CUS-001609,Jack Mills,Faisalabad,Commercial,2016-10-19,1134.6
CUS-001610,Richard Hunt,Lahore,Residential,2011-12-25,227.3
CUS-001611,Jamie James,Islamabad,Residential,2017-01-22,207.7
CUS-001612,Susan Cunningham,Lahore,Residential,2018-07-23,224.8
CUS-001613,Brittany Melton,Karachi,Commercial,2021-08-08,1153.8
CUS-001614,Michael Barnes,Peshawar,Residential,2022-06-22,285.7
CUS-001615,Randy Griffin,Rawalpindi,Industrial,2014-10-17,4247.9
CUS-001616,Autumn Anderson,Multan,Commercial,2019-12-16,808.4
CUS-001617,Marcus King,Multan,Residential,2026-06-29,228.7
CUS-001618,Scott Stephens,Karachi,Commercial,2025-08-14,1157.7
CUS-001619,Stephen Young,Multan,Residential,2017-04-24,164.4
CUS-001620,Karen Ortiz,Karachi,Residential,2014-04-11,159.7
CUS-001621,Kyle Sanchez,Lahore,Residential,2022-10-04,252.9
CUS-001622,Lisa Grant,Peshawar,Residential,2011-10-07,179.1
CUS-001623,Amber Hernandez,Rawalpindi,Residential,2018-03-14,195.6
CUS-001624,Amanda Nash,Multan,Residential,2019-06-15,264.1
CUS-001625,Sara Evans,Peshawar,Residential,2011-09-09,332.0
CUS-001626,Amber Butler,Peshawar,Residential,2016-03-27,148.4
CUS-001627,Michael Carr,Peshawar,Residential,2013-01-03,166.7
CUS-001628,Linda Cobb,Islamabad,Residential,2017-02-08,184.4
CUS-001629,Jesse Riley,Peshawar,Commercial,2015-05-23,786.1
CUS-001630,Anna Evans,Faisalabad,Residential,2025-05-09,202.6
CUS-001631,James Jones,Karachi,Residential,2020-08-28,150.6
CUS-001632,Joshua Carter,Islamabad,Residential,2012-02-08,104.0
CUS-001633,Michael Hill,Faisalabad,Residential,2015-09-16,285.2
CUS-001634,Kelly Dominguez,Islamabad,Commercial,2018-09-30,1312.7
CUS-001635,Ashley Blair,Peshawar,Residential,2012-04-05,154.9
CUS-001636,Victoria Webb,Multan,Residential,2021-12-24,206.2
CUS-001637,Taylor Andersen,Multan,Residential,2015-05-19,290.0
CUS-001638,Lee Stewart,Multan,Residential,2020-12-07,132.7
CUS-001639,Whitney Gomez,Multan,Industrial,2026-02-03,4095.2
CUS-001640,Justin Stone,Karachi,Commercial,2023-11-21,745.4
CUS-001641,Katherine White,Multan,Residential,2024-06-25,172.9
CUS-001642,Michelle Krause,Rawalpindi,Residential,2025-06-11,217.0
CUS-001643,Alexander Garrett,Peshawar,Residential,2026-06-25,113.1
CUS-001644,Ryan Marsh,Islamabad,Residential,2021-01-14,168.8
CUS-001645,Mrs. Felicia Castro DDS,Rawalpindi,Commercial,2018-12-02,843.2
CUS-001646,Curtis Campbell,Multan,Commercial,2018-09-01,1079.8
CUS-001647,Elizabeth Hunter,Rawalpindi,Residential,2024-08-28,110.5
CUS-001648,Aaron Jennings,Islamabad,Commercial,2022-10-20,780.6
CUS-001649,Nathaniel Gilbert,Multan,Residential,2023-08-26,213.5
CUS-001650,Christopher Rivera,Rawalpindi,Residential,2012-03-05,186.5
CUS-001651,Michael Hendricks,Karachi,Residential,2012-01-14,245.4
CUS-001652,Maria Olson,Karachi,Residential,2024-12-11,144.6
CUS-001653,Stephanie Herrera,Peshawar,Residential,2013-11-21,204.7
CUS-001654,Richard Gutierrez,Peshawar,Residential,2022-08-03,110.1
CUS-001655,Sandy Evans,Faisalabad,Residential,2024-08-06,84.0
CUS-001656,Emily Herrera,Rawalpindi,Residential,2013-07-27,226.9
CUS-001657,Michael Marsh,Islamabad,Commercial,2017-11-12,800.9
CUS-001658,Heather Montes,Karachi,Residential,2024-03-22,152.2
CUS-001659,Andre Terrell,Lahore,Residential,2012-06-10,116.1
CUS-001660,Sarah Duncan,Peshawar,Commercial,2021-02-11,568.8
CUS-001661,Kurt Hancock,Faisalabad,Industrial,2012-07-14,1998.3
CUS-001662,Michele Edwards,Karachi,Industrial,2013-01-22,4317.4
CUS-001663,Jason Crawford,Faisalabad,Residential,2019-09-21,207.1
CUS-001664,Jesse Sampson,Multan,Residential,2026-04-11,92.5
CUS-001665,Eric Rodriguez,Rawalpindi,Residential,2014-07-03,187.6
CUS-001666,Paula Gentry,Faisalabad,Residential,2020-10-06,339.2
CUS-001667,Alexander Webb,Karachi,Industrial,2011-11-08,5769.2
CUS-001668,Cheryl Mclean,Karachi,Residential,2024-02-05,130.3
CUS-001669,Kelly Rowe,Rawalpindi,Residential,2024-04-05,223.0
CUS-001670,Shane Short,Peshawar,Residential,2016-04-29,95.0
CUS-001671,Megan Anderson,Peshawar,Residential,2022-03-10,97.7
CUS-001672,Julia Reeves,Lahore,Commercial,2025-02-12,541.8
CUS-001673,April Randolph,Lahore,Residential,2020-05-11,213.1
CUS-001674,Linda Miller,Peshawar,Residential,2025-09-10,228.7
CUS-001675,Angel Meyer,Peshawar,Residential,2019-04-23,229.5
CUS-001676,Emily Lane,Faisalabad,Residential,2025-08-21,209.7
CUS-001677,Steven Flores,Peshawar,Residential,2017-08-14,83.2
CUS-001678,Donald Flores,Peshawar,Residential,2024-02-07,176.3
CUS-001679,Bruce Hernandez,Karachi,Residential,2021-08-05,238.1
CUS-001680,Adrian Dean,Lahore,Residential,2012-07-28,206.6
CUS-001681,Christine Bell,Rawalpindi,Industrial,2023-11-30,6055.3
CUS-001682,Charles Bush,Islamabad,Commercial,2019-02-01,506.3
CUS-001683,David Jones,Rawalpindi,Industrial,2022-06-25,4247.5
CUS-001684,Gina Wallace,Multan,Residential,2012-11-09,62.1
CUS-001685,John Lowe,Islamabad,Residential,2018-03-22,249.3
CUS-001686,Anthony Simmons,Karachi,Residential,2015-09-19,173.4
CUS-001687,Kyle Watkins,Multan,Commercial,2014-07-27,1096.3
CUS-001688,Melissa Jensen,Lahore,Industrial,2019-02-23,2859.9
CUS-001689,Robert Marquez,Islamabad,Commercial,2014-03-09,121.7
CUS-001690,Kim Beltran,Peshawar,Residential,2022-09-30,110.6
CUS-001691,Julie Anderson,Multan,Industrial,2024-02-08,5171.3
CUS-001692,Tamara Mcdonald,Karachi,Residential,2011-08-27,307.2
CUS-001693,Michael Mckinney,Islamabad,Residential,2015-09-09,100.5
CUS-001694,David Walker,Peshawar,Residential,2016-11-01,229.0
CUS-001695,Lisa Durham,Multan,Residential,2016-09-12,119.0
CUS-001696,Michael Ortega,Karachi,Residential,2020-01-30,141.6
CUS-001697,Sonya Chavez,Multan,Residential,2021-12-29,143.0
CUS-001698,John Bell,Islamabad,Residential,2020-01-20,206.9
CUS-001699,Christopher Tate,Peshawar,Residential,2018-07-06,199.5
CUS-001700,Bethany Garcia,Lahore,Commercial,2013-05-04,915.3
CUS-001701,Rebecca Nguyen,Faisalabad,Residential,2012-12-15,206.4
CUS-001702,Rebecca Patel,Karachi,Residential,2022-06-28,167.8
CUS-001703,Jason Oliver,Islamabad,Commercial,2014-05-17,1178.4
CUS-001704,Valerie Reyes,Peshawar,Commercial,2020-06-04,556.7
CUS-001705,Robert Garza,Lahore,Residential,2026-01-05,279.6
CUS-001706,Jessica Cobb,Multan,Residential,2023-01-16,156.0
CUS-001707,Cynthia Bates,Peshawar,Residential,2023-05-16,69.9
CUS-001708,Timothy Andrews,Faisalabad,Residential,2014-11-07,228.9
CUS-001709,Mr. Joel Peters,Lahore,Residential,2017-03-11,124.3
CUS-001710,Casey Blanchard,Islamabad,Commercial,2012-10-25,1324.1
CUS-001711,Brian Cervantes,Peshawar,Residential,2022-05-30,169.7
CUS-001712,Jamie Snyder,Faisalabad,Commercial,2015-04-15,1005.3
CUS-001713,Ann Montoya,Peshawar,Commercial,2024-02-05,530.7
CUS-001714,Stephanie Fields,Rawalpindi,Commercial,2021-03-09,971.0
CUS-001715,Charles Hernandez,Karachi,Residential,2025-01-20,151.9
CUS-001716,Jean Lane,Peshawar,Commercial,2014-06-16,667.1
CUS-001717,Michael Stewart,Faisalabad,Residential,2022-11-18,167.4
CUS-001718,Susan Torres,Lahore,Residential,2013-08-02,286.2
CUS-001719,Jessica Haas,Karachi,Residential,2012-05-26,254.9
CUS-001720,Brandon Smith,Islamabad,Residential,2022-02-19,302.5
CUS-001721,Mrs. Bethany Phillips,Faisalabad,Residential,2014-04-05,208.8
CUS-001722,Joshua Brown,Karachi,Residential,2013-09-13,188.6
CUS-001723,Samantha Howard,Rawalpindi,Residential,2016-04-24,120.1
CUS-001724,Sharon Young,Islamabad,Residential,2014-12-23,196.2
CUS-001725,Jennifer Flores,Peshawar,Residential,2014-05-31,172.2
CUS-001726,James Gardner,Faisalabad,Residential,2024-10-14,226.7
CUS-001727,Karen Lopez,Multan,Commercial,2014-04-01,1361.3
CUS-001728,Tim Larsen,Islamabad,Residential,2016-01-03,183.2
CUS-001729,Zachary Santiago,Faisalabad,Residential,2022-01-04,85.6
CUS-001730,Benjamin Smith,Islamabad,Residential,2015-07-21,200.3
CUS-001731,Katelyn Kim,Rawalpindi,Residential,2018-11-30,220.5
CUS-001732,Angela May MD,Lahore,Residential,2020-03-28,82.7
CUS-001733,Richard Munoz,Islamabad,Residential,2016-10-22,99.6
CUS-001734,Christopher Hicks,Faisalabad,Industrial,2021-03-07,4640.4
CUS-001735,Joanna Kelly,Lahore,Residential,2018-04-25,169.3
CUS-001736,Larry Lane,Karachi,Residential,2021-01-07,96.2
CUS-001737,Cynthia Shaw,Multan,Residential,2024-01-06,262.7
CUS-001738,Joshua Richardson,Rawalpindi,Commercial,2012-02-26,529.5
CUS-001739,Laura Bush,Peshawar,Residential,2024-01-22,215.9
CUS-001740,John Vaughn,Faisalabad,Residential,2017-05-11,84.7
CUS-001741,Nicholas Terrell,Faisalabad,Commercial,2019-08-19,1197.3
CUS-001742,Dr. Julie Miller,Faisalabad,Residential,2014-09-30,219.0
CUS-001743,Ann Kennedy,Islamabad,Residential,2022-01-30,139.1
CUS-001744,Toni Miller,Multan,Residential,2016-10-12,87.5
CUS-001745,Rebecca Edwards,Multan,Residential,2023-09-14,175.4
CUS-001746,Greg Osborne,Lahore,Residential,2023-06-26,152.0
CUS-001747,Jose Harrison,Islamabad,Residential,2014-09-13,154.5
CUS-001748,Jennifer Yu,Faisalabad,Residential,2022-01-16,137.7
CUS-001749,Donna Johnson,Multan,Residential,2019-02-14,223.3
CUS-001750,Nicole Acosta,Faisalabad,Residential,2023-12-26,24.0
CUS-001751,Amy Kennedy,Faisalabad,Industrial,2023-06-16,2775.4
CUS-001752,Anthony Mooney,Faisalabad,Commercial,2012-12-16,1395.8
CUS-001753,Lori Mitchell,Rawalpindi,Residential,2023-02-22,192.6
CUS-001754,Jonathan York,Peshawar,Residential,2015-06-17,171.4
CUS-001755,Casey Campbell,Karachi,Residential,2018-08-01,245.0
CUS-001756,Alexis Rodriguez,Karachi,Residential,2012-01-28,177.5
CUS-001757,Kevin Hernandez,Lahore,Residential,2013-04-29,163.3
CUS-001758,Robert Green,Multan,Industrial,2021-06-05,7979.3
CUS-001759,Kari Lloyd,Karachi,Residential,2014-05-21,305.6
CUS-001760,Grace Miller,Lahore,Residential,2013-09-09,121.7
CUS-001761,Timothy Moore,Peshawar,Residential,2020-05-11,205.5
CUS-001762,Wyatt Townsend II,Faisalabad,Residential,2017-02-27,114.8
CUS-001763,Mark Clark,Islamabad,Residential,2017-03-30,210.1
CUS-001764,Haley May,Rawalpindi,Residential,2020-05-20,133.3
CUS-001765,Audrey Jackson,Peshawar,Residential,2012-02-10,252.7
CUS-001766,Eric Reese,Peshawar,Commercial,2022-01-25,249.1
CUS-001767,Kim James,Karachi,Residential,2020-12-29,182.8
CUS-001768,Karen Thomas,Karachi,Commercial,2024-07-28,829.9
CUS-001769,Alexandra Ho,Rawalpindi,Commercial,2011-09-22,1471.7
CUS-001770,Michael Nixon,Islamabad,Residential,2017-11-22,221.1
CUS-001771,Amanda Hardin,Peshawar,Commercial,2016-08-06,1177.3
CUS-001772,Tina Reynolds,Multan,Residential,2021-04-09,251.8
CUS-001773,Shannon Rogers,Karachi,Industrial,2013-02-06,2989.0
CUS-001774,Brett Pena,Peshawar,Residential,2025-03-24,164.2
CUS-001775,Raymond Curry,Islamabad,Residential,2016-03-04,48.4
CUS-001776,Leah Lee,Lahore,Residential,2018-07-27,138.7
CUS-001777,Michael White,Islamabad,Residential,2014-05-20,326.0
CUS-001778,Megan Decker,Peshawar,Industrial,2011-12-06,6074.7
CUS-001779,Brent Garcia,Peshawar,Residential,2023-09-05,286.3
CUS-001780,Daniel Campbell,Rawalpindi,Residential,2018-06-01,143.6
CUS-001781,Alexander Davis,Peshawar,Residential,2020-03-13,142.1
CUS-001782,Mary Houston,Karachi,Industrial,2018-02-04,5695.4
CUS-001783,Margaret Erickson,Multan,Residential,2017-07-24,219.6
CUS-001784,Scott Anderson,Rawalpindi,Residential,2024-01-18,231.1
CUS-001785,Stephanie Knight,Peshawar,Residential,2015-05-17,180.3
CUS-001786,Stephanie Dominguez,Islamabad,Residential,2017-03-04,242.1
CUS-001787,John Mayer,Peshawar,Residential,2016-08-24,237.7
CUS-001788,Tammy Hill,Islamabad,Residential,2021-09-23,248.9
CUS-001789,Steven Carrillo,Islamabad,Residential,2016-01-31,142.6
CUS-001790,Christopher Jones,Peshawar,Residential,2026-02-01,242.0
CUS-001791,Janet Cook,Islamabad,Residential,2024-09-11,148.7
CUS-001792,Tyler Baker,Multan,Residential,2022-12-28,170.6
CUS-001793,John Mcfarland,Lahore,Residential,2025-01-16,169.3
CUS-001794,Cassandra Vasquez,Rawalpindi,Commercial,2019-03-03,1229.0
CUS-001795,Randy Robinson,Peshawar,Industrial,2017-11-19,2369.5
CUS-001796,Susan Baldwin,Faisalabad,Residential,2023-02-25,253.4
CUS-001797,Benjamin Duncan,Lahore,Residential,2025-11-02,137.9
CUS-001798,Jeremy Mosley,Islamabad,Residential,2017-08-01,163.8
CUS-001799,Martin Fitzpatrick,Islamabad,Residential,2012-01-12,136.2
CUS-001800,Deborah Graves,Rawalpindi,Residential,2019-04-01,164.6
CUS-001801,Laura Robertson,Lahore,Residential,2025-05-13,149.6
CUS-001802,Katherine Graham,Lahore,Residential,2024-10-31,256.7
CUS-001803,Priscilla Floyd,Peshawar,Industrial,2026-01-02,2205.1
CUS-001804,April Finley,Islamabad,Residential,2025-09-02,282.9
CUS-001805,Karen Bradley,Faisalabad,Residential,2014-07-26,248.4
CUS-001806,Heather Maldonado,Karachi,Residential,2026-02-10,151.5
CUS-001807,Mark Benjamin,Faisalabad,Residential,2022-10-27,199.2
CUS-001808,Joseph Woodward,Peshawar,Residential,2013-07-17,211.2
CUS-001809,Joe Miranda,Peshawar,Residential,2016-07-29,230.5
CUS-001810,Cassandra Williams,Peshawar,Residential,2025-12-04,236.4
CUS-001811,Connor Dominguez,Rawalpindi,Residential,2026-01-30,191.2
CUS-001812,Lydia Howard,Rawalpindi,Industrial,2016-03-21,7095.5
CUS-001813,Mark Moss,Peshawar,Residential,2023-01-11,218.5
CUS-001814,Corey Cortez,Multan,Residential,2023-07-25,165.8
CUS-001815,Katherine Brown,Karachi,Residential,2018-06-13,15.0
CUS-001816,Elizabeth Ferguson,Lahore,Residential,2014-01-26,203.4
CUS-001817,Joann Forbes,Lahore,Residential,2011-08-14,136.0
CUS-001818,Anthony French,Islamabad,Commercial,2013-10-21,1243.2
CUS-001819,Bruce Roman,Lahore,Industrial,2024-10-11,885.8
CUS-001820,Judy Gregory,Faisalabad,Industrial,2016-02-06,4329.1
CUS-001821,Brittany Riley,Lahore,Residential,2012-10-20,188.3
CUS-001822,Amanda Thomas,Karachi,Commercial,2015-02-16,991.8
CUS-001823,Kaitlin Hardin,Lahore,Residential,2014-08-21,127.4
CUS-001824,Michael Anderson,Faisalabad,Residential,2012-12-13,182.8
CUS-001825,Anthony Parker,Karachi,Residential,2015-04-04,78.6
CUS-001826,Joy Jackson,Rawalpindi,Commercial,2021-10-27,1130.6
CUS-001827,Sabrina Rodriguez,Karachi,Residential,2024-03-22,208.2
CUS-001828,Robert Walker PhD,Rawalpindi,Residential,2017-03-10,198.3
CUS-001829,Robert Hendrix,Karachi,Residential,2018-09-23,227.3
CUS-001830,Erika Daugherty,Peshawar,Residential,2016-09-30,249.9
CUS-001831,Brenda Copeland,Faisalabad,Residential,2018-08-18,175.1
CUS-001832,Pamela Watkins,Multan,Commercial,2021-11-07,1283.4
CUS-001833,Bryan Thomas,Rawalpindi,Residential,2022-01-11,174.9
CUS-001834,Michael Tran,Rawalpindi,Residential,2025-03-23,138.0
CUS-001835,Timothy Williams,Lahore,Residential,2021-07-30,156.4
CUS-001836,Ryan Salazar,Rawalpindi,Residential,2024-01-04,196.0
CUS-001837,Alexis Tucker,Karachi,Residential,2022-02-21,245.1
CUS-001838,Christopher Davis,Peshawar,Residential,2022-12-27,180.1
CUS-001839,Stacie Butler,Peshawar,Residential,2013-01-13,139.6
CUS-001840,Patricia Schwartz,Lahore,Residential,2013-07-10,266.7
CUS-001841,Mark Mills,Karachi,Residential,2022-12-27,93.9
CUS-001842,Todd Bishop,Karachi,Residential,2013-08-06,140.0
CUS-001843,Christopher Porter,Islamabad,Residential,2023-02-21,233.6
CUS-001844,Lori Patton,Rawalpindi,Residential,2025-01-01,286.0
CUS-001845,Aaron Young,Lahore,Industrial,2023-11-02,4144.9
CUS-001846,Joseph Davis,Peshawar,Residential,2022-07-02,195.0
CUS-001847,Philip Fernandez,Faisalabad,Residential,2017-12-09,162.5
CUS-001848,Randy Hopkins,Multan,Residential,2017-06-25,212.9
CUS-001849,Cory Hogan,Islamabad,Residential,2012-09-03,187.8
CUS-001850,Tracy Wells,Karachi,Industrial,2018-11-21,7562.6
CUS-001851,Michael Williams,Rawalpindi,Residential,2022-08-26,161.5
CUS-001852,Dominique Hamilton,Peshawar,Residential,2020-05-09,128.0
CUS-001853,Robert Chang,Faisalabad,Residential,2014-11-30,180.8
CUS-001854,Patrick Buckley,Islamabad,Residential,2020-09-06,189.7
CUS-001855,Richard Washington,Karachi,Commercial,2023-01-22,1229.0
CUS-001856,Steven Griffith,Peshawar,Residential,2017-02-10,144.2
CUS-001857,Erika Gonzalez,Peshawar,Residential,2016-09-03,169.2
CUS-001858,Erika Maxwell,Karachi,Residential,2023-11-20,255.6
CUS-001859,Brent Rojas,Karachi,Residential,2020-09-17,288.3
CUS-001860,Jaime Walker,Lahore,Commercial,2022-10-26,895.4
CUS-001861,John Zamora,Peshawar,Residential,2025-04-01,164.8
CUS-001862,Timothy Gibson,Karachi,Residential,2021-03-27,151.6
CUS-001863,Chad Cortez,Multan,Residential,2013-08-31,69.4
CUS-001864,Vanessa Harris,Faisalabad,Residential,2014-05-30,124.3
CUS-001865,Michael Brown,Faisalabad,Residential,2014-10-04,186.1
CUS-001866,Samuel Ellis,Multan,Residential,2018-02-06,169.1
CUS-001867,Greg Tanner,Faisalabad,Residential,2016-09-02,217.4
CUS-001868,Rachel Little,Islamabad,Residential,2021-05-12,168.3
CUS-001869,Carolyn Cordova,Faisalabad,Residential,2017-12-15,136.4
CUS-001870,Angelica Vincent,Rawalpindi,Industrial,2015-11-09,2460.8
CUS-001871,Zachary Vargas PhD,Faisalabad,Residential,2017-05-17,330.3
CUS-001872,Nicholas Fitzgerald,Multan,Residential,2023-11-10,161.0
CUS-001873,Garrett Riley,Lahore,Residential,2012-02-15,188.3
CUS-001874,Leslie Hernandez,Karachi,Residential,2025-11-26,230.8
CUS-001875,Abigail Baird,Rawalpindi,Residential,2017-11-24,145.7
CUS-001876,John Mack,Lahore,Commercial,2014-01-17,788.1
CUS-001877,Joseph Mendoza,Peshawar,Residential,2021-10-14,85.3
CUS-001878,Samantha Chavez,Rawalpindi,Residential,2024-01-19,155.5
CUS-001879,Justin Smith,Multan,Residential,2018-07-17,161.3
CUS-001880,Tiffany Anderson,Lahore,Residential,2012-11-02,189.1
CUS-001881,Matthew Davis,Karachi,Residential,2021-11-03,61.7
CUS-001882,Eric Warner,Karachi,Residential,2013-02-12,261.2
CUS-001883,Nicole Johnson,Faisalabad,Residential,2024-06-21,204.9
CUS-001884,Raymond Sawyer,Lahore,Residential,2023-08-05,247.4
CUS-001885,Richard Wood,Peshawar,Residential,2011-10-15,276.8
CUS-001886,Mark Dalton,Faisalabad,Residential,2016-05-13,135.6
CUS-001887,Steven Cook,Multan,Residential,2020-03-06,30.3
CUS-001888,Jeffery Nelson,Lahore,Residential,2017-05-02,248.8
CUS-001889,Kimberly Norton,Islamabad,Residential,2018-05-22,162.8
CUS-001890,Angela Gilmore,Lahore,Residential,2018-11-09,112.0
CUS-001891,Amy Dougherty,Lahore,Residential,2025-12-04,214.6
CUS-001892,Stacy Rodriguez,Multan,Residential,2017-08-06,327.8
CUS-001893,Manuel Diaz,Karachi,Residential,2023-02-11,173.5
CUS-001894,Justin Jones,Faisalabad,Residential,2016-02-15,237.1
CUS-001895,Christine Zavala,Peshawar,Residential,2015-06-19,120.7
CUS-001896,Brian Mendoza,Faisalabad,Residential,2021-01-24,78.8
CUS-001897,Lauren Haley,Lahore,Residential,2020-08-11,234.8
CUS-001898,Patrick Perez,Rawalpindi,Commercial,2023-07-30,1312.7
CUS-001899,Derek Frazier,Karachi,Residential,2018-04-28,152.1
CUS-001900,Arthur Reed,Karachi,Residential,2017-03-02,282.4
CUS-001901,Mr. Bryan Mckinney,Lahore,Residential,2018-09-02,74.1
CUS-001902,Kim Carter,Multan,Residential,2016-08-08,106.2
CUS-001903,Rebecca Dougherty,Rawalpindi,Residential,2019-08-03,147.4
CUS-001904,Teresa Jones,Lahore,Residential,2017-01-18,158.6
CUS-001905,Judith Miller,Rawalpindi,Residential,2023-04-29,267.9
CUS-001906,Donna Frye,Karachi,Residential,2026-03-28,183.0
CUS-001907,Donald Terry,Rawalpindi,Residential,2019-07-16,168.4
CUS-001908,Shaun Meyer DDS,Faisalabad,Residential,2017-04-29,103.8
CUS-001909,Wayne Weaver,Lahore,Residential,2021-09-02,245.2
CUS-001910,Gregory Wallace,Islamabad,Residential,2013-11-06,111.8
CUS-001911,Dorothy Brown,Islamabad,Residential,2016-08-19,103.5
CUS-001912,Crystal Meza,Rawalpindi,Residential,2025-07-17,156.0
CUS-001913,Jennifer Cooper,Multan,Residential,2020-05-29,189.8
CUS-001914,Erin Watkins,Lahore,Residential,2014-07-21,136.8
CUS-001915,Sarah Wallace,Peshawar,Residential,2023-09-25,222.4
CUS-001916,Carlos Clarke,Islamabad,Residential,2022-06-17,163.0
CUS-001917,David Washington,Karachi,Commercial,2018-05-24,797.2
CUS-001918,Patricia Williams,Faisalabad,Industrial,2012-04-30,8302.8
CUS-001919,Jesus Jackson,Lahore,Residential,2015-10-23,287.5
CUS-001920,Michelle Mitchell,Lahore,Residential,2013-06-02,153.5
CUS-001921,Sara Schwartz,Faisalabad,Residential,2018-11-28,230.6
CUS-001922,Brittany Young,Islamabad,Residential,2017-01-30,72.8
CUS-001923,Eugene Martinez,Faisalabad,Residential,2024-11-14,353.5
CUS-001924,Cody Hart,Faisalabad,Residential,2021-11-05,227.6
CUS-001925,Evan Cooper,Peshawar,Commercial,2015-05-15,1413.1
CUS-001926,Joshua Martin,Faisalabad,Residential,2016-08-21,164.5
CUS-001927,Thomas Sullivan,Karachi,Residential,2016-01-09,165.2
CUS-001928,Mr. Jimmy Flores Jr.,Peshawar,Residential,2023-10-29,290.4
CUS-001929,Vanessa Rivera,Karachi,Commercial,2019-09-14,960.5
CUS-001930,Kara Roberts,Islamabad,Residential,2014-04-09,153.4
CUS-001931,Veronica Berry,Lahore,Residential,2016-12-05,105.7
CUS-001932,Keith Meadows,Karachi,Residential,2011-11-13,251.8
CUS-001933,Michael Dennis,Lahore,Commercial,2016-06-12,819.6
CUS-001934,Brenda Pierce,Rawalpindi,Residential,2021-02-03,222.4
CUS-001935,James Randall,Rawalpindi,Commercial,2020-06-29,832.3
CUS-001936,Brandon Brown,Islamabad,Residential,2016-12-07,162.0
CUS-001937,Lauren Walker,Islamabad,Residential,2012-02-25,281.1
CUS-001938,Diana Johnson,Multan,Residential,2022-08-17,286.7
CUS-001939,Jill Powers,Islamabad,Residential,2015-04-25,218.4
CUS-001940,Jorge Lee,Rawalpindi,Residential,2012-11-09,238.2
CUS-001941,Larry Harding,Karachi,Commercial,2013-01-06,1122.4
CUS-001942,Heather Hernandez,Faisalabad,Residential,2022-06-13,97.8
CUS-001943,Jaclyn Watson,Faisalabad,Residential,2021-01-17,121.2
CUS-001944,Gregory Madden,Faisalabad,Residential,2018-01-14,248.8
CUS-001945,Anita Luna,Peshawar,Residential,2015-09-14,256.4
CUS-001946,Willie Lara,Faisalabad,Residential,2026-02-07,243.2
CUS-001947,Robert Waller,Islamabad,Residential,2021-11-19,200.8
CUS-001948,Steven Taylor,Faisalabad,Residential,2015-04-01,245.5
CUS-001949,Angelica Clark,Peshawar,Residential,2023-12-03,176.5
CUS-001950,Sean Hatfield,Peshawar,Industrial,2024-01-23,3781.8
CUS-001951,Tyler Avila,Rawalpindi,Residential,2022-07-15,167.7
CUS-001952,Jason Rocha,Multan,Commercial,2019-06-01,970.3
CUS-001953,Justin Page,Karachi,Residential,2018-06-11,231.9
CUS-001954,Breanna Lopez,Rawalpindi,Residential,2012-09-30,256.5
CUS-001955,Julian Williams,Islamabad,Residential,2017-03-02,328.4
CUS-001956,Sandra Torres,Rawalpindi,Residential,2013-10-17,195.8
CUS-001957,Julie Johnson,Rawalpindi,Commercial,2026-03-06,673.3
CUS-001958,Dennis Blanchard,Rawalpindi,Residential,2021-02-13,160.3
CUS-001959,Kaitlyn Valdez,Islamabad,Residential,2024-10-06,171.8
CUS-001960,Jennifer Vasquez,Islamabad,Commercial,2017-04-21,1098.4
CUS-001961,Danielle Wilson,Rawalpindi,Residential,2026-03-25,208.3
CUS-001962,Zachary Jones,Rawalpindi,Residential,2012-10-12,201.8
CUS-001963,Lauren Cunningham,Peshawar,Residential,2025-06-10,226.6
CUS-001964,Lori Alvarez,Karachi,Commercial,2022-10-13,744.2
CUS-001965,Barbara Hunt,Peshawar,Residential,2017-11-28,46.5
CUS-001966,Sarah Martin,Multan,Residential,2011-12-09,193.6
CUS-001967,Francisco Johns,Karachi,Residential,2025-10-13,185.2
CUS-001968,Christopher Nelson,Multan,Industrial,2015-06-09,15.0
CUS-001969,Thomas Kelly,Karachi,Residential,2021-05-06,158.3
CUS-001970,Joseph Mayer,Rawalpindi,Residential,2024-10-11,193.4
CUS-001971,Pamela White,Peshawar,Residential,2024-02-03,213.4
CUS-001972,Paul Stephens,Karachi,Industrial,2018-01-26,2354.7
CUS-001973,Samantha Cohen,Multan,Commercial,2013-05-05,787.9
CUS-001974,Michael Barker,Karachi,Industrial,2014-06-19,3134.7
CUS-001975,Kevin Morrow,Islamabad,Residential,2015-07-02,189.4
CUS-001976,Joseph Watson,Karachi,Residential,2016-02-17,15.0
CUS-001977,Mr. Thomas Garcia,Faisalabad,Residential,2019-04-11,111.4
CUS-001978,Daniel Lopez,Rawalpindi,Commercial,2024-05-07,1201.7
CUS-001979,Lisa Guerra,Lahore,Residential,2015-03-30,193.0
CUS-001980,Kim Arnold,Islamabad,Residential,2023-07-11,256.3
CUS-001981,Ashley Stevens,Lahore,Commercial,2017-03-10,871.0
CUS-001982,Robert Mclean,Rawalpindi,Residential,2018-08-29,230.9
CUS-001983,Eric Cox,Faisalabad,Residential,2022-12-15,218.9
CUS-001984,Stacy Harper,Lahore,Residential,2018-02-14,188.4
CUS-001985,Gloria Mckinney,Karachi,Residential,2022-09-30,214.4
CUS-001986,Robert Walker,Lahore,Residential,2023-03-21,194.8
CUS-001987,Brenda Perez,Peshawar,Residential,2015-09-26,171.5
CUS-001988,Carlos Miller,Rawalpindi,Residential,2021-08-15,203.5
CUS-001989,Rachel Jones,Peshawar,Residential,2020-08-16,266.8
CUS-001990,Nicole Williams,Lahore,Residential,2025-03-06,208.4
CUS-001991,Ricky Palmer,Faisalabad,Residential,2021-09-21,193.1
CUS-001992,Bryan King,Peshawar,Residential,2015-09-03,127.4
CUS-001993,Michael Webster,Islamabad,Residential,2017-09-05,265.0
CUS-001994,Tamara Harris,Lahore,Residential,2011-11-19,95.6
CUS-001995,Cathy Bell,Multan,Residential,2017-10-14,77.6
CUS-001996,Ryan Mcmahon,Peshawar,Residential,2013-07-17,202.3
CUS-001997,Hannah Martin,Karachi,Commercial,2015-08-04,785.0
CUS-001998,Monica Allen,Lahore,Residential,2020-07-17,245.3
CUS-001999,Annette Lane,Faisalabad,Commercial,2026-03-01,261.1
CUS-002000,Daniel Lee,Multan,Residential,2016-05-08,237.7
CUS-002001,Steven Medina,Faisalabad,Residential,2014-11-27,229.3
CUS-002002,Annette Lewis,Islamabad,Residential,2011-11-16,187.1
CUS-002003,Michelle Richardson,Karachi,Residential,2016-06-12,54.0
CUS-002004,Jessica Rosario,Lahore,Residential,2012-07-22,76.6
CUS-002005,Henry Gray,Faisalabad,Residential,2015-11-25,194.4
CUS-002006,Darren Rodriguez,Karachi,Industrial,2022-03-24,5149.8
CUS-002007,Mrs. Ashley Taylor,Lahore,Residential,2023-12-11,223.6
CUS-002008,Michele Hawkins,Lahore,Residential,2020-05-17,175.9
CUS-002009,Garrett Wilson,Rawalpindi,Commercial,2021-01-27,1237.2
CUS-002010,Kyle Collins,Peshawar,Residential,2016-07-05,34.4
CUS-002011,Jill Spencer,Lahore,Commercial,2017-05-29,165.6
CUS-002012,Scott Lopez,Islamabad,Residential,2025-06-23,141.1
CUS-002013,Ryan Alvarez,Multan,Industrial,2011-10-17,1747.0
CUS-002014,Cassie Lutz,Peshawar,Residential,2016-09-07,115.8
CUS-002015,Brian Kim DDS,Rawalpindi,Residential,2016-10-09,87.6
CUS-002016,Charles Morales,Peshawar,Residential,2018-03-27,268.3
CUS-002017,Ashley Schaefer,Peshawar,Residential,2018-07-01,227.7
CUS-002018,Amy Hester,Lahore,Residential,2022-09-07,228.7
CUS-002019,Kurt Ewing,Islamabad,Residential,2014-09-30,167.0
CUS-002020,Ryan Hardy,Lahore,Residential,2022-01-05,75.7
CUS-002021,Micheal Perkins,Faisalabad,Residential,2021-08-24,306.1
CUS-002022,Richard Schneider,Islamabad,Commercial,2015-06-03,1401.3
CUS-002023,John Morrison,Faisalabad,Residential,2012-02-01,188.2
CUS-002024,John Ramirez,Islamabad,Residential,2024-04-27,158.5
CUS-002025,Ashley King,Karachi,Residential,2026-01-16,57.3
CUS-002026,Mark Taylor Jr.,Lahore,Residential,2021-01-09,248.5
CUS-002027,Barry Gregory,Faisalabad,Residential,2019-12-24,116.5
CUS-002028,Janet Shelton,Rawalpindi,Commercial,2016-10-03,1299.5
CUS-002029,Marco Davis,Multan,Commercial,2014-09-13,707.4
CUS-002030,Paul Saunders,Peshawar,Residential,2026-04-19,200.0
CUS-002031,Christina Bates,Karachi,Commercial,2017-02-10,831.1
CUS-002032,Dennis Cooper PhD,Faisalabad,Residential,2015-12-17,260.8
CUS-002033,Tiffany Johnson,Rawalpindi,Residential,2016-04-23,132.5
CUS-002034,Thomas Reyes,Multan,Residential,2021-09-01,189.9
CUS-002035,James Stevens,Multan,Residential,2012-01-18,166.5
CUS-002036,Justin Dalton,Lahore,Residential,2020-12-04,69.6
CUS-002037,Michael Henry,Islamabad,Residential,2014-02-03,197.2
CUS-002038,Mike Freeman,Faisalabad,Residential,2016-11-07,255.1
CUS-002039,Michael Keller,Lahore,Residential,2018-01-16,262.6
CUS-002040,Laura Alvarez,Multan,Residential,2026-06-18,291.4
CUS-002041,Katie Myers,Lahore,Commercial,2011-12-15,801.8
CUS-002042,Wesley Jensen MD,Karachi,Residential,2026-02-15,277.7
CUS-002043,Erica Johnson,Faisalabad,Residential,2019-11-28,191.1
CUS-002044,Russell Bailey,Rawalpindi,Residential,2018-12-05,276.0
CUS-002045,Alyssa Vance,Multan,Residential,2015-02-08,156.3
CUS-002046,Brent Reed,Faisalabad,Residential,2025-05-07,148.2
CUS-002047,Gregory Stanley,Karachi,Residential,2013-07-27,107.1
CUS-002048,Matthew Watkins,Rawalpindi,Residential,2020-08-30,226.6
CUS-002049,Ana Torres,Karachi,Residential,2024-04-12,210.9
CUS-002050,Alejandro Nguyen,Peshawar,Residential,2013-01-19,113.0
CUS-002051,Scott Bradley,Islamabad,Residential,2014-11-11,50.2
CUS-002052,Deborah Dominguez,Islamabad,Residential,2026-05-29,204.9
CUS-002053,Victoria Gray,Islamabad,Residential,2020-02-13,211.8
CUS-002054,Kenneth Stokes,Peshawar,Commercial,2014-04-09,627.2
CUS-002055,Michael Rogers,Multan,Residential,2013-12-24,108.7
CUS-002056,Pamela Morgan,Multan,Commercial,2023-03-16,564.8
CUS-002057,Heidi Graham,Peshawar,Residential,2022-07-25,291.4
CUS-002058,Ryan Cobb PhD,Islamabad,Industrial,2017-08-03,5040.3
CUS-002059,Donna Williams,Islamabad,Residential,2017-09-13,127.2
CUS-002060,Jennifer Perez PhD,Rawalpindi,Residential,2022-10-24,197.9
CUS-002061,Ryan Davis,Rawalpindi,Industrial,2017-11-04,6048.7
CUS-002062,Austin Solis,Lahore,Residential,2020-07-18,158.1
CUS-002063,Daniel Flynn,Faisalabad,Residential,2016-05-15,301.5
CUS-002064,Elizabeth Brock,Faisalabad,Residential,2017-01-08,234.1
CUS-002065,Joshua Gonzalez,Faisalabad,Residential,2013-03-07,157.1
CUS-002066,Mario Chavez,Karachi,Commercial,2024-10-21,957.4
CUS-002067,Catherine Smith,Rawalpindi,Residential,2025-12-06,259.2
CUS-002068,Shari Ray,Rawalpindi,Residential,2022-12-20,251.5
CUS-002069,Victor Harmon,Rawalpindi,Residential,2016-05-06,161.8
CUS-002070,Timothy Patel,Rawalpindi,Residential,2019-08-06,201.0
CUS-002071,Patricia Hamilton,Peshawar,Residential,2017-06-15,171.0
CUS-002072,Lori Boyd,Lahore,Residential,2024-06-02,211.2
CUS-002073,Charles Hernandez,Rawalpindi,Residential,2018-12-27,118.5
CUS-002074,Elizabeth Graham,Multan,Residential,2018-07-11,109.9
CUS-002075,Ronald Brown,Karachi,Commercial,2023-12-06,1166.0
CUS-002076,Jason Colon,Faisalabad,Residential,2018-04-24,236.3
CUS-002077,Dawn Burke,Rawalpindi,Residential,2025-05-22,150.6
CUS-002078,Brian Lee,Peshawar,Residential,2014-04-03,135.1
CUS-002079,Ronald Marshall,Multan,Residential,2015-11-28,248.9
CUS-002080,Jessica Lucas,Faisalabad,Residential,2019-07-21,137.1
CUS-002081,Christopher Taylor,Islamabad,Industrial,2016-08-03,3561.9
CUS-002082,Robert Hopkins,Islamabad,Residential,2018-07-12,175.7
CUS-002083,Samuel Stuart,Faisalabad,Commercial,2014-03-05,913.6
CUS-002084,Mr. Scott Miller,Lahore,Residential,2025-02-20,191.5
CUS-002085,Sharon Lester,Islamabad,Residential,2017-04-28,185.7
CUS-002086,Jack Sandoval,Rawalpindi,Residential,2021-05-07,201.6
CUS-002087,Tony Ramsey,Faisalabad,Residential,2026-02-20,189.5
CUS-002088,Brian Navarro,Peshawar,Residential,2017-09-22,308.1
CUS-002089,Kelly Calderon,Lahore,Commercial,2021-02-05,1122.3
CUS-002090,Tara King,Multan,Residential,2020-11-02,182.3
CUS-002091,Cynthia Martinez,Rawalpindi,Commercial,2013-09-03,887.7
CUS-002092,Erin Silva,Islamabad,Commercial,2020-11-07,791.3
CUS-002093,Paul Young,Karachi,Residential,2026-07-05,231.8
CUS-002094,Charles Thompson,Rawalpindi,Residential,2020-07-20,106.3
CUS-002095,Jessica King,Karachi,Residential,2022-07-12,236.9
CUS-002096,Katherine Brooks,Multan,Industrial,2025-09-16,2860.3
CUS-002097,Emily Coleman,Karachi,Residential,2016-06-15,277.1
CUS-002098,Tracey Suarez,Multan,Residential,2015-05-02,155.9
CUS-002099,Heidi Baldwin,Lahore,Residential,2020-02-06,151.5
CUS-002100,Alisha Rasmussen,Peshawar,Residential,2018-08-24,123.5
CUS-002101,Sarah Bates,Islamabad,Residential,2012-12-17,198.5
CUS-002102,Melissa Mccormick,Islamabad,Residential,2017-02-16,224.0
CUS-002103,Juan Parker,Rawalpindi,Residential,2022-09-09,149.2
CUS-002104,Heidi Burnett,Faisalabad,Residential,2024-10-14,171.5
CUS-002105,Sean Mathews,Islamabad,Residential,2021-05-13,56.8
CUS-002106,Theodore Long,Lahore,Residential,2019-11-04,270.6
CUS-002107,Dawn Davis,Islamabad,Residential,2024-06-26,86.1
CUS-002108,Cynthia Clark,Rawalpindi,Residential,2024-04-16,202.5
CUS-002109,Sydney Welch,Islamabad,Residential,2014-01-05,194.3
CUS-002110,Pamela Sullivan,Peshawar,Residential,2017-02-10,182.7
CUS-002111,Sean Morrow,Multan,Residential,2024-08-26,184.1
CUS-002112,Kaitlin Gutierrez,Karachi,Residential,2014-03-21,119.3
CUS-002113,Michelle Mcdowell,Karachi,Residential,2025-08-02,160.3
CUS-002114,Samantha Hale,Multan,Residential,2025-05-08,238.1
CUS-002115,Heather Guzman,Karachi,Residential,2016-06-02,255.9
CUS-002116,Nancy Chavez,Peshawar,Commercial,2015-12-23,321.1
CUS-002117,Anthony May,Lahore,Commercial,2024-12-12,874.3
CUS-002118,Rachel Taylor,Rawalpindi,Commercial,2014-09-10,1473.5
CUS-002119,Mark Edwards,Peshawar,Residential,2018-06-26,291.2
CUS-002120,Christopher Black,Rawalpindi,Residential,2015-04-06,136.9
CUS-002121,Sandra Hines,Lahore,Residential,2020-08-09,174.2
CUS-002122,Melissa Sparks,Peshawar,Residential,2026-05-15,265.0
CUS-002123,John Moss,Islamabad,Residential,2023-06-29,148.4
CUS-002124,Michael Serrano,Faisalabad,Residential,2026-02-12,170.1
CUS-002125,Christina Perry,Lahore,Commercial,2019-01-25,393.7
CUS-002126,Shawn Duffy,Karachi,Residential,2013-04-06,282.7
CUS-002127,Courtney Vaughan,Peshawar,Residential,2020-08-13,141.3
CUS-002128,Maria Sims,Lahore,Residential,2016-07-19,263.5
CUS-002129,Valerie Gonzalez,Lahore,Residential,2025-05-01,163.1
CUS-002130,Caroline Morales,Peshawar,Residential,2013-12-24,126.8
CUS-002131,David Davis,Karachi,Commercial,2018-07-02,1193.3
CUS-002132,Travis Wilson,Multan,Residential,2025-12-18,110.5
CUS-002133,Jessica Mora,Karachi,Commercial,2011-09-16,1485.5
CUS-002134,Michael Wilson,Lahore,Residential,2012-02-02,369.0
CUS-002135,Cheryl Atkins,Rawalpindi,Commercial,2021-09-14,737.3
CUS-002136,Donna Snyder,Multan,Residential,2024-07-16,173.7
CUS-002137,Scott Greene,Multan,Residential,2026-06-16,243.1
CUS-002138,Diane Byrd MD,Lahore,Residential,2024-06-19,124.1
CUS-002139,Charles Roberts,Peshawar,Residential,2012-08-27,134.2
CUS-002140,Luke Solomon,Peshawar,Industrial,2017-10-29,2776.5
CUS-002141,Michael Ellis,Peshawar,Residential,2015-06-26,185.3
CUS-002142,Casey Morris,Karachi,Residential,2022-04-15,102.4
CUS-002143,Melissa Reeves,Islamabad,Industrial,2013-05-30,6193.6
CUS-002144,Nancy Scott,Peshawar,Residential,2023-03-11,171.3
CUS-002145,Anthony Cook,Peshawar,Residential,2021-04-04,272.5
CUS-002146,Terry Barajas,Multan,Residential,2019-07-29,102.4
CUS-002147,Tracy George,Rawalpindi,Residential,2011-12-17,96.8
CUS-002148,Amber King,Rawalpindi,Commercial,2018-10-11,1409.7
CUS-002149,Elizabeth Foster,Lahore,Residential,2022-06-09,249.1
CUS-002150,Walter Hansen,Lahore,Residential,2015-12-23,213.1
CUS-002151,Debbie Gordon,Lahore,Residential,2017-07-19,198.2
CUS-002152,Sherry Anderson,Peshawar,Commercial,2023-11-15,906.0
CUS-002153,Joseph Thomas,Rawalpindi,Residential,2023-01-27,220.6
CUS-002154,Andrew Anderson,Lahore,Commercial,2017-01-10,563.0
CUS-002155,Sandy Adkins,Rawalpindi,Residential,2022-04-18,164.6
CUS-002156,Diane Mcdowell,Peshawar,Residential,2019-03-28,123.1
CUS-002157,Pam Baker,Multan,Industrial,2021-04-18,6100.3
CUS-002158,Steven Stewart,Peshawar,Residential,2017-12-31,232.7
CUS-002159,Pamela Hernandez DVM,Lahore,Residential,2013-06-15,87.3
CUS-002160,Rebecca Brown,Peshawar,Residential,2013-10-13,280.6
CUS-002161,David Johnson,Peshawar,Residential,2015-07-10,152.6
CUS-002162,Michael Graham,Rawalpindi,Residential,2023-12-01,198.6
CUS-002163,Tammy Williams MD,Islamabad,Industrial,2022-11-06,2834.4
CUS-002164,Karina Vasquez,Karachi,Commercial,2013-04-10,1006.2
CUS-002165,Sharon Martinez,Lahore,Residential,2014-02-15,152.4
CUS-002166,Sean White,Faisalabad,Residential,2017-10-06,187.9
CUS-002167,Jordan Nelson,Islamabad,Residential,2016-09-03,128.8
CUS-002168,Laurie Silva,Multan,Residential,2025-03-23,115.9
CUS-002169,Kelly Duncan,Faisalabad,Residential,2023-06-22,121.3
CUS-002170,Billy Tate,Lahore,Commercial,2014-09-27,971.1
CUS-002171,Stacy Johnson,Islamabad,Residential,2013-01-20,203.9
CUS-002172,Melanie Long,Peshawar,Commercial,2021-03-08,608.9
CUS-002173,Tiffany Hood,Lahore,Residential,2012-09-16,232.4
CUS-002174,Brad Rivas,Islamabad,Residential,2025-01-07,135.7
CUS-002175,Jordan Moses,Karachi,Residential,2018-12-09,63.0
CUS-002176,Abigail Booker,Peshawar,Residential,2015-04-04,221.8
CUS-002177,Tiffany Nguyen,Lahore,Residential,2015-06-26,278.8
CUS-002178,Morgan Bernard,Multan,Industrial,2016-01-05,4252.6
CUS-002179,Christine Williams,Multan,Residential,2018-03-29,66.8
CUS-002180,Erica Brown,Lahore,Commercial,2023-05-09,662.1
CUS-002181,Trevor James,Islamabad,Residential,2022-01-15,163.5
CUS-002182,Christopher Hanna,Lahore,Industrial,2020-01-31,6143.5
CUS-002183,Ann Phelps,Faisalabad,Residential,2020-06-22,129.2
CUS-002184,Richard Mitchell,Peshawar,Industrial,2022-12-18,4116.4
CUS-002185,Martha Martinez,Rawalpindi,Residential,2013-10-24,94.8
CUS-002186,Jeffrey Drake MD,Multan,Residential,2015-11-28,193.3
CUS-002187,Bonnie Wade,Islamabad,Commercial,2014-11-26,786.9
CUS-002188,Kayla Burns,Karachi,Residential,2017-02-19,206.2
CUS-002189,Karen Hart,Lahore,Residential,2017-01-06,135.0
CUS-002190,Peter Shepherd,Peshawar,Residential,2015-12-13,15.0
CUS-002191,Jessica Simmons,Lahore,Industrial,2025-09-13,1912.3
CUS-002192,Glenn Ford,Karachi,Residential,2013-12-19,209.6
CUS-002193,Michael Moore,Peshawar,Residential,2021-01-23,261.2
CUS-002194,Mark Warren IV,Karachi,Residential,2018-09-11,54.6
CUS-002195,Terry Woods,Peshawar,Residential,2018-03-02,140.7
CUS-002196,Carl Leach,Rawalpindi,Commercial,2016-01-02,884.1
CUS-002197,Kelly Phillips,Multan,Residential,2022-09-13,214.3
CUS-002198,Billy Williams,Peshawar,Residential,2021-12-22,92.2
CUS-002199,Jeffery Davis,Karachi,Commercial,2013-10-16,769.2
CUS-002200,Laura King,Islamabad,Residential,2015-12-19,145.7
CUS-002201,Brad Gordon,Multan,Residential,2017-05-03,68.7
CUS-002202,Matthew White,Faisalabad,Residential,2021-02-07,135.0
CUS-002203,James Miller,Rawalpindi,Residential,2012-01-09,210.9
CUS-002204,Elizabeth Matthews,Lahore,Residential,2014-10-06,71.2
CUS-002205,Michael Hanson,Rawalpindi,Residential,2016-02-15,218.2
CUS-002206,Vincent Savage,Rawalpindi,Residential,2020-04-27,197.0
CUS-002207,Cody Burgess,Lahore,Residential,2015-06-23,164.8
CUS-002208,Shelby Rodriguez,Peshawar,Residential,2022-05-13,81.9
CUS-002209,Abigail Wilson,Rawalpindi,Residential,2022-09-22,86.7
CUS-002210,John Holt,Multan,Residential,2026-06-19,156.1
CUS-002211,Tracy Guzman,Rawalpindi,Residential,2017-08-29,112.5
CUS-002212,Mr. William Ward,Islamabad,Residential,2020-10-30,160.0
CUS-002213,Melissa Foster,Multan,Residential,2014-02-23,234.4
CUS-002214,Calvin Smith,Islamabad,Residential,2016-09-27,163.6
CUS-002215,Alan Waller,Multan,Residential,2013-12-06,162.0
CUS-002216,Christine Wong,Karachi,Residential,2024-04-28,162.0
CUS-002217,Jessica Garrett,Lahore,Residential,2016-04-17,240.8
CUS-002218,Cheryl Turner,Multan,Residential,2017-03-10,257.6
CUS-002219,John Johnson,Multan,Residential,2024-07-07,205.3
CUS-002220,Christian Park,Peshawar,Commercial,2018-11-05,426.7
CUS-002221,Kaitlyn Heath,Peshawar,Commercial,2014-02-16,1499.3
CUS-002222,Christina Hudson,Karachi,Residential,2019-06-11,265.7
CUS-002223,Amber Smith,Peshawar,Residential,2014-03-22,208.6
CUS-002224,Michelle Petty,Faisalabad,Residential,2024-12-27,271.3
CUS-002225,Nancy Larson,Faisalabad,Residential,2011-10-26,154.9
CUS-002226,Donna Freeman,Peshawar,Residential,2025-09-24,99.9
CUS-002227,Mr. Logan Gregory,Faisalabad,Residential,2016-09-17,139.9
CUS-002228,Katherine Klein,Islamabad,Residential,2016-03-21,146.2
CUS-002229,Jennifer Stewart,Faisalabad,Residential,2014-12-14,276.3
CUS-002230,Steven Butler,Peshawar,Residential,2015-10-04,224.2
CUS-002231,Johnny Mcmillan,Peshawar,Residential,2023-03-19,141.8
CUS-002232,Michael Smith,Faisalabad,Residential,2023-05-19,228.5
CUS-002233,Corey Cooper,Karachi,Residential,2021-04-20,172.2
CUS-002234,Daniel Stout,Karachi,Residential,2016-12-03,278.1
CUS-002235,Lance Kirby,Rawalpindi,Residential,2018-06-16,160.0
CUS-002236,Bonnie Carter,Peshawar,Residential,2025-03-22,87.7
CUS-002237,Toni Whitaker,Peshawar,Residential,2025-02-15,168.8
CUS-002238,Morgan Flynn,Multan,Residential,2024-02-20,160.0
CUS-002239,Sarah Howell,Peshawar,Residential,2024-03-22,99.4
CUS-002240,Paul Estrada,Islamabad,Commercial,2023-04-16,630.1
CUS-002241,Curtis Obrien,Faisalabad,Commercial,2019-06-04,728.2
CUS-002242,Jason Chaney,Multan,Residential,2015-01-05,112.7
CUS-002243,Daniel Williams,Peshawar,Residential,2014-08-17,238.4
CUS-002244,Stanley Kelly,Islamabad,Residential,2021-07-07,143.6
CUS-002245,Ronald Kline,Rawalpindi,Commercial,2017-07-20,1279.5
CUS-002246,Arthur Jordan,Multan,Residential,2013-01-29,172.2
CUS-002247,Barbara Walker,Faisalabad,Industrial,2016-07-09,6624.9
CUS-002248,Gerald Kelly,Faisalabad,Residential,2012-08-10,208.4
CUS-002249,Shawn Adams,Lahore,Residential,2019-11-10,118.5
CUS-002250,Michael Robertson,Peshawar,Commercial,2019-08-01,512.1
CUS-002251,Michelle House,Multan,Residential,2022-08-31,210.2
CUS-002252,Jim Skinner,Faisalabad,Residential,2024-08-15,230.1
CUS-002253,Brian Bishop,Karachi,Residential,2026-01-30,133.2
CUS-002254,Theresa Colon,Multan,Residential,2012-06-10,113.1
CUS-002255,Brian Soto,Karachi,Residential,2020-01-22,251.0
CUS-002256,Susan Moore,Peshawar,Residential,2015-04-22,110.5
CUS-002257,Jeremy Hunter,Islamabad,Residential,2015-06-05,189.0
CUS-002258,Annette Holland,Karachi,Residential,2022-08-21,241.1
CUS-002259,Chad Allison,Multan,Industrial,2021-11-23,2275.4
CUS-002260,Jason Mack,Multan,Residential,2021-04-25,250.2
CUS-002261,Robert Peterson,Faisalabad,Residential,2015-04-06,163.7
CUS-002262,Angela Watson,Karachi,Residential,2021-11-22,103.4
CUS-002263,Heather Ortega,Rawalpindi,Residential,2018-05-30,202.5
CUS-002264,Paul Fisher,Faisalabad,Residential,2012-03-16,191.9
CUS-002265,Robert Gutierrez,Rawalpindi,Industrial,2020-09-10,2454.0
CUS-002266,Jimmy Phelps,Rawalpindi,Residential,2019-11-03,123.3
CUS-002267,Heidi Johnson,Karachi,Residential,2012-12-19,164.9
CUS-002268,Adam Drake,Karachi,Residential,2014-06-10,136.1
CUS-002269,Angela Edwards,Multan,Residential,2023-12-31,171.5
CUS-002270,Mrs. Amy Malone,Peshawar,Commercial,2012-07-21,952.5
CUS-002271,Margaret Orr,Peshawar,Residential,2025-01-29,127.7
CUS-002272,Mark Reeves,Islamabad,Residential,2019-05-27,208.1
CUS-002273,Kelly Phillips,Karachi,Residential,2012-07-06,167.2
CUS-002274,Michael Spencer,Faisalabad,Residential,2015-01-01,260.7
CUS-002275,Patrick Blankenship,Faisalabad,Residential,2020-05-05,141.1
CUS-002276,Douglas Rose,Peshawar,Residential,2020-04-11,291.7
CUS-002277,Melody Griffin,Peshawar,Residential,2018-07-13,196.6
CUS-002278,Joshua Kramer,Rawalpindi,Residential,2019-08-13,256.3
CUS-002279,Melissa Barron,Rawalpindi,Residential,2023-04-06,186.9
CUS-002280,Jennifer Gonzalez,Faisalabad,Industrial,2016-05-12,4098.5
CUS-002281,Andrew Cook,Faisalabad,Commercial,2021-01-23,1126.1
CUS-002282,Natalie Martinez,Rawalpindi,Residential,2014-07-15,96.8
CUS-002283,Diane Davis DDS,Lahore,Residential,2013-05-05,173.3
CUS-002284,Nicole Moore,Peshawar,Residential,2012-11-06,190.3
CUS-002285,Robert Vargas,Rawalpindi,Residential,2014-07-20,182.7
CUS-002286,Raymond Barber,Rawalpindi,Residential,2019-09-12,259.8
CUS-002287,Mrs. Amy Watson,Karachi,Residential,2014-10-24,171.1
CUS-002288,Heather Williams,Faisalabad,Commercial,2018-11-15,832.0
CUS-002289,Belinda Evans,Multan,Industrial,2020-02-06,7197.6
CUS-002290,Jody Bird,Rawalpindi,Residential,2020-04-13,138.6
CUS-002291,Virginia Cunningham,Karachi,Residential,2024-06-14,238.1
CUS-002292,Lori Ferguson,Islamabad,Residential,2013-04-08,89.7
CUS-002293,Hayley Mitchell,Rawalpindi,Residential,2024-10-30,194.7
CUS-002294,Michelle Chambers,Multan,Residential,2023-03-16,132.3
CUS-002295,Kelly Wright,Karachi,Residential,2014-07-06,15.0
CUS-002296,Kevin Carson,Multan,Commercial,2023-08-17,455.0
CUS-002297,Brent Dawson,Rawalpindi,Residential,2020-10-08,177.0
CUS-002298,Angela Brown,Islamabad,Residential,2018-05-31,166.9
CUS-002299,Karen Griffin,Rawalpindi,Residential,2011-08-12,194.6
CUS-002300,Joseph Chapman,Karachi,Residential,2022-11-11,163.8
CUS-002301,Jennifer Baker,Islamabad,Residential,2020-07-29,184.1
CUS-002302,Mr. Jeremiah Galvan MD,Islamabad,Commercial,2018-12-15,1056.7
CUS-002303,Samantha Thomas,Islamabad,Residential,2014-03-28,177.9
CUS-002304,Michael Anderson,Lahore,Residential,2019-03-05,169.8
CUS-002305,Sharon Wilson,Karachi,Residential,2019-04-11,126.4
CUS-002306,John Francis,Lahore,Residential,2025-10-19,215.7
CUS-002307,Jaclyn Crane,Multan,Commercial,2016-01-28,799.3
CUS-002308,Jennifer Martinez,Islamabad,Residential,2024-07-17,158.2
CUS-002309,Amanda Hernandez,Lahore,Commercial,2015-04-27,896.6
CUS-002310,William Turner,Rawalpindi,Residential,2015-09-18,192.7
CUS-002311,Dr. Charles Lawrence,Lahore,Residential,2019-12-24,138.1
CUS-002312,Steven Small,Peshawar,Residential,2016-03-18,255.0
CUS-002313,Robert Burns,Multan,Residential,2018-03-03,108.6
CUS-002314,Gregory Harrell,Islamabad,Residential,2026-03-08,118.1
CUS-002315,Kenneth Knight,Islamabad,Commercial,2025-09-18,895.3
CUS-002316,Rachael Alvarez,Faisalabad,Residential,2018-11-17,285.1
CUS-002317,Lisa Gill,Multan,Residential,2016-05-14,145.4
CUS-002318,Julia Cole,Multan,Residential,2026-02-21,204.8
CUS-002319,Sean Nguyen,Karachi,Residential,2018-08-16,108.5
CUS-002320,Mary Ortiz,Rawalpindi,Residential,2014-01-14,124.3
CUS-002321,James Weaver,Faisalabad,Residential,2012-08-01,247.9
CUS-002322,Stacy Fitzgerald,Multan,Residential,2018-01-19,201.9
CUS-002323,Sharon Mann,Faisalabad,Residential,2016-02-24,249.8
CUS-002324,Rebecca Zimmerman,Multan,Residential,2025-05-29,245.2
CUS-002325,Becky Hansen,Faisalabad,Residential,2018-03-20,54.6
CUS-002326,Luke Ray,Karachi,Residential,2021-02-13,108.2
CUS-002327,Kelly Lopez,Multan,Residential,2019-08-22,196.5
CUS-002328,Steven Martinez,Lahore,Industrial,2014-05-01,5363.7
CUS-002329,Catherine Smith,Peshawar,Residential,2023-03-23,116.7
CUS-002330,Danielle Thornton,Peshawar,Residential,2022-12-26,265.6
CUS-002331,Jill Roman,Peshawar,Residential,2014-10-14,147.5
CUS-002332,Jennifer Williams,Multan,Residential,2019-02-03,222.6
CUS-002333,Allison Kim,Faisalabad,Commercial,2016-05-18,1350.5
CUS-002334,Scott Stewart,Peshawar,Residential,2019-07-09,139.2
CUS-002335,Brian Garcia,Rawalpindi,Industrial,2013-02-20,6270.8
CUS-002336,Charles Scott,Lahore,Commercial,2016-01-31,1153.0
CUS-002337,Eric Russell,Peshawar,Residential,2020-09-12,267.3
CUS-002338,Lucas Nguyen,Islamabad,Residential,2020-02-15,140.9
CUS-002339,Anthony Price,Multan,Residential,2013-11-29,184.1
CUS-002340,Jason Nguyen,Lahore,Residential,2013-12-09,88.8
CUS-002341,Ronald Martinez,Rawalpindi,Residential,2023-01-15,139.7
CUS-002342,Paul Willis,Peshawar,Residential,2023-04-30,200.5
CUS-002343,Paul Cruz Jr.,Rawalpindi,Residential,2024-04-27,224.6
CUS-002344,John Russell,Multan,Residential,2020-09-15,213.4
CUS-002345,Mr. David Mercado,Peshawar,Residential,2013-12-13,58.1
CUS-002346,Victor Leonard,Islamabad,Commercial,2025-11-17,712.3
CUS-002347,Justin Glover,Lahore,Residential,2026-03-30,122.0
CUS-002348,Jason Miller,Faisalabad,Commercial,2021-05-09,770.7
CUS-002349,Christina Faulkner,Islamabad,Residential,2023-05-16,173.3
CUS-002350,William Casey,Peshawar,Residential,2023-03-28,244.0
CUS-002351,Jessica Buck,Karachi,Residential,2015-08-16,197.7
CUS-002352,Aaron Marshall,Lahore,Residential,2025-07-10,265.1
CUS-002353,Donna Stanton,Rawalpindi,Residential,2018-08-24,138.0
CUS-002354,Timothy Olson,Peshawar,Residential,2024-05-18,95.0
CUS-002355,Sara James,Islamabad,Commercial,2016-02-19,948.7
CUS-002356,Mark Richards,Multan,Residential,2013-10-08,206.0
CUS-002357,Amber Stevenson,Faisalabad,Residential,2016-08-01,135.4
CUS-002358,Elizabeth Foster,Karachi,Commercial,2016-11-19,1140.5
CUS-002359,Charles Hawkins,Faisalabad,Residential,2022-09-21,230.1
CUS-002360,Jeffrey Bishop,Multan,Residential,2018-04-25,187.2
CUS-002361,Emily Fleming,Peshawar,Residential,2017-12-13,136.3
CUS-002362,Dean Mullins,Rawalpindi,Commercial,2017-06-23,775.4
CUS-002363,David Bird,Islamabad,Residential,2017-10-29,197.4
CUS-002364,Joe Greene,Lahore,Residential,2022-12-23,191.9
CUS-002365,Michael Lucas,Karachi,Residential,2017-08-19,252.7
CUS-002366,John Valenzuela,Peshawar,Commercial,2026-01-21,600.8
CUS-002367,Jennifer Woodard,Peshawar,Residential,2016-11-17,122.2
CUS-002368,Pamela Medina,Peshawar,Industrial,2023-08-15,4874.0
CUS-002369,Mariah Jones,Peshawar,Residential,2026-02-24,190.5
CUS-002370,Ronnie Powers,Islamabad,Commercial,2023-01-18,720.2
CUS-002371,Heather Hess,Lahore,Residential,2011-11-24,211.3
CUS-002372,Heather Thompson,Rawalpindi,Residential,2022-02-10,191.2
CUS-002373,Melissa Smith,Karachi,Commercial,2014-09-19,313.5
CUS-002374,Timothy Wallace,Faisalabad,Residential,2022-04-19,15.0
CUS-002375,Alejandro Campbell,Peshawar,Residential,2016-01-02,116.2
CUS-002376,Heather Davis,Multan,Residential,2017-03-06,199.7
CUS-002377,Elizabeth Robbins,Peshawar,Residential,2016-05-28,16.9
CUS-002378,Johnny Cox,Lahore,Residential,2023-05-28,184.3
CUS-002379,Tanner Mann,Lahore,Residential,2016-06-18,219.7
CUS-002380,Craig Nicholson,Islamabad,Residential,2019-12-17,230.0
CUS-002381,Sergio Carroll,Islamabad,Residential,2014-07-31,215.9
CUS-002382,Juan Keller MD,Multan,Residential,2014-10-24,237.5
CUS-002383,Krystal Jones,Multan,Residential,2019-02-09,276.3
CUS-002384,Austin Green,Islamabad,Residential,2024-05-19,245.8
CUS-002385,Crystal Mills,Karachi,Residential,2013-03-14,191.8
CUS-002386,Cheryl Gregory,Multan,Residential,2015-03-26,171.9
CUS-002387,Melissa Patel MD,Islamabad,Industrial,2016-06-17,1985.4
CUS-002388,Jordan Pace,Peshawar,Residential,2018-10-05,163.5
CUS-002389,Terri Williams,Islamabad,Commercial,2022-05-14,1298.4
CUS-002390,Jessica Carney,Faisalabad,Commercial,2018-08-13,904.6
CUS-002391,Michael Owens,Karachi,Commercial,2026-02-03,668.1
CUS-002392,Peter Stephenson,Islamabad,Residential,2012-04-16,259.4
CUS-002393,Donald Fisher,Islamabad,Commercial,2021-06-11,793.4
CUS-002394,Aaron Lee,Peshawar,Commercial,2021-11-12,1081.3
CUS-002395,Kenneth Johnson,Multan,Residential,2025-03-01,179.4
CUS-002396,Vanessa Coleman,Peshawar,Residential,2018-11-14,130.6
CUS-002397,David Martin,Faisalabad,Residential,2015-10-14,236.2
CUS-002398,Mark Davis,Faisalabad,Residential,2020-08-27,129.3
CUS-002399,Robert Watkins,Peshawar,Residential,2017-03-14,173.1
CUS-002400,Felicia Wright,Islamabad,Residential,2013-02-12,236.4
CUS-002401,David Peterson,Peshawar,Residential,2021-02-23,137.3
CUS-002402,Gavin Bauer,Lahore,Residential,2015-09-22,204.7
CUS-002403,Patricia Harvey,Rawalpindi,Residential,2017-02-12,121.6
CUS-002404,Lori Riley,Rawalpindi,Residential,2025-05-20,194.7
CUS-002405,Antonio Johnson,Peshawar,Commercial,2013-04-06,719.0
CUS-002406,Ryan Brown,Multan,Residential,2013-08-10,177.5
CUS-002407,Thomas Ramos,Karachi,Residential,2022-10-16,182.0
CUS-002408,Mark Jones,Faisalabad,Residential,2016-06-12,206.6
CUS-002409,Kristin Phillips,Peshawar,Residential,2023-03-04,163.2
CUS-002410,Brendan Walton,Multan,Residential,2017-10-11,233.4
CUS-002411,Kyle Keller,Peshawar,Industrial,2013-11-14,2881.8
CUS-002412,James Pope,Islamabad,Residential,2013-11-06,124.5
CUS-002413,Lisa Morgan,Faisalabad,Industrial,2016-01-24,5428.5
CUS-002414,Rachel Gibson,Faisalabad,Residential,2014-08-03,161.8
CUS-002415,Corey Garcia,Multan,Residential,2012-12-01,299.7
CUS-002416,Andrea Clarke,Faisalabad,Residential,2015-04-07,162.6
CUS-002417,Kenneth Walsh,Karachi,Commercial,2020-02-24,1045.0
CUS-002418,Jason Hardy,Peshawar,Residential,2022-12-26,222.1
CUS-002419,David Robles,Lahore,Residential,2015-06-30,156.8
CUS-002420,Eric Graham,Multan,Commercial,2019-07-12,776.6
CUS-002421,Nicole Collins,Rawalpindi,Residential,2015-12-14,266.4
CUS-002422,Patricia Hernandez,Multan,Residential,2011-12-07,160.7
CUS-002423,Grant Wood,Lahore,Commercial,2023-02-15,633.6
CUS-002424,Kevin Gregory,Faisalabad,Residential,2012-08-14,110.8
CUS-002425,Jonathon Conley,Lahore,Residential,2023-05-01,274.1
CUS-002426,Jennifer Gonzalez,Faisalabad,Residential,2022-03-21,151.2
CUS-002427,Terry Glover,Lahore,Residential,2016-04-15,252.0
CUS-002428,Michael Neal,Karachi,Residential,2024-05-03,143.9
CUS-002429,Ms. Erin Lane,Karachi,Residential,2025-02-08,250.1
CUS-002430,Lisa Barnes,Multan,Residential,2018-04-04,228.4
CUS-002431,Jesse Mccormick,Karachi,Residential,2024-10-20,166.3
CUS-002432,Daniel Smith,Rawalpindi,Commercial,2014-05-09,986.1
CUS-002433,David Hanson,Faisalabad,Industrial,2018-08-04,5377.7
CUS-002434,Nicholas Cisneros,Islamabad,Residential,2018-06-24,140.1
CUS-002435,Patrick Harris,Multan,Residential,2016-07-28,243.9
CUS-002436,William Cox,Peshawar,Commercial,2021-09-18,637.5
CUS-002437,Alvin Wilson,Peshawar,Residential,2022-02-09,113.1
CUS-002438,Cory Willis,Multan,Residential,2015-06-01,164.9
CUS-002439,Amanda Johnson,Islamabad,Commercial,2022-10-04,976.2
CUS-002440,Christopher Mcclure,Peshawar,Commercial,2011-12-14,825.6
CUS-002441,Gina Spencer,Multan,Residential,2013-05-20,168.2
CUS-002442,Alex Cameron,Multan,Residential,2017-09-25,223.4
CUS-002443,Alisha Byrd,Lahore,Residential,2017-07-08,171.7
CUS-002444,Richard Rodriguez,Rawalpindi,Residential,2018-11-11,195.3
CUS-002445,Elizabeth Allen,Peshawar,Residential,2012-04-27,209.1
CUS-002446,Mary Pugh,Rawalpindi,Residential,2019-06-28,159.4
CUS-002447,Yolanda Keith,Faisalabad,Residential,2025-03-23,223.8
CUS-002448,Ana Thomas,Multan,Commercial,2019-04-01,838.7
CUS-002449,Rebecca Lee,Islamabad,Commercial,2011-11-06,872.8
CUS-002450,James Greene,Multan,Residential,2018-02-16,159.3
CUS-002451,Dana Williams,Peshawar,Commercial,2012-01-31,1155.7
CUS-002452,Chelsea Nichols,Rawalpindi,Commercial,2019-02-16,1247.0
CUS-002453,Erin Brown,Lahore,Residential,2023-07-07,177.9
CUS-002454,Shelley York,Lahore,Residential,2023-05-24,164.5
CUS-002455,Stacey Clark,Multan,Residential,2018-12-11,256.5
CUS-002456,John Alvarado,Islamabad,Residential,2020-03-07,123.7
CUS-002457,Jordan Potter,Faisalabad,Residential,2021-01-25,235.6
CUS-002458,Katrina Jimenez,Karachi,Residential,2022-07-24,163.4
CUS-002459,Frank Brooks,Peshawar,Residential,2020-01-15,135.0
CUS-002460,Michelle Simpson,Multan,Residential,2026-02-20,166.1
CUS-002461,James Morse,Lahore,Commercial,2023-04-02,1168.9
CUS-002462,Amanda Robinson,Lahore,Residential,2019-07-16,150.1
CUS-002463,Scott Foster,Islamabad,Residential,2023-07-09,246.8
CUS-002464,Stephen Duncan,Lahore,Residential,2024-03-25,135.5
CUS-002465,Jacqueline Pierce,Peshawar,Residential,2012-11-30,188.4
CUS-002466,Bradley Wallace,Islamabad,Commercial,2025-05-14,926.6
CUS-002467,Kevin Marshall,Rawalpindi,Residential,2020-09-15,187.8
CUS-002468,Jessica Mcdonald,Islamabad,Residential,2026-06-02,226.3
CUS-002469,Robert Stewart,Faisalabad,Commercial,2022-10-28,762.4
CUS-002470,Christopher Hall,Peshawar,Residential,2023-01-19,217.4
CUS-002471,Heather Miller,Faisalabad,Residential,2018-01-13,219.1
CUS-002472,Kayla Schneider,Peshawar,Residential,2015-09-26,238.1
CUS-002473,Tammy Garcia,Rawalpindi,Commercial,2018-05-04,956.3
CUS-002474,Andrew Gonzalez,Multan,Residential,2024-09-28,210.5
CUS-002475,Gary Turner,Islamabad,Residential,2022-08-18,234.1
CUS-002476,Melinda Hill,Peshawar,Residential,2021-04-23,155.3
CUS-002477,Yolanda Murillo,Peshawar,Residential,2012-09-10,147.1
CUS-002478,Nancy Gaines,Rawalpindi,Commercial,2021-04-09,1233.2
CUS-002479,Elijah Short,Karachi,Residential,2016-09-03,118.1
CUS-002480,Jennifer Sullivan,Islamabad,Residential,2019-06-24,219.9
CUS-002481,Mary Kennedy,Peshawar,Residential,2021-12-08,316.9
CUS-002482,Paige Hernandez,Lahore,Commercial,2023-11-04,607.4
CUS-002483,Darrell Curry,Rawalpindi,Residential,2018-01-21,152.0
CUS-002484,Jose Hartman,Karachi,Commercial,2011-12-05,621.8
CUS-002485,Miranda Murray,Karachi,Commercial,2020-03-06,698.9
CUS-002486,Emily Lopez,Rawalpindi,Residential,2011-09-13,138.3
CUS-002487,Melissa Clark,Karachi,Residential,2023-12-17,176.6
CUS-002488,Justin Brooks,Peshawar,Residential,2011-11-20,126.4
CUS-002489,Bethany Harding,Karachi,Commercial,2014-12-19,836.0
CUS-002490,Robert Flowers,Islamabad,Residential,2017-12-23,102.4
CUS-002491,Jason Jennings,Lahore,Residential,2015-06-20,234.1
CUS-002492,Richard Medina,Peshawar,Commercial,2014-12-06,665.1
CUS-002493,Alexander Floyd,Rawalpindi,Residential,2021-09-01,202.9
CUS-002494,Brittany Cisneros,Lahore,Residential,2016-06-23,171.8
CUS-002495,Mark Morrison,Multan,Residential,2018-06-08,194.8
CUS-002496,Sharon Baird,Peshawar,Residential,2021-07-13,153.6
CUS-002497,James Ferguson,Lahore,Commercial,2023-02-03,1099.7
CUS-002498,Brian Hudson,Karachi,Residential,2020-03-05,121.2
CUS-002499,Steven Davis,Multan,Residential,2016-11-23,179.3
CUS-002500,Juan Johnson,Rawalpindi,Commercial,2024-09-26,926.3
CUS-002501,Katherine Lopez,Rawalpindi,Residential,2024-07-17,155.2
CUS-002502,Victor Campbell,Islamabad,Industrial,2013-11-18,5433.9
CUS-002503,Matthew Jones,Karachi,Industrial,2023-02-20,4898.9
CUS-002504,Joseph Jackson,Islamabad,Residential,2014-09-06,243.5
CUS-002505,Jennifer Moore,Islamabad,Residential,2014-04-25,197.7
CUS-002506,Joshua Mendoza,Karachi,Residential,2011-12-30,201.2
CUS-002507,Troy Glenn,Peshawar,Residential,2020-08-01,137.3
CUS-002508,Daniel Reynolds,Multan,Residential,2024-03-16,100.1
CUS-002509,Karen Munoz,Faisalabad,Residential,2023-03-27,155.2
CUS-002510,Laurie Shaw,Islamabad,Residential,2019-08-30,136.4
CUS-002511,Desiree Smith,Lahore,Commercial,2025-11-05,1177.5
CUS-002512,Austin Ross,Multan,Residential,2016-06-28,116.0
CUS-002513,Kelly Kent,Peshawar,Residential,2016-04-23,230.5
CUS-002514,Julia Johnston,Karachi,Residential,2015-01-14,136.1
CUS-002515,Donna Ibarra,Rawalpindi,Industrial,2014-09-20,3406.6
CUS-002516,Michael Dawson,Peshawar,Residential,2016-02-15,178.8
CUS-002517,Louis Patrick,Islamabad,Commercial,2017-12-07,385.6
CUS-002518,David Yoder,Lahore,Residential,2015-08-26,285.5
CUS-002519,Judith Bartlett,Multan,Residential,2025-07-28,289.6
CUS-002520,Keith Long,Karachi,Residential,2014-11-05,103.1
CUS-002521,Cynthia Harrell,Rawalpindi,Residential,2016-11-27,157.6
CUS-002522,Mark Carter,Multan,Residential,2013-08-27,146.2
CUS-002523,Melissa Bowen,Lahore,Residential,2025-01-05,202.2
CUS-002524,Johnny Riddle,Faisalabad,Residential,2018-03-01,198.6
CUS-002525,Whitney Jones,Rawalpindi,Industrial,2024-01-19,3163.9
CUS-002526,Randall Nguyen,Karachi,Residential,2017-03-14,140.3
CUS-002527,David Hunter,Multan,Industrial,2018-03-25,4283.2
CUS-002528,Benjamin Neal,Peshawar,Residential,2022-09-14,20.8
CUS-002529,Jane Reese,Islamabad,Residential,2022-08-23,102.1
CUS-002530,Jennifer Smith,Karachi,Residential,2017-04-12,232.0
CUS-002531,Thomas Murphy,Lahore,Residential,2018-04-09,267.9
CUS-002532,Kari Jones,Peshawar,Residential,2017-07-24,260.9
CUS-002533,Dana Dodson,Multan,Residential,2014-09-03,234.6
CUS-002534,Robert Skinner,Rawalpindi,Residential,2017-04-13,119.3
CUS-002535,Albert Garcia,Peshawar,Residential,2023-10-04,109.1
CUS-002536,Joseph Myers,Peshawar,Residential,2012-12-27,71.3
CUS-002537,Phillip Byrd,Lahore,Commercial,2014-03-21,649.1
CUS-002538,Hunter Robinson,Islamabad,Residential,2025-03-25,185.2
CUS-002539,Michael Robinson,Faisalabad,Residential,2022-05-31,119.5
CUS-002540,Sara Cain,Peshawar,Residential,2013-06-03,205.9
CUS-002541,Michelle Prince,Peshawar,Residential,2022-11-22,219.1
CUS-002542,Eric Williams,Islamabad,Residential,2013-05-26,151.5
CUS-002543,Raymond Wang,Islamabad,Residential,2018-11-26,99.6
CUS-002544,Jade Allen,Rawalpindi,Residential,2020-08-17,262.9
CUS-002545,Javier Hays,Multan,Residential,2022-10-16,182.1
CUS-002546,Corey Caldwell,Rawalpindi,Residential,2016-05-01,296.5
CUS-002547,Stephen Robles,Islamabad,Residential,2014-06-15,185.5
CUS-002548,Carol Jackson,Faisalabad,Residential,2026-04-21,189.7
CUS-002549,Brian Murphy,Karachi,Industrial,2023-07-16,4139.0
CUS-002550,Chelsey Clark,Islamabad,Residential,2016-12-21,154.6
CUS-002551,Teresa Martinez,Rawalpindi,Residential,2015-06-01,86.5
CUS-002552,Howard Thompson,Lahore,Commercial,2013-04-11,955.2
CUS-002553,Eugene Price,Lahore,Commercial,2018-06-03,1296.1
CUS-002554,Austin Briggs,Multan,Residential,2011-09-18,163.0
CUS-002555,Jackie Jones,Peshawar,Residential,2023-08-04,154.6
CUS-002556,Eric George,Faisalabad,Industrial,2017-07-30,4583.5
CUS-002557,Mrs. Kimberly Mooney,Lahore,Residential,2024-05-25,156.9
CUS-002558,Carolyn Haley,Rawalpindi,Commercial,2016-11-23,599.8
CUS-002559,Vicki Horton,Lahore,Residential,2025-09-18,188.7
CUS-002560,Valerie Benson,Faisalabad,Residential,2024-02-01,109.2
CUS-002561,Mark Henson,Faisalabad,Residential,2018-01-30,241.8
CUS-002562,Samuel Olson,Karachi,Residential,2024-04-02,283.5
CUS-002563,Lee Richards,Islamabad,Commercial,2016-02-03,949.9
CUS-002564,Martin Hall,Islamabad,Industrial,2026-07-09,2704.9
CUS-002565,Virginia Hall,Rawalpindi,Residential,2012-11-12,253.2
CUS-002566,Stephanie Parker,Peshawar,Residential,2021-03-16,80.6
CUS-002567,Nicole Harvey,Faisalabad,Commercial,2017-06-02,1133.6
CUS-002568,James Phillips,Islamabad,Residential,2018-08-21,245.9
CUS-002569,Dan Johnson,Lahore,Residential,2025-10-18,209.3
CUS-002570,Linda Bautista,Faisalabad,Residential,2015-09-14,172.5
CUS-002571,Erin Ramirez,Karachi,Residential,2021-04-06,99.8
CUS-002572,Paige Meyer,Peshawar,Commercial,2016-06-05,830.3
CUS-002573,Maria Roberts,Peshawar,Residential,2013-09-14,206.9
CUS-002574,Ryan Rivera,Peshawar,Residential,2015-04-27,113.7
CUS-002575,Joshua Knox,Islamabad,Industrial,2020-01-11,5336.2
CUS-002576,Danielle Mcdaniel,Multan,Residential,2013-07-07,109.0
CUS-002577,Lisa James,Peshawar,Residential,2013-12-05,156.9
CUS-002578,Jeremy Smith,Rawalpindi,Residential,2021-12-22,98.8
CUS-002579,Andrea Lee,Lahore,Residential,2022-12-23,92.5
CUS-002580,Brenda Harris,Multan,Residential,2012-07-08,200.4
CUS-002581,Kevin Guerra,Karachi,Residential,2023-07-30,145.2
CUS-002582,Cynthia Miller,Lahore,Residential,2024-07-12,150.9
CUS-002583,Emily Griffith,Rawalpindi,Residential,2021-06-19,142.0
CUS-002584,Christopher Wright,Rawalpindi,Residential,2017-02-24,343.4
CUS-002585,Jerome Reid,Faisalabad,Residential,2017-10-17,216.4
CUS-002586,Richard Miller,Multan,Residential,2013-12-15,222.9
CUS-002587,Jennifer Jackson,Lahore,Residential,2014-03-06,133.5
CUS-002588,Jonathan Moss,Islamabad,Residential,2025-07-28,210.3
CUS-002589,Sally Leon,Faisalabad,Residential,2026-01-02,166.3
CUS-002590,James Dickerson,Rawalpindi,Industrial,2022-09-03,15.0
CUS-002591,Tammy Larson,Peshawar,Commercial,2023-09-11,1351.6
CUS-002592,Nicholas Scott,Karachi,Residential,2014-04-25,214.4
CUS-002593,Jesse Brooks,Karachi,Commercial,2024-09-20,704.4
CUS-002594,Andrea Taylor,Rawalpindi,Residential,2013-03-28,121.7
CUS-002595,Christopher Lopez,Peshawar,Industrial,2014-01-10,4800.5
CUS-002596,Jonathan Swanson,Lahore,Residential,2019-01-11,176.5
CUS-002597,Timothy Bentley DVM,Karachi,Residential,2016-03-03,145.6
CUS-002598,John Davidson,Peshawar,Residential,2020-12-07,216.8
CUS-002599,Jennifer Williams,Peshawar,Residential,2025-03-02,220.8
CUS-002600,Janice Cunningham,Islamabad,Industrial,2015-07-24,5494.8
CUS-002601,Jeffrey Scott,Rawalpindi,Residential,2016-05-24,229.7
CUS-002602,Miranda Hicks,Peshawar,Residential,2023-04-17,191.6
CUS-002603,Michael Horton DDS,Faisalabad,Residential,2016-07-20,127.7
CUS-002604,Nancy Allen,Lahore,Residential,2024-11-12,168.1
CUS-002605,Robert Mccoy,Karachi,Residential,2012-02-12,188.1
CUS-002606,Melissa Brewer,Faisalabad,Residential,2024-08-12,235.7
CUS-002607,Jesus Becker,Islamabad,Industrial,2025-03-27,4205.5
CUS-002608,Lance Lynn,Lahore,Residential,2012-04-19,145.7
CUS-002609,Alexandria Wise,Karachi,Residential,2017-03-25,238.0
CUS-002610,Sydney Sanders,Rawalpindi,Commercial,2020-07-14,1085.2
CUS-002611,Stephanie Stone,Lahore,Residential,2019-06-10,272.7
CUS-002612,Jay Gallegos,Karachi,Residential,2013-12-18,185.2
CUS-002613,Eric Ponce,Islamabad,Residential,2011-10-30,117.8
CUS-002614,Janet Parker,Faisalabad,Commercial,2024-12-27,740.4
CUS-002615,Shawn Luna,Karachi,Residential,2012-12-23,145.4
CUS-002616,Mark Frank,Peshawar,Industrial,2026-05-07,3589.4
CUS-002617,Charles Goodman,Islamabad,Commercial,2013-04-13,834.4
CUS-002618,Jennifer Parker,Lahore,Residential,2018-09-14,182.7
CUS-002619,Dr. April Jones,Multan,Residential,2026-04-11,169.8
CUS-002620,Kelly Pena,Rawalpindi,Residential,2024-05-18,80.9
CUS-002621,Carolyn Brooks,Faisalabad,Residential,2019-08-12,119.9
CUS-002622,Christina White,Islamabad,Commercial,2013-08-11,1034.0
CUS-002623,Joanne Olsen,Faisalabad,Industrial,2020-08-09,3419.3
CUS-002624,Anthony White,Islamabad,Residential,2021-02-08,294.6
CUS-002625,Deanna Barrera,Islamabad,Residential,2016-04-01,117.7
CUS-002626,Mark Weber,Karachi,Residential,2018-08-11,178.2
CUS-002627,Carol Carter,Peshawar,Residential,2025-01-27,249.8
CUS-002628,Donald Peterson,Multan,Residential,2013-07-08,146.1
CUS-002629,Karen Chambers,Rawalpindi,Residential,2021-05-25,150.9
CUS-002630,Antonio Walton,Faisalabad,Residential,2017-01-22,162.4
CUS-002631,Kevin Huerta,Rawalpindi,Residential,2020-10-04,153.3
CUS-002632,Joseph Smith,Peshawar,Residential,2022-04-17,211.9
CUS-002633,Victoria Juarez,Karachi,Commercial,2018-09-25,970.2
CUS-002634,Kara Rogers,Karachi,Commercial,2022-10-10,811.1
CUS-002635,Jacob Wu,Peshawar,Residential,2024-04-25,122.4
CUS-002636,Dr. Teresa Ortega MD,Faisalabad,Residential,2014-07-14,53.0
CUS-002637,Henry Rivera,Peshawar,Residential,2014-11-17,179.4
CUS-002638,Jesus Hale,Lahore,Residential,2013-07-17,157.4
CUS-002639,Stacy Taylor,Karachi,Residential,2025-08-30,169.3
CUS-002640,Sheila Ramirez,Faisalabad,Residential,2014-12-21,198.8
CUS-002641,Robin Richardson,Islamabad,Residential,2012-10-30,218.7
CUS-002642,Mary Alvarez,Rawalpindi,Residential,2013-01-07,281.2
CUS-002643,Cole Andersen,Karachi,Residential,2017-08-18,138.6
CUS-002644,Robin Smith,Peshawar,Residential,2024-11-01,226.5
CUS-002645,Angel Aguirre,Islamabad,Residential,2013-03-05,222.5
CUS-002646,Jeremy Lawson,Lahore,Industrial,2014-12-24,4628.7
CUS-002647,Lonnie Miller,Multan,Residential,2014-05-12,130.0
CUS-002648,Timothy Galvan,Lahore,Residential,2021-06-10,102.8
CUS-002649,Dr. Susan Navarro,Islamabad,Residential,2016-07-04,206.9
CUS-002650,Cory Thomas,Faisalabad,Industrial,2026-02-19,7243.7
CUS-002651,Laura Vincent,Faisalabad,Residential,2021-07-29,201.5
CUS-002652,Bethany Robles,Islamabad,Residential,2019-05-13,161.7
CUS-002653,Michael Dunn,Faisalabad,Commercial,2020-03-19,400.1
CUS-002654,Carol Griffin,Peshawar,Residential,2024-10-14,178.3
CUS-002655,Matthew Allen,Faisalabad,Residential,2022-12-10,155.9
CUS-002656,Paul Keller,Multan,Residential,2013-07-27,226.6
CUS-002657,Jeffrey Baldwin,Peshawar,Residential,2017-11-25,115.8
CUS-002658,Timothy Orr,Rawalpindi,Residential,2021-06-20,133.1
CUS-002659,Connie Scott,Faisalabad,Residential,2020-03-31,187.3
CUS-002660,Steven Martinez,Multan,Residential,2025-07-19,157.9
CUS-002661,Joseph Swanson,Multan,Residential,2012-02-12,113.5
CUS-002662,Michael Wiggins,Rawalpindi,Residential,2025-02-13,211.9
CUS-002663,Pamela Burke,Lahore,Residential,2017-05-08,145.7
CUS-002664,Jamie Love,Islamabad,Residential,2012-04-27,129.3
CUS-002665,Jane May,Lahore,Industrial,2014-07-23,5397.3
CUS-002666,Savannah Stokes,Faisalabad,Residential,2014-04-28,126.4
CUS-002667,Brian Miller,Faisalabad,Residential,2013-09-26,177.9
CUS-002668,Patrick Pineda,Peshawar,Residential,2012-02-11,158.4
CUS-002669,Audrey Richardson,Karachi,Residential,2023-06-18,149.2
CUS-002670,Tiffany Ray,Faisalabad,Residential,2014-01-08,149.6
CUS-002671,Antonio Nichols,Faisalabad,Residential,2016-06-01,239.7
CUS-002672,Veronica Flores,Peshawar,Residential,2020-02-21,202.2
CUS-002673,Michael Hogan,Karachi,Residential,2018-10-28,77.4
CUS-002674,Lindsay Walker,Islamabad,Commercial,2016-09-25,769.9
CUS-002675,Joshua Murray,Islamabad,Residential,2020-12-25,211.0
CUS-002676,Tommy Hood,Multan,Residential,2023-10-17,207.5
CUS-002677,Mr. Kyle Thomas DDS,Islamabad,Residential,2020-03-20,233.3
CUS-002678,Michele George,Rawalpindi,Residential,2018-05-08,180.9
CUS-002679,William Martinez,Rawalpindi,Residential,2014-10-23,217.2
CUS-002680,Michelle Mendoza DVM,Karachi,Residential,2020-11-15,152.1
CUS-002681,Michael Bennett DVM,Lahore,Residential,2019-10-01,230.9
CUS-002682,Ronald Clark,Multan,Residential,2013-05-12,193.1
CUS-002683,Rita Graves,Lahore,Commercial,2015-10-09,1179.3
CUS-002684,Sean White,Karachi,Residential,2023-01-26,242.2
CUS-002685,Mr. William Hopkins,Rawalpindi,Residential,2025-05-22,172.3
CUS-002686,Wendy Kelley,Peshawar,Commercial,2016-08-20,766.9
CUS-002687,Michael Mooney,Faisalabad,Residential,2024-12-02,153.4
CUS-002688,Jeanne Rose,Multan,Residential,2015-06-01,157.8
CUS-002689,Michael Lee,Karachi,Residential,2023-08-24,193.8
CUS-002690,Jennifer Anderson,Lahore,Residential,2018-11-16,120.7
CUS-002691,Lauren Trujillo,Karachi,Residential,2019-10-17,85.9
CUS-002692,Michelle Ellis,Karachi,Residential,2021-07-02,116.1
CUS-002693,Chad Dominguez,Islamabad,Residential,2021-07-28,202.9
CUS-002694,Charles Robinson,Rawalpindi,Residential,2016-09-17,170.3
CUS-002695,Nancy Smith,Multan,Commercial,2019-05-08,1035.6
CUS-002696,Laura Gregory,Islamabad,Residential,2012-07-18,176.1
CUS-002697,Brittany Clements MD,Rawalpindi,Residential,2017-01-21,230.6
CUS-002698,Tammy Davis,Karachi,Residential,2021-03-09,138.4
CUS-002699,Catherine Williams,Rawalpindi,Residential,2025-12-30,153.9
CUS-002700,Miss Leslie Booker,Lahore,Commercial,2013-06-27,772.7
CUS-002701,Jennifer Johnson,Multan,Residential,2014-12-29,171.2
CUS-002702,John Watts,Islamabad,Residential,2018-06-06,165.6
CUS-002703,Marissa Bennett,Multan,Residential,2013-04-06,127.7
CUS-002704,Rebecca Barrett,Karachi,Residential,2019-10-26,84.9
CUS-002705,Sharon Santos,Lahore,Residential,2016-01-07,217.9
CUS-002706,Matthew Richardson,Rawalpindi,Residential,2024-08-19,211.2
CUS-002707,Bradley Burns,Faisalabad,Residential,2016-03-09,143.2
CUS-002708,Katrina Johnson,Rawalpindi,Residential,2018-02-10,202.7
CUS-002709,Laura Hill,Lahore,Residential,2026-04-16,170.0
CUS-002710,Rebecca White,Faisalabad,Residential,2012-11-04,246.4
CUS-002711,Mr. Jeffrey Duncan,Rawalpindi,Commercial,2024-07-16,814.7
CUS-002712,Arthur Stout,Islamabad,Commercial,2019-02-19,219.7
CUS-002713,Cathy Hess,Peshawar,Commercial,2017-07-15,1484.1
CUS-002714,Justin Herrera,Rawalpindi,Industrial,2025-08-24,6598.6
CUS-002715,Katherine Stone,Karachi,Residential,2026-07-03,272.2
CUS-002716,Michelle Tyler,Rawalpindi,Residential,2014-07-06,172.6
CUS-002717,Paul Sheppard,Multan,Residential,2024-02-20,224.6
CUS-002718,Catherine George,Karachi,Commercial,2014-11-30,1092.0
CUS-002719,Justin Mcbride,Rawalpindi,Residential,2011-11-09,244.3
CUS-002720,Carl Harris,Rawalpindi,Industrial,2022-07-19,5526.5
CUS-002721,Justin York,Karachi,Residential,2016-11-19,160.0
CUS-002722,William Hunter,Islamabad,Commercial,2020-07-27,1252.0
CUS-002723,Joshua Henderson,Faisalabad,Residential,2013-11-14,209.2
CUS-002724,April Turner,Faisalabad,Residential,2024-06-07,140.7
CUS-002725,Kelly Patton,Peshawar,Commercial,2019-06-09,1088.6
CUS-002726,Jill Ray,Peshawar,Residential,2023-07-18,158.7
CUS-002727,Kelly Andersen,Faisalabad,Commercial,2017-01-06,622.1
CUS-002728,Joshua Clark,Islamabad,Residential,2015-01-16,170.3
CUS-002729,Robert Young,Rawalpindi,Residential,2025-09-26,138.4
CUS-002730,Elijah Wall,Peshawar,Residential,2019-07-11,246.3
CUS-002731,Lindsey Robinson,Islamabad,Residential,2017-03-11,194.4
CUS-002732,Carl Dean,Islamabad,Residential,2013-02-05,176.8
CUS-002733,David James,Peshawar,Residential,2014-01-28,205.2
CUS-002734,Jennifer Miller,Faisalabad,Residential,2021-01-25,79.7
CUS-002735,Jeffery Neal,Karachi,Residential,2020-10-29,305.4
CUS-002736,Andrea Oconnor,Lahore,Residential,2024-03-08,181.5
CUS-002737,Melissa Lee MD,Faisalabad,Residential,2022-10-23,62.2
CUS-002738,Samantha Jacobs,Karachi,Residential,2013-11-15,251.8
CUS-002739,Christian Riddle,Faisalabad,Residential,2025-08-30,134.9
CUS-002740,Alexander Munoz,Rawalpindi,Residential,2020-09-13,242.6
CUS-002741,Caleb Rodriguez,Karachi,Residential,2024-05-29,187.3
CUS-002742,Andrea Bowman,Multan,Residential,2015-10-05,85.8
CUS-002743,Gavin Nelson,Lahore,Residential,2025-11-29,195.7
CUS-002744,Courtney Smith,Faisalabad,Industrial,2025-10-05,3210.7
CUS-002745,Wayne Gray,Lahore,Commercial,2016-01-11,887.7
CUS-002746,Timothy Thompson,Islamabad,Residential,2025-01-17,211.3
CUS-002747,Elizabeth Nicholson,Multan,Residential,2026-02-08,105.6
CUS-002748,Joseph Graves PhD,Rawalpindi,Commercial,2024-12-09,781.6
CUS-002749,Lisa Mosley,Islamabad,Residential,2018-08-03,155.2
CUS-002750,Travis Price,Karachi,Residential,2013-08-20,283.2
CUS-002751,Patrick Faulkner,Karachi,Residential,2025-08-07,158.7
CUS-002752,Linda Atkinson,Peshawar,Residential,2011-08-11,167.3
CUS-002753,Cameron Smith,Islamabad,Industrial,2015-05-10,4433.9
CUS-002754,Brittney Martinez,Multan,Residential,2019-11-24,150.1
CUS-002755,Nicolas Brown,Islamabad,Residential,2016-04-02,134.2
CUS-002756,Vanessa Zimmerman,Islamabad,Residential,2025-05-17,250.6
CUS-002757,Lee Mann,Islamabad,Commercial,2020-10-01,687.6
CUS-002758,William Lindsey,Lahore,Commercial,2025-12-01,848.3
CUS-002759,Desiree Patterson,Peshawar,Residential,2012-06-27,229.7
CUS-002760,Sierra Cervantes,Faisalabad,Residential,2017-09-23,262.7
CUS-002761,Scott Meza,Rawalpindi,Residential,2013-10-01,182.6
CUS-002762,Erik Davis,Rawalpindi,Commercial,2023-11-16,771.3
CUS-002763,Nicholas Duffy,Rawalpindi,Commercial,2023-01-05,708.5
CUS-002764,Anthony Paul,Lahore,Residential,2023-08-24,215.7
CUS-002765,Katherine Baxter,Peshawar,Residential,2025-10-16,185.1
CUS-002766,Jessica Romero,Multan,Residential,2015-03-23,202.0
CUS-002767,Karen Robertson,Peshawar,Residential,2023-05-03,261.9
CUS-002768,Dr. Melissa Sullivan DDS,Lahore,Residential,2021-03-30,214.9
CUS-002769,Nichole Klein,Multan,Residential,2017-06-09,191.9
CUS-002770,Nicole Sanchez,Islamabad,Residential,2014-06-28,69.3
CUS-002771,Tiffany Morrow,Karachi,Residential,2024-01-20,133.0
CUS-002772,Kelsey Lynch,Islamabad,Residential,2012-08-28,155.7
CUS-002773,Traci Craig,Rawalpindi,Residential,2025-12-23,61.4
CUS-002774,Kelly Walker,Islamabad,Residential,2015-09-23,113.4
CUS-002775,Ryan Palmer,Lahore,Residential,2024-12-02,163.9
CUS-002776,Jenny Gray,Rawalpindi,Residential,2013-06-12,173.7
CUS-002777,Brian Sloan,Karachi,Residential,2022-08-22,210.3
CUS-002778,Joshua Miranda,Multan,Residential,2025-09-10,167.7
CUS-002779,Edwin Carter,Multan,Commercial,2013-11-14,1314.9
CUS-002780,Oscar Carroll,Rawalpindi,Residential,2018-03-21,154.9
CUS-002781,Eric Fitzpatrick,Faisalabad,Commercial,2021-08-20,537.7
CUS-002782,Samantha Johnson,Faisalabad,Residential,2022-12-14,207.1
CUS-002783,Luke Freeman,Islamabad,Residential,2011-10-07,268.4
CUS-002784,Luis Murphy,Faisalabad,Residential,2013-05-10,149.1
CUS-002785,Aaron Zamora,Peshawar,Residential,2016-03-31,188.7
CUS-002786,Henry Garcia,Peshawar,Residential,2013-02-19,232.1
CUS-002787,Bradley Robertson Jr.,Multan,Residential,2020-12-24,93.6
CUS-002788,John Moore,Peshawar,Commercial,2018-08-20,1471.7
CUS-002789,Courtney Foster,Rawalpindi,Residential,2021-06-16,250.7
CUS-002790,Jeffrey White,Peshawar,Commercial,2016-01-24,867.9
CUS-002791,Ashley Gonzales,Lahore,Commercial,2013-06-20,1246.6
CUS-002792,Candice Gomez,Multan,Residential,2022-09-09,146.1
CUS-002793,Ian Harrell,Karachi,Residential,2018-05-20,156.2
CUS-002794,Colton Williams,Peshawar,Residential,2012-08-27,201.0
CUS-002795,Patrick Santana,Lahore,Commercial,2026-03-18,608.5
CUS-002796,Cristian Mendoza,Lahore,Residential,2025-03-10,152.0
CUS-002797,Deborah Fisher,Rawalpindi,Commercial,2016-09-12,1555.5
CUS-002798,Rebecca Klein,Multan,Residential,2015-08-31,202.3
CUS-002799,Phillip Macias,Rawalpindi,Industrial,2026-05-06,3393.6
CUS-002800,Tammy Cameron,Karachi,Residential,2017-04-18,119.6
CUS-002801,Brian Rodriguez,Karachi,Residential,2024-11-24,283.4
CUS-002802,Christopher Porter,Islamabad,Commercial,2013-04-15,1027.3
CUS-002803,Cynthia Gregory,Karachi,Commercial,2018-07-26,870.8
CUS-002804,William Mclaughlin,Multan,Residential,2020-05-01,207.1
CUS-002805,Dylan Tucker,Faisalabad,Residential,2024-09-04,216.4
CUS-002806,Danielle Hernandez,Faisalabad,Residential,2021-12-02,142.6
CUS-002807,Danielle Wang,Multan,Industrial,2023-06-16,3086.3
CUS-002808,Wendy Wright,Rawalpindi,Commercial,2022-12-02,1192.1
CUS-002809,Christina Mccarthy,Lahore,Commercial,2014-12-16,1158.9
CUS-002810,Meredith Shaw,Islamabad,Residential,2013-02-21,122.5
CUS-002811,Willie Garza,Faisalabad,Residential,2026-06-27,235.1
CUS-002812,Crystal Anderson,Faisalabad,Residential,2020-08-09,176.9
CUS-002813,William Hickman,Karachi,Commercial,2020-07-17,684.6
CUS-002814,Luis Davis,Lahore,Residential,2017-01-05,215.1
CUS-002815,Jason Torres,Rawalpindi,Commercial,2024-07-29,862.5
CUS-002816,Crystal Rogers,Peshawar,Residential,2021-07-11,137.0
CUS-002817,Jordan Schneider,Islamabad,Residential,2024-02-02,254.0
CUS-002818,Derrick Ramirez,Multan,Residential,2025-12-22,314.6
CUS-002819,Jason Flores,Lahore,Residential,2017-11-23,114.6
CUS-002820,Andrew Williams,Rawalpindi,Residential,2021-02-14,169.0
CUS-002821,Christy Kennedy,Rawalpindi,Residential,2024-07-06,200.2
CUS-002822,Ashlee Lopez,Islamabad,Residential,2015-10-14,316.8
CUS-002823,Heidi Torres,Islamabad,Commercial,2022-05-29,999.7
CUS-002824,Adam Arnold,Karachi,Residential,2015-09-21,123.6
CUS-002825,Erin Figueroa,Karachi,Residential,2015-05-12,123.2
CUS-002826,Richard Rice,Multan,Residential,2019-03-08,253.3
CUS-002827,Matthew Clark,Multan,Residential,2017-11-12,137.5
CUS-002828,Stephen Anderson,Islamabad,Commercial,2024-01-30,644.3
CUS-002829,Barbara Willis,Islamabad,Residential,2026-04-09,193.9
CUS-002830,Martha Lee,Lahore,Commercial,2012-11-04,866.2
CUS-002831,Tammy Jones,Karachi,Residential,2013-02-11,244.3
CUS-002832,Grace Swanson,Rawalpindi,Residential,2023-08-18,185.5
CUS-002833,Christina Le MD,Faisalabad,Residential,2015-03-24,194.9
CUS-002834,Joshua King,Faisalabad,Residential,2018-12-28,173.7
CUS-002835,Sarah Meadows,Faisalabad,Residential,2020-06-03,101.7
CUS-002836,Stephanie West,Karachi,Residential,2021-07-15,168.0
CUS-002837,Susan Jones,Karachi,Residential,2013-02-26,183.8
CUS-002838,Timothy Gordon,Islamabad,Residential,2023-04-04,153.4
CUS-002839,Kyle Horton,Faisalabad,Residential,2022-03-05,86.1
CUS-002840,Angel Knight,Islamabad,Residential,2019-12-21,111.9
CUS-002841,Melissa Yang,Karachi,Residential,2024-02-06,177.6
CUS-002842,Michael Berg,Peshawar,Residential,2017-03-18,236.0
CUS-002843,Carol Christensen,Peshawar,Residential,2019-05-07,280.9
CUS-002844,Richard Morales,Multan,Residential,2025-05-29,169.0
CUS-002845,Clinton Moore,Karachi,Residential,2017-04-24,137.0
CUS-002846,Michael Suarez,Faisalabad,Commercial,2020-07-31,966.4
CUS-002847,Joy Zimmerman,Peshawar,Residential,2020-05-30,117.2
CUS-002848,Elizabeth Robinson,Multan,Residential,2023-06-12,227.3
CUS-002849,Kristen Jackson,Multan,Industrial,2025-11-02,6142.9
CUS-002850,David Williams,Karachi,Residential,2020-03-11,138.4
CUS-002851,Stephen Ho,Multan,Residential,2013-05-11,108.5
CUS-002852,Richard Day,Islamabad,Residential,2023-01-02,240.4
CUS-002853,Rodney Nichols,Islamabad,Residential,2016-12-26,199.1
CUS-002854,Gregory Jacobs,Islamabad,Residential,2021-08-22,200.1
CUS-002855,Bradley Thornton,Rawalpindi,Industrial,2025-02-01,6071.7
CUS-002856,Miranda Ortiz,Islamabad,Residential,2017-11-24,98.0
CUS-002857,Erika Brown,Faisalabad,Commercial,2017-06-24,842.1
CUS-002858,Samantha Robinson,Islamabad,Residential,2022-09-16,170.3
CUS-002859,Cassandra Bonilla,Karachi,Residential,2016-10-14,183.8
CUS-002860,Veronica Osborne,Peshawar,Residential,2023-05-13,158.7
CUS-002861,Ashley Reese,Faisalabad,Commercial,2024-04-26,964.6
CUS-002862,Matthew Berg,Peshawar,Industrial,2020-02-28,4297.4
CUS-002863,Kristen Montoya,Islamabad,Residential,2019-05-28,147.0
CUS-002864,Derrick Perkins,Islamabad,Industrial,2025-08-19,5902.3
CUS-002865,Nicole Moore,Islamabad,Residential,2023-09-26,238.3
CUS-002866,Nicholas Richardson,Multan,Residential,2020-12-22,136.5
CUS-002867,Anna White,Karachi,Residential,2023-03-17,171.2
CUS-002868,Scott Lopez,Karachi,Residential,2021-08-02,240.0
CUS-002869,Nicholas Holland Jr.,Karachi,Residential,2011-12-27,243.3
CUS-002870,Christopher Long,Peshawar,Residential,2020-01-24,193.1
CUS-002871,Andrea Jones,Faisalabad,Residential,2011-12-19,325.1
CUS-002872,Terry Waller,Faisalabad,Residential,2025-09-19,298.8
CUS-002873,Joseph Acosta,Rawalpindi,Residential,2013-01-29,95.6
CUS-002874,Lindsey Gray,Peshawar,Industrial,2025-05-04,2944.1
CUS-002875,Ronald Hines,Karachi,Residential,2023-07-27,227.7
CUS-002876,Amanda Wright,Lahore,Residential,2022-06-25,261.9
CUS-002877,Charles Burton,Rawalpindi,Residential,2024-04-11,166.5
CUS-002878,Vincent Rosario,Islamabad,Residential,2015-05-22,149.9
CUS-002879,Noah Morgan,Multan,Commercial,2023-10-25,1148.6
CUS-002880,Christina Castillo,Peshawar,Residential,2016-09-26,109.9
CUS-002881,Jill Martin,Multan,Commercial,2026-02-17,820.7
CUS-002882,Christopher Brown,Rawalpindi,Residential,2015-04-26,157.1
CUS-002883,Lori Martinez,Faisalabad,Residential,2018-04-05,198.1
CUS-002884,Ashley Phillips,Lahore,Residential,2012-04-26,70.5
CUS-002885,Sara Thomas,Rawalpindi,Residential,2018-06-10,240.1
CUS-002886,Allison Simmons,Peshawar,Residential,2026-05-22,215.3
CUS-002887,Matthew Perez,Karachi,Residential,2015-07-14,99.3
CUS-002888,Janice Henson,Islamabad,Residential,2023-06-12,195.5
CUS-002889,Ashley Jackson,Karachi,Residential,2014-09-23,180.3
CUS-002890,Brian Sosa,Karachi,Industrial,2023-02-08,3689.6
CUS-002891,Luis Wilson,Peshawar,Residential,2019-10-09,15.0
CUS-002892,Tamara Huang,Karachi,Residential,2016-05-28,140.4
CUS-002893,Cassandra Moreno,Karachi,Residential,2017-08-04,198.1
CUS-002894,Meghan Hernandez,Peshawar,Residential,2016-10-21,147.1
CUS-002895,Elizabeth Roth,Peshawar,Residential,2023-10-09,166.7
CUS-002896,Brian Hendricks,Lahore,Commercial,2024-03-16,515.7
CUS-002897,Tasha Cochran,Karachi,Industrial,2024-05-20,1181.9
CUS-002898,Angela Smith,Rawalpindi,Residential,2016-08-01,54.2
CUS-002899,Brittany Rios,Faisalabad,Residential,2020-10-19,168.9
CUS-002900,James Griffith,Islamabad,Residential,2022-08-23,186.0
CUS-002901,Karen Jones,Multan,Residential,2024-01-30,130.5
CUS-002902,Tina Ramirez,Islamabad,Residential,2015-01-01,224.1
CUS-002903,Zachary White,Peshawar,Residential,2023-12-20,92.3
CUS-002904,Francisco Coleman,Multan,Residential,2013-02-11,171.7
CUS-002905,Jennifer Leon,Peshawar,Residential,2022-05-17,91.6
CUS-002906,Robert Valdez,Faisalabad,Residential,2021-02-22,162.3
CUS-002907,Jason Crawford,Faisalabad,Residential,2016-04-10,222.5
CUS-002908,Kim Underwood,Lahore,Residential,2019-01-09,170.3
CUS-002909,Kevin Fisher,Karachi,Residential,2014-05-20,166.8
CUS-002910,Melissa Goodman,Peshawar,Commercial,2017-04-25,109.2
CUS-002911,Cynthia Smith,Faisalabad,Residential,2015-07-22,184.7
CUS-002912,Alicia Grant DVM,Peshawar,Commercial,2022-02-27,1050.6
CUS-002913,Amy Bailey,Islamabad,Residential,2016-11-01,222.0
CUS-002914,Sharon Fuentes,Karachi,Residential,2023-08-18,265.3
CUS-002915,Charles Castaneda,Lahore,Residential,2024-12-20,190.1
CUS-002916,Susan Sanchez,Faisalabad,Residential,2022-11-12,80.4
CUS-002917,Amy Taylor,Peshawar,Industrial,2025-12-01,5029.3
CUS-002918,Michele Bennett,Peshawar,Residential,2016-06-02,261.0
CUS-002919,Vincent Watson,Peshawar,Residential,2013-04-08,327.7
CUS-002920,Mary Jones,Islamabad,Residential,2020-04-14,267.1
CUS-002921,Sheila Johnson,Faisalabad,Industrial,2025-03-01,15.0
CUS-002922,Bob Jones,Peshawar,Residential,2022-01-19,191.2
CUS-002923,Robin Hernandez,Peshawar,Industrial,2019-12-20,5451.2
CUS-002924,Patrick Adkins,Islamabad,Commercial,2022-11-23,1494.5
CUS-002925,Elizabeth Jenkins,Peshawar,Residential,2019-08-20,173.2
CUS-002926,Richard Dominguez,Karachi,Commercial,2017-07-17,1109.7
CUS-002927,Christopher Ibarra,Karachi,Industrial,2021-12-25,6278.5
CUS-002928,Paul Gordon,Islamabad,Residential,2014-07-27,119.8
CUS-002929,Ronnie Frazier,Karachi,Residential,2012-12-15,253.2
CUS-002930,Kristen Gallegos,Multan,Residential,2020-07-11,267.2
CUS-002931,Kathryn Fletcher,Multan,Residential,2024-09-08,140.4
CUS-002932,Christopher Dudley,Multan,Residential,2017-08-22,279.0
CUS-002933,Vanessa Martinez,Lahore,Residential,2015-07-15,238.6
CUS-002934,Manuel Robinson,Peshawar,Residential,2022-04-14,163.9
CUS-002935,Paul Hansen,Lahore,Residential,2019-07-22,33.9
CUS-002936,Rose Mcdonald,Karachi,Residential,2017-07-10,79.9
CUS-002937,Martin Wilcox,Islamabad,Commercial,2025-05-07,341.5
CUS-002938,Robert Lucas,Multan,Residential,2013-02-24,225.6
CUS-002939,Brian Miller,Islamabad,Residential,2025-11-13,225.8
CUS-002940,Sarah Johnson,Lahore,Residential,2023-10-04,152.0
CUS-002941,Joshua Jones,Karachi,Residential,2024-11-04,166.1
CUS-002942,Nicole Parker,Faisalabad,Industrial,2015-12-28,3942.9
CUS-002943,Margaret Johnson,Peshawar,Residential,2020-02-10,166.9
CUS-002944,William Cunningham,Faisalabad,Residential,2012-10-30,189.8
CUS-002945,Rachel Williams,Karachi,Commercial,2026-07-07,1023.6
CUS-002946,Tony Smith,Multan,Industrial,2018-03-17,6630.4
CUS-002947,Douglas Sanders,Karachi,Residential,2012-03-19,167.5
CUS-002948,Paul Swanson,Islamabad,Commercial,2019-10-12,1541.5
CUS-002949,Michele Davis,Rawalpindi,Residential,2021-07-25,239.4
CUS-002950,Patrick Garcia,Multan,Residential,2015-09-09,130.1
CUS-002951,Brittany Matthews,Faisalabad,Residential,2018-12-25,192.2
CUS-002952,Kevin Christian,Peshawar,Residential,2024-01-14,213.8
CUS-002953,Christian Ford,Multan,Commercial,2026-04-10,1160.9
CUS-002954,Anna Higgins,Multan,Residential,2015-04-07,74.7
CUS-002955,Rhonda Pena,Peshawar,Residential,2014-12-22,240.6
CUS-002956,Candace Stuart,Faisalabad,Industrial,2021-04-09,3978.6
CUS-002957,Monica Curtis,Multan,Residential,2014-10-29,193.7
CUS-002958,Gloria Floyd,Islamabad,Industrial,2011-10-16,6189.7
CUS-002959,Isaac Chase,Karachi,Industrial,2015-03-29,4469.1
CUS-002960,Steven Schroeder,Islamabad,Residential,2011-12-01,226.5
CUS-002961,Daniel Bishop,Karachi,Residential,2020-09-26,269.2
CUS-002962,Christian Burton,Rawalpindi,Residential,2024-02-08,113.2
CUS-002963,Robert Thomas PhD,Multan,Residential,2017-10-15,260.7
CUS-002964,Tracy Harrington,Rawalpindi,Residential,2019-10-30,247.9
CUS-002965,Brandon Edwards,Lahore,Residential,2020-01-30,111.4
CUS-002966,Candice Ramirez,Faisalabad,Industrial,2017-10-03,4085.8
CUS-002967,Brandon White,Karachi,Residential,2024-04-03,96.3
CUS-002968,Deanna Kennedy,Islamabad,Residential,2020-04-09,176.1
CUS-002969,Shawn Santos,Islamabad,Residential,2020-12-17,206.9
CUS-002970,Caleb Carroll,Multan,Residential,2024-11-11,100.8
CUS-002971,Scott Morales,Islamabad,Commercial,2026-03-19,563.5
CUS-002972,Sylvia Anderson,Lahore,Residential,2022-09-30,218.3
CUS-002973,Ryan Crane,Peshawar,Residential,2022-02-24,219.2
CUS-002974,Michael Hunter,Islamabad,Residential,2026-04-03,207.3
CUS-002975,Shawn Fleming,Multan,Residential,2023-08-04,106.3
CUS-002976,Maria Figueroa,Rawalpindi,Residential,2015-07-16,172.7
CUS-002977,Roberto Smith,Faisalabad,Residential,2017-02-16,201.1
CUS-002978,Donna Moore,Islamabad,Residential,2025-01-12,267.7
CUS-002979,Benjamin Price,Islamabad,Industrial,2025-08-01,2433.1
CUS-002980,Brandon Owens,Islamabad,Commercial,2016-05-19,1010.9
CUS-002981,Stephanie Marshall,Multan,Residential,2016-12-06,124.1
CUS-002982,Nicholas Lowery,Faisalabad,Commercial,2025-11-24,481.0
CUS-002983,Patricia Gonzalez,Peshawar,Residential,2013-08-11,103.0
CUS-002984,Evan Davies,Islamabad,Residential,2024-06-07,154.8
CUS-002985,Dr. John Ramirez,Peshawar,Residential,2026-04-27,303.7
CUS-002986,Christopher Harrison,Peshawar,Residential,2015-04-16,155.9
CUS-002987,Erica Johnson,Faisalabad,Residential,2019-08-21,201.9
CUS-002988,Jamie Mayer,Faisalabad,Residential,2013-07-11,213.4
CUS-002989,Jeffrey Kennedy,Lahore,Residential,2026-03-29,114.5
CUS-002990,Sean Cisneros,Rawalpindi,Commercial,2023-04-22,611.6
CUS-002991,Debra Reid,Islamabad,Residential,2019-03-06,217.5
CUS-002992,Benjamin Sullivan,Islamabad,Residential,2018-09-14,205.7
CUS-002993,Michael Savage,Islamabad,Commercial,2016-04-13,1123.0
CUS-002994,Mckenzie Green,Peshawar,Residential,2023-08-25,215.7
CUS-002995,Anna Valenzuela,Faisalabad,Residential,2020-08-13,146.9
CUS-002996,Paul Martin,Karachi,Commercial,2022-05-07,423.6
CUS-002997,Jason Alvarez,Rawalpindi,Residential,2022-04-24,204.3
CUS-002998,Caitlyn Horton,Multan,Residential,2021-03-24,271.4
CUS-002999,Michael Price,Islamabad,Residential,2019-11-15,168.0
