meter_id,consumer_id,region,consumer_type,expected_monthly_kwh,actual_monthly_kwh,usage_ratio,night_usage_ratio,voltage_variance,billing_disputes_1y,is_theft_flag_ground_truth
MTR-001801,CUS-001801,Lahore,Residential,149.6,140.2,0.937,0.328,1.89,1,0
MTR-001190,CUS-001190,Rawalpindi,Residential,198.0,189.8,0.959,0.398,1.8,0,0
MTR-001817,CUS-001817,Lahore,Residential,136.0,123.1,0.905,0.275,3.09,0,0
MTR-000251,CUS-000251,Islamabad,Industrial,4540.3,903.6,0.199,0.586,2.87,1,1
MTR-002505,CUS-002505,Islamabad,Residential,197.7,202.3,1.023,0.249,2.65,1,0
MTR-001117,CUS-001117,Islamabad,Residential,239.2,240.4,1.005,0.348,2.36,2,0
MTR-001411,CUS-001411,Rawalpindi,Commercial,788.0,862.3,1.094,0.237,0.1,0,0
MTR-002113,CUS-002113,Karachi,Residential,160.3,151.3,0.944,0.229,2.87,0,0
MTR-000408,CUS-000408,Peshawar,Residential,177.4,200.7,1.132,0.295,3.0,0,0
MTR-002579,CUS-002579,Lahore,Residential,92.5,79.1,0.856,0.202,1.59,0,0
MTR-002254,CUS-002254,Multan,Residential,113.1,109.0,0.964,0.428,2.48,0,0
MTR-000052,CUS-000052,Karachi,Residential,179.9,186.8,1.038,0.454,2.27,0,0
MTR-000644,CUS-000644,Lahore,Residential,280.4,215.8,0.77,0.264,4.23,0,0
MTR-001763,CUS-001763,Islamabad,Residential,210.1,197.4,0.94,0.189,2.5,1,0
MTR-002776,CUS-002776,Rawalpindi,Residential,173.7,188.5,1.085,0.327,2.11,0,0
MTR-000900,CUS-000900,Peshawar,Residential,141.6,134.3,0.949,0.261,3.09,0,0
MTR-001073,CUS-001073,Islamabad,Commercial,870.8,680.3,0.781,0.394,3.61,0,0
MTR-000472,CUS-000472,Islamabad,Residential,251.2,224.5,0.894,0.237,4.07,0,0
MTR-002738,CUS-002738,Karachi,Residential,251.8,211.2,0.839,0.344,1.4,0,0
MTR-002546,CUS-002546,Rawalpindi,Residential,296.5,314.2,1.06,0.309,2.43,0,0
MTR-000044,CUS-000044,Multan,Residential,168.2,170.6,1.014,0.246,1.38,0,0
MTR-000289,CUS-000289,Peshawar,Residential,129.9,105.6,0.813,0.319,4.32,0,0
MTR-000912,CUS-000912,Peshawar,Residential,245.8,197.5,0.803,0.37,2.05,0,0
MTR-002083,CUS-002083,Faisalabad,Commercial,913.6,834.1,0.913,0.307,2.96,0,0
MTR-001360,CUS-001360,Rawalpindi,Residential,266.4,267.4,1.004,0.308,1.83,0,0
MTR-002895,CUS-002895,Peshawar,Residential,166.7,153.3,0.919,0.23,2.5,0,0
MTR-002603,CUS-002603,Faisalabad,Residential,127.7,133.1,1.042,0.392,0.19,0,0
MTR-001226,CUS-001226,Islamabad,Residential,140.1,145.4,1.038,0.384,3.04,1,0
MTR-000296,CUS-000296,Karachi,Residential,239.7,255.0,1.064,0.267,3.3,1,0
MTR-001241,CUS-001241,Islamabad,Industrial,4952.6,4112.6,0.83,0.29,1.41,0,0
MTR-001005,CUS-001005,Faisalabad,Industrial,3223.3,3116.6,0.967,0.413,0.19,0,0
MTR-001665,CUS-001665,Rawalpindi,Residential,187.6,211.8,1.129,0.209,3.48,1,0
MTR-000746,CUS-000746,Lahore,Residential,118.7,109.1,0.919,0.348,3.36,0,0
MTR-002851,CUS-002851,Multan,Residential,108.5,97.9,0.902,0.255,2.79,0,0
MTR-000291,CUS-000291,Rawalpindi,Residential,90.8,85.5,0.941,0.442,1.81,0,0
MTR-000781,CUS-000781,Islamabad,Residential,89.3,83.8,0.938,0.305,1.72,0,0
MTR-002144,CUS-002144,Peshawar,Residential,171.3,173.8,1.015,0.401,3.33,1,0
MTR-000322,CUS-000322,Karachi,Residential,314.6,292.6,0.93,0.239,1.68,0,0
MTR-000298,CUS-000298,Lahore,Residential,246.8,187.0,0.758,0.2,2.16,1,0
MTR-001298,CUS-001298,Faisalabad,Residential,225.3,257.3,1.142,0.281,1.99,0,0
MTR-000194,CUS-000194,Lahore,Residential,115.3,122.3,1.061,0.321,2.33,0,0
MTR-000063,CUS-000063,Faisalabad,Residential,205.6,209.3,1.018,0.259,1.89,0,0
MTR-000393,CUS-000393,Faisalabad,Residential,183.4,181.3,0.989,0.361,2.01,0,0
MTR-000727,CUS-000727,Peshawar,Commercial,628.9,604.5,0.961,0.283,3.79,0,0
MTR-001583,CUS-001583,Islamabad,Commercial,1195.9,1081.1,0.904,0.133,2.52,0,0
MTR-001547,CUS-001547,Lahore,Residential,135.1,104.7,0.775,0.344,2.38,0,0
MTR-002425,CUS-002425,Lahore,Residential,274.1,327.6,1.195,0.229,2.82,0,0
MTR-000014,CUS-000014,Lahore,Residential,77.0,77.2,1.003,0.271,0.88,1,0
MTR-002567,CUS-002567,Faisalabad,Commercial,1133.6,914.4,0.807,0.424,3.02,0,0
MTR-001600,CUS-001600,Multan,Residential,166.5,146.0,0.877,0.442,2.3,0,0
MTR-001090,CUS-001090,Rawalpindi,Residential,53.8,55.8,1.037,0.254,1.38,0,0
MTR-002111,CUS-002111,Multan,Residential,184.1,190.4,1.034,0.346,1.9,0,0
MTR-000203,CUS-000203,Faisalabad,Commercial,517.9,471.4,0.91,0.256,2.53,1,0
MTR-002418,CUS-002418,Peshawar,Residential,222.1,193.4,0.871,0.277,2.09,0,0
MTR-000152,CUS-000152,Peshawar,Residential,231.0,215.1,0.931,0.252,3.09,0,0
MTR-002901,CUS-002901,Multan,Residential,130.5,31.9,0.245,0.655,5.03,4,1
MTR-001359,CUS-001359,Multan,Commercial,848.2,799.8,0.943,0.308,0.87,0,0
MTR-000772,CUS-000772,Multan,Commercial,1181.5,1115.6,0.944,0.323,1.24,0,0
MTR-002678,CUS-002678,Rawalpindi,Residential,180.9,214.0,1.183,0.246,1.59,1,0
MTR-001001,CUS-001001,Peshawar,Residential,131.3,124.2,0.946,0.387,2.13,0,0
MTR-000718,CUS-000718,Islamabad,Residential,94.6,97.5,1.03,0.265,1.67,0,0
MTR-000612,CUS-000612,Multan,Industrial,2860.3,3408.9,1.192,0.249,0.81,0,0
MTR-000842,CUS-000842,Peshawar,Commercial,663.1,578.2,0.872,0.342,0.65,0,0
MTR-000266,CUS-000266,Rawalpindi,Commercial,584.1,540.3,0.925,0.177,0.72,0,0
MTR-000051,CUS-000051,Multan,Commercial,1086.0,1015.7,0.935,0.373,1.71,1,0
MTR-001195,CUS-001195,Rawalpindi,Industrial,3262.2,2606.7,0.799,0.268,1.19,0,0
MTR-001270,CUS-001270,Peshawar,Residential,216.6,209.8,0.969,0.379,1.62,0,0
MTR-001491,CUS-001491,Islamabad,Residential,224.5,255.8,1.14,0.403,3.33,0,0
MTR-001582,CUS-001582,Rawalpindi,Residential,207.5,228.6,1.101,0.351,0.83,0,0
MTR-000521,CUS-000521,Faisalabad,Commercial,1006.0,1148.7,1.142,0.235,2.3,1,0
MTR-001694,CUS-001694,Peshawar,Residential,229.0,211.6,0.924,0.2,0.82,1,0
MTR-002663,CUS-002663,Lahore,Residential,145.7,126.0,0.864,0.185,0.67,0,0
MTR-002748,CUS-002748,Rawalpindi,Commercial,781.6,993.2,1.271,0.388,2.37,0,0
MTR-001921,CUS-001921,Faisalabad,Residential,230.6,236.5,1.026,0.289,2.67,1,0
MTR-000102,CUS-000102,Multan,Residential,70.8,57.1,0.807,0.252,2.79,0,0
MTR-000695,CUS-000695,Multan,Residential,215.7,282.0,1.307,0.289,3.11,0,0
MTR-002332,CUS-002332,Multan,Residential,222.6,220.2,0.989,0.386,1.82,0,0
MTR-002724,CUS-002724,Faisalabad,Residential,140.7,90.9,0.646,0.362,2.27,0,0
MTR-002272,CUS-002272,Islamabad,Residential,208.1,244.4,1.175,0.335,1.61,0,0
MTR-002482,CUS-002482,Lahore,Commercial,607.4,439.0,0.723,0.351,3.29,0,0
MTR-001842,CUS-001842,Karachi,Residential,140.0,144.8,1.035,0.314,1.09,0,0
MTR-001830,CUS-001830,Peshawar,Residential,249.9,275.2,1.101,0.324,2.5,0,0
MTR-000794,CUS-000794,Faisalabad,Residential,203.9,220.6,1.082,0.318,0.93,1,0
MTR-001820,CUS-001820,Faisalabad,Industrial,4329.1,5137.5,1.187,0.3,2.11,0,0
MTR-002001,CUS-002001,Faisalabad,Residential,229.3,257.3,1.122,0.36,0.39,1,0
MTR-000144,CUS-000144,Faisalabad,Residential,149.2,182.4,1.223,0.329,2.23,0,0
MTR-002525,CUS-002525,Rawalpindi,Industrial,3163.9,3128.6,0.989,0.23,3.97,0,0
MTR-001330,CUS-001330,Multan,Residential,187.6,178.3,0.95,0.342,1.44,0,0
MTR-002477,CUS-002477,Peshawar,Residential,147.1,141.0,0.958,0.32,1.76,0,0
MTR-002881,CUS-002881,Multan,Commercial,820.7,956.0,1.165,0.349,2.87,0,0
MTR-000321,CUS-000321,Karachi,Residential,199.5,184.2,0.923,0.292,2.04,0,0
MTR-001261,CUS-001261,Rawalpindi,Residential,193.3,213.0,1.102,0.365,3.22,0,0
MTR-002414,CUS-002414,Faisalabad,Residential,161.8,145.1,0.897,0.295,2.39,1,0
MTR-001269,CUS-001269,Rawalpindi,Residential,245.7,220.9,0.899,0.358,2.88,1,0
MTR-001760,CUS-001760,Lahore,Residential,121.7,139.0,1.142,0.263,0.1,0,0
MTR-000416,CUS-000416,Lahore,Residential,125.8,132.4,1.052,0.269,2.09,0,0
MTR-002631,CUS-002631,Rawalpindi,Residential,153.3,113.6,0.741,0.348,0.89,0,0
MTR-002291,CUS-002291,Karachi,Residential,238.1,213.7,0.898,0.273,1.61,0,0
MTR-000174,CUS-000174,Multan,Industrial,5455.7,3772.6,0.691,0.476,2.43,1,0
MTR-001725,CUS-001725,Peshawar,Residential,172.2,164.4,0.955,0.345,1.77,0,0
MTR-002175,CUS-002175,Karachi,Residential,63.0,60.9,0.967,0.302,1.22,0,0
MTR-000045,CUS-000045,Lahore,Commercial,835.4,787.9,0.943,0.366,3.25,0,0
MTR-000685,CUS-000685,Karachi,Residential,167.8,192.1,1.145,0.262,3.01,0,0
MTR-001607,CUS-001607,Multan,Industrial,5008.4,5256.6,1.05,0.374,0.63,1,0
MTR-001231,CUS-001231,Peshawar,Commercial,963.0,1248.0,1.296,0.372,2.76,0,0
MTR-000862,CUS-000862,Lahore,Commercial,545.6,580.6,1.064,0.4,2.17,0,0
MTR-001965,CUS-001965,Peshawar,Residential,46.5,49.6,1.066,0.265,2.24,1,0
MTR-000331,CUS-000331,Rawalpindi,Commercial,635.9,656.7,1.033,0.202,3.56,0,0
MTR-000093,CUS-000093,Peshawar,Commercial,1051.2,1017.3,0.968,0.251,2.15,0,0
MTR-001641,CUS-001641,Multan,Residential,172.9,51.8,0.3,0.9,7.14,2,1
MTR-002986,CUS-002986,Peshawar,Residential,155.9,151.5,0.972,0.433,2.21,1,0
MTR-000506,CUS-000506,Islamabad,Residential,97.3,95.1,0.977,0.476,2.22,0,0
MTR-002909,CUS-002909,Karachi,Residential,166.8,164.9,0.989,0.328,1.07,0,0
MTR-002045,CUS-002045,Multan,Residential,156.3,168.2,1.076,0.301,4.45,0,0
MTR-000495,CUS-000495,Peshawar,Commercial,945.5,979.5,1.036,0.272,0.1,0,0
MTR-002132,CUS-002132,Multan,Residential,110.5,103.6,0.938,0.366,1.27,1,0
MTR-000000,CUS-000000,Rawalpindi,Commercial,1253.7,1142.7,0.911,0.475,1.51,0,0
MTR-000314,CUS-000314,Karachi,Industrial,2722.1,2795.4,1.027,0.443,2.91,1,0
MTR-001272,CUS-001272,Islamabad,Residential,146.5,130.2,0.889,0.391,0.59,0,0
MTR-001941,CUS-001941,Karachi,Commercial,1122.4,1064.9,0.949,0.39,1.82,1,0
MTR-002967,CUS-002967,Karachi,Residential,96.3,90.2,0.936,0.367,2.79,1,0
MTR-001316,CUS-001316,Rawalpindi,Commercial,904.9,1168.3,1.291,0.296,0.78,0,0
MTR-000755,CUS-000755,Karachi,Industrial,4244.5,3595.5,0.847,0.241,1.86,0,0
MTR-001770,CUS-001770,Islamabad,Residential,221.1,200.1,0.905,0.298,1.83,0,0
MTR-001200,CUS-001200,Karachi,Residential,271.9,253.8,0.933,0.334,1.4,0,0
MTR-002174,CUS-002174,Islamabad,Residential,135.7,128.3,0.946,0.184,2.04,0,0
MTR-001991,CUS-001991,Faisalabad,Residential,193.1,216.3,1.12,0.288,1.57,2,0
MTR-000879,CUS-000879,Karachi,Residential,213.7,207.2,0.969,0.234,2.97,0,0
MTR-000765,CUS-000765,Karachi,Residential,95.9,80.7,0.841,0.381,2.53,0,0
MTR-000927,CUS-000927,Islamabad,Commercial,949.4,1112.4,1.172,0.256,1.82,0,0
MTR-002377,CUS-002377,Peshawar,Residential,16.9,17.4,1.032,0.326,2.07,1,0
MTR-001374,CUS-001374,Lahore,Industrial,3085.1,3240.8,1.05,0.244,1.61,0,0
MTR-001814,CUS-001814,Multan,Residential,165.8,178.7,1.078,0.428,3.34,0,0
MTR-001798,CUS-001798,Islamabad,Residential,163.8,139.6,0.852,0.164,2.45,0,0
MTR-000929,CUS-000929,Multan,Residential,126.7,126.6,0.999,0.338,1.86,0,0
MTR-000436,CUS-000436,Faisalabad,Commercial,1093.0,1200.7,1.099,0.198,2.44,0,0
MTR-000196,CUS-000196,Peshawar,Residential,156.0,144.0,0.923,0.259,3.89,0,0
MTR-001762,CUS-001762,Faisalabad,Residential,114.8,119.0,1.037,0.316,1.31,0,0
MTR-001064,CUS-001064,Islamabad,Residential,246.4,262.5,1.065,0.32,2.88,0,0
MTR-002342,CUS-002342,Peshawar,Residential,200.5,165.4,0.825,0.318,2.41,1,0
MTR-002528,CUS-002528,Peshawar,Residential,20.8,18.2,0.876,0.312,1.78,0,0
MTR-001268,CUS-001268,Karachi,Commercial,1142.2,829.0,0.726,0.249,1.27,0,0
MTR-002323,CUS-002323,Faisalabad,Residential,249.8,256.6,1.027,0.287,2.86,0,0
MTR-002779,CUS-002779,Multan,Commercial,1314.9,1612.3,1.226,0.303,2.29,1,0
MTR-002225,CUS-002225,Faisalabad,Residential,154.9,142.0,0.917,0.316,3.44,2,0
MTR-000450,CUS-000450,Lahore,Industrial,3568.3,3485.8,0.977,0.295,3.17,0,0
MTR-002164,CUS-002164,Karachi,Commercial,1006.2,1128.6,1.122,0.358,2.3,0,0
MTR-002372,CUS-002372,Rawalpindi,Residential,191.2,197.3,1.032,0.307,1.28,0,0
MTR-002012,CUS-002012,Islamabad,Residential,141.1,124.6,0.883,0.316,4.05,1,0
MTR-000270,CUS-000270,Lahore,Industrial,8002.2,9467.9,1.183,0.269,1.38,0,0
MTR-001840,CUS-001840,Lahore,Residential,266.7,273.0,1.024,0.216,2.83,1,0
MTR-002934,CUS-002934,Peshawar,Residential,163.9,159.3,0.972,0.312,0.23,0,0
MTR-000978,CUS-000978,Lahore,Residential,287.9,282.7,0.982,0.397,3.57,1,0
MTR-002166,CUS-002166,Faisalabad,Residential,187.9,201.2,1.071,0.336,0.1,1,0
MTR-000354,CUS-000354,Islamabad,Residential,65.5,25.1,0.383,0.583,6.39,2,1
MTR-001876,CUS-001876,Lahore,Commercial,788.1,936.7,1.189,0.365,0.94,0,0
MTR-000184,CUS-000184,Islamabad,Residential,181.5,208.9,1.151,0.273,3.4,0,0
MTR-002744,CUS-002744,Faisalabad,Industrial,3210.7,3214.0,1.001,0.357,1.26,1,0
MTR-001614,CUS-001614,Peshawar,Residential,285.7,287.8,1.007,0.27,2.53,0,0
MTR-002759,CUS-002759,Peshawar,Residential,229.7,206.4,0.898,0.328,2.27,0,0
MTR-001706,CUS-001706,Multan,Residential,156.0,144.1,0.924,0.259,0.55,0,0
MTR-001861,CUS-001861,Peshawar,Residential,164.8,142.3,0.864,0.261,3.03,0,0
MTR-000246,CUS-000246,Rawalpindi,Residential,141.7,138.2,0.976,0.175,1.98,1,0
MTR-000555,CUS-000555,Rawalpindi,Residential,186.0,187.4,1.007,0.341,3.51,0,0
MTR-001752,CUS-001752,Faisalabad,Commercial,1395.8,522.9,0.375,0.625,8.6,1,1
MTR-001364,CUS-001364,Lahore,Residential,201.2,217.8,1.083,0.334,1.24,0,0
MTR-000067,CUS-000067,Rawalpindi,Residential,130.6,117.0,0.895,0.322,1.8,0,0
MTR-002618,CUS-002618,Lahore,Residential,182.7,191.7,1.049,0.239,1.77,0,0
MTR-002284,CUS-002284,Peshawar,Residential,190.3,208.7,1.097,0.377,2.78,2,0
MTR-000532,CUS-000532,Lahore,Residential,120.2,139.1,1.157,0.379,2.75,0,0
MTR-002873,CUS-002873,Rawalpindi,Residential,95.6,108.2,1.132,0.237,1.33,1,0
MTR-002705,CUS-002705,Lahore,Residential,217.9,261.2,1.199,0.343,2.95,1,0
MTR-001502,CUS-001502,Lahore,Residential,246.0,270.1,1.098,0.37,2.41,0,0
MTR-000761,CUS-000761,Karachi,Residential,201.6,205.7,1.02,0.262,2.67,0,0
MTR-002752,CUS-002752,Peshawar,Residential,167.3,157.8,0.943,0.276,2.52,1,0
MTR-001211,CUS-001211,Multan,Industrial,2857.4,2816.4,0.986,0.343,2.83,0,0
MTR-002243,CUS-002243,Peshawar,Residential,238.4,285.0,1.196,0.179,1.07,0,0
MTR-001793,CUS-001793,Lahore,Residential,169.3,165.3,0.976,0.213,2.19,2,0
MTR-000535,CUS-000535,Karachi,Residential,158.8,158.7,0.999,0.221,3.01,1,0
MTR-001746,CUS-001746,Lahore,Residential,152.0,178.9,1.177,0.156,3.12,0,0
MTR-000463,CUS-000463,Faisalabad,Residential,118.2,114.9,0.972,0.387,3.11,1,0
MTR-002677,CUS-002677,Islamabad,Residential,233.3,211.0,0.905,0.141,1.11,0,0
MTR-001839,CUS-001839,Peshawar,Residential,139.6,158.6,1.136,0.327,4.08,0,0
MTR-002862,CUS-002862,Peshawar,Industrial,4297.4,3870.7,0.901,0.365,3.77,0,0
MTR-000124,CUS-000124,Faisalabad,Residential,150.9,158.2,1.048,0.277,1.13,0,0
MTR-000178,CUS-000178,Faisalabad,Residential,177.2,182.1,1.027,0.247,1.7,0,0
MTR-000192,CUS-000192,Lahore,Commercial,804.5,835.0,1.038,0.319,2.69,0,0
MTR-002307,CUS-002307,Multan,Commercial,799.3,170.4,0.213,0.645,6.01,3,1
MTR-001429,CUS-001429,Peshawar,Commercial,1533.8,1677.4,1.094,0.38,2.58,0,0
MTR-001691,CUS-001691,Multan,Industrial,5171.3,5134.4,0.993,0.09,2.21,0,0
MTR-000741,CUS-000741,Rawalpindi,Commercial,876.5,941.3,1.074,0.227,3.29,1,0
MTR-001034,CUS-001034,Peshawar,Residential,218.5,231.6,1.06,0.345,2.43,0,0
MTR-001966,CUS-001966,Multan,Residential,193.6,200.9,1.038,0.304,0.1,0,0
MTR-000478,CUS-000478,Multan,Commercial,1002.3,954.5,0.952,0.36,2.86,0,0
MTR-001027,CUS-001027,Peshawar,Residential,76.2,72.7,0.954,0.321,3.23,0,0
MTR-002601,CUS-002601,Rawalpindi,Residential,229.7,228.2,0.993,0.289,1.94,0,0
MTR-000368,CUS-000368,Lahore,Residential,209.1,213.4,1.021,0.276,2.15,0,0
MTR-002523,CUS-002523,Lahore,Residential,202.2,191.9,0.949,0.486,2.15,0,0
MTR-000845,CUS-000845,Islamabad,Residential,88.5,98.5,1.113,0.423,1.41,0,0
MTR-000256,CUS-000256,Faisalabad,Commercial,965.1,927.1,0.961,0.34,4.47,2,0
MTR-001222,CUS-001222,Multan,Residential,210.5,185.7,0.882,0.306,1.22,0,0
MTR-001992,CUS-001992,Peshawar,Residential,127.4,136.5,1.071,0.343,2.93,0,0
MTR-000211,CUS-000211,Lahore,Industrial,2745.8,3365.6,1.226,0.366,2.92,0,0
MTR-002689,CUS-002689,Karachi,Residential,193.8,166.6,0.86,0.334,1.54,1,0
MTR-001949,CUS-001949,Peshawar,Residential,176.5,173.8,0.985,0.24,1.06,2,0
MTR-001362,CUS-001362,Lahore,Residential,238.4,268.8,1.128,0.443,1.89,0,0
MTR-002151,CUS-002151,Lahore,Residential,198.2,211.8,1.068,0.32,2.7,0,0
MTR-002153,CUS-002153,Rawalpindi,Residential,220.6,237.0,1.075,0.461,2.31,0,0
MTR-000567,CUS-000567,Karachi,Residential,176.0,176.6,1.004,0.315,3.82,1,0
MTR-002206,CUS-002206,Rawalpindi,Residential,197.0,134.2,0.681,0.28,1.41,0,0
MTR-002093,CUS-002093,Karachi,Residential,231.8,239.0,1.031,0.411,1.44,2,0
MTR-001710,CUS-001710,Islamabad,Commercial,1324.1,1383.4,1.045,0.324,2.88,1,0
MTR-001263,CUS-001263,Faisalabad,Residential,162.3,184.2,1.135,0.311,0.33,1,0
MTR-002123,CUS-002123,Islamabad,Residential,148.4,135.0,0.91,0.204,1.44,1,0
MTR-000798,CUS-000798,Karachi,Residential,127.8,153.6,1.202,0.353,1.87,0,0
MTR-000080,CUS-000080,Karachi,Residential,247.1,237.9,0.963,0.261,1.99,0,0
MTR-000032,CUS-000032,Rawalpindi,Industrial,5451.3,5135.6,0.942,0.264,1.49,0,0
MTR-000414,CUS-000414,Islamabad,Residential,67.8,61.9,0.914,0.261,0.18,0,0
MTR-001804,CUS-001804,Islamabad,Residential,282.9,318.4,1.126,0.335,3.41,1,0
MTR-002213,CUS-002213,Multan,Residential,234.4,203.6,0.868,0.177,3.36,1,0
MTR-001321,CUS-001321,Rawalpindi,Commercial,715.9,770.2,1.076,0.283,0.34,2,0
MTR-001567,CUS-001567,Multan,Residential,158.2,142.9,0.903,0.378,2.67,1,0
MTR-000783,CUS-000783,Karachi,Residential,43.3,43.1,0.995,0.2,1.86,1,0
MTR-002991,CUS-002991,Islamabad,Residential,217.5,177.7,0.817,0.314,2.56,0,0
MTR-001412,CUS-001412,Faisalabad,Residential,186.0,203.5,1.094,0.249,2.28,0,0
MTR-000457,CUS-000457,Islamabad,Residential,113.9,111.8,0.982,0.268,0.54,0,0
MTR-000139,CUS-000139,Faisalabad,Residential,186.1,198.5,1.067,0.432,2.8,0,0
MTR-002230,CUS-002230,Peshawar,Residential,224.2,219.4,0.979,0.168,1.45,1,0
MTR-001025,CUS-001025,Rawalpindi,Residential,180.7,192.1,1.063,0.361,0.1,0,0
MTR-000088,CUS-000088,Rawalpindi,Commercial,550.5,106.4,0.193,0.767,6.68,1,1
MTR-001442,CUS-001442,Faisalabad,Residential,340.8,371.1,1.089,0.258,0.44,0,0
MTR-001831,CUS-001831,Faisalabad,Residential,175.1,186.3,1.064,0.211,3.14,0,0
MTR-002576,CUS-002576,Multan,Residential,109.0,111.6,1.024,0.36,1.71,0,0
MTR-000254,CUS-000254,Peshawar,Residential,275.9,246.1,0.892,0.285,2.08,0,0
MTR-000605,CUS-000605,Peshawar,Residential,144.2,136.6,0.948,0.275,2.52,0,0
MTR-001044,CUS-001044,Faisalabad,Industrial,3151.0,2859.0,0.907,0.309,2.1,0,0
MTR-000568,CUS-000568,Multan,Residential,206.0,241.3,1.171,0.286,1.41,1,0
MTR-001732,CUS-001732,Lahore,Residential,82.7,90.4,1.094,0.14,3.13,0,0
MTR-002542,CUS-002542,Islamabad,Residential,151.5,152.2,1.005,0.261,1.89,0,0
MTR-000857,CUS-000857,Faisalabad,Industrial,5356.6,4995.3,0.933,0.372,0.88,0,0
MTR-002472,CUS-002472,Peshawar,Residential,238.1,215.5,0.905,0.179,2.35,0,0
MTR-000817,CUS-000817,Karachi,Commercial,939.9,953.7,1.015,0.213,1.92,0,0
MTR-002030,CUS-002030,Peshawar,Residential,200.0,244.2,1.221,0.266,1.98,1,0
MTR-001877,CUS-001877,Peshawar,Residential,85.3,85.4,1.001,0.242,2.13,0,0
MTR-000141,CUS-000141,Faisalabad,Residential,327.7,375.0,1.144,0.298,2.06,0,0
MTR-000443,CUS-000443,Faisalabad,Residential,31.3,32.3,1.033,0.213,3.46,0,0
MTR-001174,CUS-001174,Multan,Residential,120.0,128.1,1.068,0.269,1.2,0,0
MTR-000486,CUS-000486,Lahore,Residential,61.1,57.6,0.943,0.296,0.1,0,0
MTR-000881,CUS-000881,Islamabad,Commercial,677.4,661.4,0.976,0.352,2.0,1,0
MTR-002564,CUS-002564,Islamabad,Industrial,2704.9,2435.2,0.9,0.4,2.83,0,0
MTR-001084,CUS-001084,Rawalpindi,Residential,76.6,79.4,1.037,0.279,0.44,1,0
MTR-001299,CUS-001299,Peshawar,Residential,168.2,163.3,0.971,0.451,2.36,0,0
MTR-000175,CUS-000175,Rawalpindi,Residential,230.7,240.7,1.043,0.285,0.59,0,0
MTR-001094,CUS-001094,Islamabad,Residential,223.3,196.9,0.882,0.366,2.84,0,0
MTR-002700,CUS-002700,Lahore,Commercial,772.7,815.0,1.055,0.455,2.01,1,0
MTR-002846,CUS-002846,Faisalabad,Commercial,966.4,986.0,1.02,0.311,1.12,0,0
MTR-001963,CUS-001963,Peshawar,Residential,226.6,230.3,1.016,0.19,0.4,0,0
MTR-002681,CUS-002681,Lahore,Residential,230.9,241.7,1.047,0.307,4.18,0,0
MTR-002097,CUS-002097,Karachi,Residential,277.1,269.2,0.971,0.251,4.31,0,0
MTR-002155,CUS-002155,Rawalpindi,Residential,164.6,239.8,1.457,0.278,0.92,0,0
MTR-001556,CUS-001556,Faisalabad,Residential,186.5,197.0,1.056,0.459,0.9,1,0
MTR-001670,CUS-001670,Peshawar,Residential,95.0,96.2,1.013,0.202,2.08,0,0
MTR-000177,CUS-000177,Faisalabad,Residential,127.0,138.3,1.089,0.324,1.61,0,0
MTR-001078,CUS-001078,Faisalabad,Residential,225.2,54.3,0.241,0.811,7.63,2,1
MTR-000598,CUS-000598,Faisalabad,Residential,100.5,93.8,0.933,0.275,2.28,1,0
MTR-002190,CUS-002190,Peshawar,Residential,15.0,16.4,1.096,0.36,3.92,1,0
MTR-002531,CUS-002531,Lahore,Residential,267.9,296.5,1.107,0.325,3.36,1,0
MTR-002667,CUS-002667,Faisalabad,Residential,177.9,203.3,1.143,0.282,1.68,0,0
MTR-002786,CUS-002786,Peshawar,Residential,232.1,192.4,0.829,0.248,2.72,1,0
MTR-000479,CUS-000479,Faisalabad,Residential,153.3,151.0,0.985,0.325,0.15,0,0
MTR-001967,CUS-001967,Karachi,Residential,185.2,192.5,1.04,0.437,2.14,0,0
MTR-001057,CUS-001057,Lahore,Residential,284.3,308.9,1.086,0.228,1.76,0,0
MTR-002268,CUS-002268,Karachi,Residential,136.1,40.2,0.295,0.813,5.21,2,1
MTR-000533,CUS-000533,Multan,Industrial,6338.7,5691.3,0.898,0.396,2.62,0,0
MTR-001103,CUS-001103,Rawalpindi,Commercial,504.1,535.2,1.062,0.41,2.31,0,0
MTR-001106,CUS-001106,Karachi,Commercial,980.5,1018.3,1.039,0.325,2.46,0,0
MTR-002927,CUS-002927,Karachi,Industrial,6278.5,6518.5,1.038,0.394,1.57,0,0
MTR-001123,CUS-001123,Karachi,Residential,160.8,139.6,0.868,0.219,2.97,0,0
MTR-000942,CUS-000942,Rawalpindi,Residential,186.0,165.1,0.888,0.247,2.46,1,0
MTR-000162,CUS-000162,Faisalabad,Residential,61.0,74.3,1.217,0.361,1.84,0,0
MTR-001551,CUS-001551,Faisalabad,Residential,215.2,240.7,1.118,0.324,2.1,1,0
MTR-000965,CUS-000965,Faisalabad,Residential,139.1,138.0,0.992,0.288,2.84,0,0
MTR-000471,CUS-000471,Multan,Residential,221.2,220.0,0.994,0.1,2.94,0,0
MTR-000844,CUS-000844,Lahore,Residential,249.2,315.7,1.267,0.265,1.66,0,0
MTR-000998,CUS-000998,Karachi,Residential,136.2,136.9,1.005,0.206,1.11,0,0
MTR-001904,CUS-001904,Lahore,Residential,158.6,156.4,0.986,0.339,1.54,0,0
MTR-000030,CUS-000030,Faisalabad,Residential,137.2,124.1,0.905,0.285,1.6,1,0
MTR-002890,CUS-002890,Karachi,Industrial,3689.6,3586.1,0.972,0.25,2.12,1,0
MTR-000423,CUS-000423,Karachi,Residential,221.8,177.0,0.798,0.511,3.2,0,0
MTR-000511,CUS-000511,Karachi,Commercial,1179.5,1253.2,1.062,0.383,1.53,0,0
MTR-002758,CUS-002758,Lahore,Commercial,848.3,976.5,1.151,0.384,2.39,0,0
MTR-002737,CUS-002737,Faisalabad,Residential,62.2,71.7,1.152,0.476,1.82,1,0
MTR-001393,CUS-001393,Peshawar,Residential,91.1,83.4,0.916,0.364,2.02,0,0
MTR-001586,CUS-001586,Peshawar,Commercial,1299.0,941.3,0.725,0.238,2.3,0,0
MTR-001929,CUS-001929,Karachi,Commercial,960.5,999.6,1.041,0.229,3.2,0,0
MTR-002497,CUS-002497,Lahore,Commercial,1099.7,1273.7,1.158,0.377,2.25,1,0
MTR-000787,CUS-000787,Karachi,Residential,115.6,93.3,0.808,0.135,0.1,1,0
MTR-002636,CUS-002636,Faisalabad,Residential,53.0,50.6,0.955,0.294,1.8,0,0
MTR-002538,CUS-002538,Islamabad,Residential,185.2,193.1,1.043,0.126,3.57,0,0
MTR-000402,CUS-000402,Lahore,Residential,80.3,72.2,0.899,0.308,3.14,0,0
MTR-000433,CUS-000433,Islamabad,Commercial,710.6,563.2,0.793,0.368,2.79,0,0
MTR-001151,CUS-001151,Faisalabad,Residential,211.1,192.3,0.911,0.322,3.18,3,0
MTR-000073,CUS-000073,Faisalabad,Residential,157.9,147.1,0.932,0.375,2.82,0,0
MTR-001536,CUS-001536,Multan,Residential,336.2,260.1,0.774,0.457,3.16,1,0
MTR-002709,CUS-002709,Lahore,Residential,170.0,191.9,1.129,0.289,0.88,0,0
MTR-000621,CUS-000621,Peshawar,Residential,132.4,157.1,1.186,0.525,1.94,0,0
MTR-001437,CUS-001437,Islamabad,Residential,196.8,197.5,1.004,0.317,2.15,1,0
MTR-001559,CUS-001559,Multan,Commercial,1594.4,1734.0,1.088,0.376,2.05,0,0
MTR-001566,CUS-001566,Multan,Residential,143.5,118.0,0.822,0.251,1.42,1,0
MTR-000324,CUS-000324,Faisalabad,Residential,167.2,164.4,0.983,0.43,2.15,0,0
MTR-000332,CUS-000332,Rawalpindi,Residential,277.3,258.0,0.931,0.383,0.3,0,0
MTR-001392,CUS-001392,Multan,Residential,64.4,20.1,0.312,0.553,4.75,1,1
MTR-000650,CUS-000650,Peshawar,Residential,102.3,69.2,0.676,0.304,1.33,0,0
MTR-002236,CUS-002236,Peshawar,Residential,87.7,84.5,0.964,0.2,0.1,0,0
MTR-001533,CUS-001533,Islamabad,Residential,66.6,71.6,1.075,0.337,2.02,0,0
MTR-002163,CUS-002163,Islamabad,Industrial,2834.4,2915.4,1.029,0.164,3.55,0,0
MTR-000543,CUS-000543,Islamabad,Residential,166.6,182.3,1.094,0.273,0.1,1,0
MTR-002958,CUS-002958,Islamabad,Industrial,6189.7,5745.2,0.928,0.315,1.76,1,0
MTR-001818,CUS-001818,Islamabad,Commercial,1243.2,822.0,0.661,0.49,0.38,0,0
MTR-001624,CUS-001624,Multan,Residential,264.1,298.9,1.132,0.325,2.26,0,0
MTR-001177,CUS-001177,Multan,Commercial,1081.5,1180.0,1.091,0.311,2.87,0,0
MTR-000679,CUS-000679,Rawalpindi,Residential,234.1,278.2,1.188,0.295,1.19,1,0
MTR-002096,CUS-002096,Multan,Industrial,2860.3,2885.8,1.009,0.193,1.58,1,0
MTR-002029,CUS-002029,Multan,Commercial,707.4,742.7,1.05,0.307,1.85,1,0
MTR-001659,CUS-001659,Lahore,Residential,116.1,148.6,1.28,0.308,3.24,0,0
MTR-001637,CUS-001637,Multan,Residential,290.0,225.6,0.778,0.223,0.6,0,0
MTR-000239,CUS-000239,Karachi,Residential,161.2,169.8,1.053,0.205,1.55,0,0
MTR-002124,CUS-002124,Faisalabad,Residential,170.1,195.0,1.146,0.261,3.57,0,0
MTR-002619,CUS-002619,Multan,Residential,169.8,174.1,1.026,0.305,1.27,0,0
MTR-002290,CUS-002290,Rawalpindi,Residential,138.6,139.7,1.008,0.263,1.61,0,0
MTR-000764,CUS-000764,Karachi,Residential,138.6,113.9,0.822,0.216,2.18,0,0
MTR-001128,CUS-001128,Lahore,Commercial,818.4,962.5,1.176,0.323,4.33,1,0
MTR-001885,CUS-001885,Peshawar,Residential,276.8,312.3,1.128,0.343,0.88,0,0
MTR-001116,CUS-001116,Multan,Residential,196.8,227.1,1.154,0.31,2.76,0,0
MTR-001102,CUS-001102,Islamabad,Residential,197.6,197.1,0.997,0.255,0.81,1,0
MTR-002847,CUS-002847,Peshawar,Residential,117.2,112.7,0.962,0.348,0.99,0,0
MTR-002330,CUS-002330,Peshawar,Residential,265.6,265.4,0.999,0.285,1.49,0,0
MTR-001361,CUS-001361,Peshawar,Residential,205.5,247.4,1.204,0.205,2.46,0,0
MTR-002316,CUS-002316,Faisalabad,Residential,285.1,276.2,0.969,0.383,1.45,0,0
MTR-001407,CUS-001407,Lahore,Residential,190.5,224.4,1.178,0.328,2.13,0,0
MTR-002529,CUS-002529,Islamabad,Residential,102.1,100.3,0.982,0.29,1.28,0,0
MTR-000343,CUS-000343,Multan,Residential,231.8,208.0,0.897,0.174,2.08,0,0
MTR-001105,CUS-001105,Karachi,Residential,210.5,158.0,0.751,0.24,0.7,0,0
MTR-002592,CUS-002592,Karachi,Residential,214.4,229.2,1.069,0.461,0.73,0,0
MTR-000557,CUS-000557,Lahore,Residential,107.4,117.3,1.092,0.179,1.49,0,0
MTR-001475,CUS-001475,Karachi,Residential,183.9,158.5,0.862,0.28,2.61,0,0
MTR-002703,CUS-002703,Multan,Residential,127.7,150.3,1.177,0.299,2.19,0,0
MTR-000594,CUS-000594,Rawalpindi,Commercial,1494.5,1246.8,0.834,0.326,1.23,0,0
MTR-001557,CUS-001557,Faisalabad,Residential,104.2,113.1,1.085,0.18,0.87,0,0
MTR-000411,CUS-000411,Islamabad,Residential,64.1,69.9,1.091,0.314,3.03,0,0
MTR-001055,CUS-001055,Rawalpindi,Residential,192.5,217.3,1.129,0.165,3.36,1,0
MTR-002473,CUS-002473,Rawalpindi,Commercial,956.3,266.6,0.279,0.778,6.75,1,1
MTR-000108,CUS-000108,Faisalabad,Residential,169.5,191.2,1.128,0.248,2.36,0,0
MTR-002025,CUS-002025,Karachi,Residential,57.3,56.3,0.983,0.231,0.1,0,0
MTR-002706,CUS-002706,Rawalpindi,Residential,211.2,202.6,0.959,0.367,2.59,1,0
MTR-000318,CUS-000318,Multan,Commercial,811.9,892.3,1.099,0.281,3.59,0,0
MTR-002718,CUS-002718,Karachi,Commercial,1092.0,1217.9,1.115,0.338,3.07,0,0
MTR-000840,CUS-000840,Karachi,Commercial,999.8,761.2,0.761,0.341,3.02,1,0
MTR-002957,CUS-002957,Multan,Residential,193.7,163.7,0.845,0.402,0.34,0,0
MTR-001351,CUS-001351,Karachi,Residential,204.0,233.4,1.144,0.203,1.3,0,0
MTR-002825,CUS-002825,Karachi,Residential,123.2,130.2,1.057,0.374,1.86,0,0
MTR-002366,CUS-002366,Peshawar,Commercial,600.8,613.9,1.022,0.301,1.29,0,0
MTR-001882,CUS-001882,Karachi,Residential,261.2,230.3,0.882,0.27,0.84,0,0
MTR-000680,CUS-000680,Karachi,Residential,230.8,243.0,1.053,0.208,2.42,0,0
MTR-000729,CUS-000729,Rawalpindi,Industrial,3618.7,4148.0,1.146,0.349,3.0,0,0
MTR-000789,CUS-000789,Rawalpindi,Industrial,7070.2,9036.8,1.278,0.226,0.6,0,0
MTR-001813,CUS-001813,Peshawar,Residential,218.5,209.2,0.957,0.341,3.04,0,0
MTR-001345,CUS-001345,Karachi,Residential,256.3,283.3,1.105,0.454,2.22,0,0
MTR-001868,CUS-001868,Islamabad,Residential,168.3,205.8,1.223,0.378,3.62,1,0
MTR-002069,CUS-002069,Rawalpindi,Residential,161.8,133.7,0.826,0.411,2.79,0,0
MTR-000432,CUS-000432,Faisalabad,Commercial,827.0,1005.5,1.216,0.242,2.13,1,0
MTR-000564,CUS-000564,Rawalpindi,Residential,230.0,235.5,1.024,0.361,2.14,1,0
MTR-001748,CUS-001748,Faisalabad,Residential,137.7,138.9,1.009,0.208,2.0,0,0
MTR-001776,CUS-001776,Lahore,Residential,138.7,129.7,0.935,0.281,3.82,0,0
MTR-000070,CUS-000070,Peshawar,Commercial,773.4,739.6,0.956,0.439,2.61,1,0
MTR-001788,CUS-001788,Islamabad,Residential,248.9,226.6,0.911,0.251,1.63,0,0
MTR-001229,CUS-001229,Islamabad,Industrial,4792.7,4244.6,0.886,0.389,2.57,1,0
MTR-001512,CUS-001512,Faisalabad,Residential,96.7,101.9,1.054,0.381,2.47,0,0
MTR-000056,CUS-000056,Islamabad,Industrial,2859.2,3241.0,1.134,0.386,1.58,0,0
MTR-001601,CUS-001601,Rawalpindi,Residential,108.7,95.0,0.874,0.199,1.18,0,0
MTR-000651,CUS-000651,Rawalpindi,Residential,130.9,120.0,0.917,0.342,3.18,0,0
MTR-002176,CUS-002176,Peshawar,Residential,221.8,228.6,1.031,0.287,1.74,0,0
MTR-000897,CUS-000897,Lahore,Commercial,1677.5,585.3,0.349,0.771,5.12,1,1
MTR-000785,CUS-000785,Rawalpindi,Residential,157.6,162.2,1.029,0.168,2.58,0,0
MTR-000309,CUS-000309,Rawalpindi,Residential,188.3,182.2,0.968,0.329,1.48,1,0
MTR-002404,CUS-002404,Rawalpindi,Residential,194.7,156.4,0.803,0.318,2.23,0,0
MTR-001741,CUS-001741,Faisalabad,Commercial,1197.3,1265.1,1.057,0.141,1.62,0,0
MTR-000907,CUS-000907,Multan,Residential,154.9,144.5,0.933,0.229,0.1,1,0
MTR-000602,CUS-000602,Lahore,Commercial,616.5,692.3,1.123,0.154,2.39,0,0
MTR-001178,CUS-001178,Lahore,Residential,255.3,249.3,0.977,0.242,2.26,2,0
MTR-002297,CUS-002297,Rawalpindi,Residential,177.0,161.9,0.915,0.344,2.35,0,0
MTR-001745,CUS-001745,Multan,Residential,175.4,48.8,0.278,0.731,2.49,3,1
MTR-001161,CUS-001161,Multan,Commercial,678.3,779.4,1.149,0.314,0.65,0,0
MTR-001509,CUS-001509,Peshawar,Residential,139.6,170.5,1.221,0.217,3.16,0,0
MTR-002095,CUS-002095,Karachi,Residential,236.9,253.8,1.071,0.39,2.07,0,0
MTR-001577,CUS-001577,Rawalpindi,Residential,290.6,270.1,0.929,0.298,0.11,0,0
MTR-000572,CUS-000572,Lahore,Industrial,1146.5,1151.0,1.004,0.303,2.08,0,0
MTR-000554,CUS-000554,Peshawar,Commercial,881.1,870.7,0.988,0.375,0.43,0,0
MTR-000945,CUS-000945,Rawalpindi,Residential,257.8,253.2,0.982,0.221,1.43,0,0
MTR-002996,CUS-002996,Karachi,Commercial,423.6,410.7,0.969,0.318,2.25,0,0
MTR-000874,CUS-000874,Peshawar,Residential,143.3,126.7,0.884,0.334,2.26,0,0
MTR-002994,CUS-002994,Peshawar,Residential,215.7,241.0,1.117,0.256,3.01,0,0
MTR-001569,CUS-001569,Multan,Residential,217.2,239.6,1.103,0.352,2.47,0,0
MTR-002668,CUS-002668,Peshawar,Residential,158.4,158.8,1.003,0.338,2.53,1,0
MTR-002627,CUS-002627,Peshawar,Residential,249.8,287.5,1.151,0.292,1.62,0,0
MTR-001553,CUS-001553,Peshawar,Residential,132.3,141.7,1.071,0.289,1.15,0,0
MTR-000120,CUS-000120,Multan,Commercial,831.4,720.0,0.866,0.342,2.05,0,0
MTR-002659,CUS-002659,Faisalabad,Residential,187.3,179.3,0.957,0.363,3.02,0,0
MTR-000809,CUS-000809,Islamabad,Residential,98.1,115.5,1.178,0.305,2.83,0,0
MTR-002186,CUS-002186,Multan,Residential,193.3,184.9,0.957,0.39,1.8,0,0
MTR-001618,CUS-001618,Karachi,Commercial,1157.7,1061.4,0.917,0.353,1.94,0,0
MTR-000313,CUS-000313,Karachi,Residential,184.6,200.6,1.087,0.157,1.1,0,0
MTR-001562,CUS-001562,Faisalabad,Commercial,693.0,669.7,0.966,0.188,3.15,0,0
MTR-000233,CUS-000233,Rawalpindi,Residential,78.2,83.5,1.067,0.395,3.62,1,0
MTR-000507,CUS-000507,Peshawar,Residential,282.0,280.8,0.996,0.28,2.44,0,0
MTR-001336,CUS-001336,Multan,Residential,216.8,196.1,0.904,0.313,0.36,2,0
MTR-001385,CUS-001385,Karachi,Residential,125.4,115.0,0.917,0.391,2.67,0,0
MTR-000111,CUS-000111,Multan,Residential,174.7,139.4,0.798,0.299,3.65,1,0
MTR-001578,CUS-001578,Islamabad,Commercial,1498.1,1299.4,0.867,0.303,0.88,0,0
MTR-000410,CUS-000410,Rawalpindi,Residential,190.5,204.9,1.075,0.231,2.85,1,0
MTR-000218,CUS-000218,Faisalabad,Residential,150.3,172.0,1.145,0.33,1.81,1,0
MTR-002114,CUS-002114,Multan,Residential,238.1,220.7,0.927,0.347,3.24,0,0
MTR-001307,CUS-001307,Karachi,Commercial,831.8,694.6,0.835,0.254,0.84,0,0
MTR-001080,CUS-001080,Islamabad,Residential,216.4,245.9,1.137,0.226,1.57,0,0
MTR-000759,CUS-000759,Karachi,Residential,66.0,75.2,1.14,0.51,0.43,0,0
MTR-000911,CUS-000911,Faisalabad,Residential,122.7,133.3,1.087,0.293,2.34,0,0
MTR-000807,CUS-000807,Multan,Residential,268.8,222.0,0.826,0.245,2.55,0,0
MTR-000439,CUS-000439,Karachi,Residential,138.3,146.8,1.062,0.357,2.34,0,0
MTR-000544,CUS-000544,Peshawar,Industrial,1612.9,1719.7,1.066,0.296,1.48,0,0
MTR-000485,CUS-000485,Karachi,Commercial,395.3,438.0,1.108,0.213,1.56,0,0
MTR-002475,CUS-002475,Islamabad,Residential,234.1,238.3,1.018,0.339,1.67,0,0
MTR-000387,CUS-000387,Lahore,Residential,212.1,193.0,0.91,0.232,2.89,1,0
MTR-002916,CUS-002916,Faisalabad,Residential,80.4,76.5,0.951,0.426,0.55,0,0
MTR-001192,CUS-001192,Faisalabad,Commercial,1528.7,1744.6,1.141,0.34,1.66,1,0
MTR-001230,CUS-001230,Lahore,Residential,298.4,312.0,1.046,0.278,0.53,0,0
MTR-001210,CUS-001210,Multan,Residential,188.9,159.2,0.843,0.309,1.59,0,0
MTR-001273,CUS-001273,Karachi,Commercial,930.9,1121.5,1.205,0.372,1.99,0,0
MTR-001939,CUS-001939,Islamabad,Residential,218.4,94.8,0.434,0.683,7.33,2,1
MTR-002303,CUS-002303,Islamabad,Residential,177.9,213.4,1.199,0.47,1.33,0,0
MTR-000930,CUS-000930,Lahore,Residential,222.7,253.0,1.136,0.391,3.03,0,0
MTR-000135,CUS-000135,Peshawar,Residential,230.2,204.6,0.889,0.339,0.29,0,0
MTR-001780,CUS-001780,Rawalpindi,Residential,143.6,149.3,1.04,0.225,2.04,0,0
MTR-002167,CUS-002167,Islamabad,Residential,128.8,138.1,1.072,0.288,2.04,0,0
MTR-001497,CUS-001497,Islamabad,Residential,132.8,111.4,0.839,0.338,2.75,0,0
MTR-002256,CUS-002256,Peshawar,Residential,110.5,95.0,0.859,0.234,1.45,0,0
MTR-000366,CUS-000366,Peshawar,Residential,239.0,260.3,1.089,0.403,1.22,1,0
MTR-002024,CUS-002024,Islamabad,Residential,158.5,174.1,1.099,0.222,0.1,0,0
MTR-002897,CUS-002897,Karachi,Industrial,1181.9,1517.8,1.284,0.249,2.33,0,0
MTR-000029,CUS-000029,Rawalpindi,Residential,235.2,227.9,0.969,0.255,1.36,1,0
MTR-002501,CUS-002501,Rawalpindi,Residential,155.2,123.9,0.798,0.36,3.03,0,0
MTR-002968,CUS-002968,Islamabad,Residential,176.1,172.9,0.982,0.236,2.51,0,0
MTR-001047,CUS-001047,Lahore,Residential,95.9,21.9,0.228,0.829,7.88,2,1
MTR-002887,CUS-002887,Karachi,Residential,99.3,95.0,0.956,0.387,1.13,0,0
MTR-001421,CUS-001421,Karachi,Residential,91.1,92.2,1.012,0.264,2.2,1,0
MTR-001488,CUS-001488,Multan,Residential,204.2,188.5,0.923,0.215,2.19,0,0
MTR-000183,CUS-000183,Peshawar,Residential,65.5,74.9,1.143,0.24,1.5,0,0
MTR-001134,CUS-001134,Multan,Commercial,999.2,1088.5,1.089,0.437,3.23,0,0
MTR-000188,CUS-000188,Multan,Residential,193.8,174.7,0.902,0.247,2.78,0,0
MTR-000420,CUS-000420,Islamabad,Residential,145.9,136.8,0.937,0.29,4.03,0,0
MTR-000170,CUS-000170,Rawalpindi,Residential,143.8,132.1,0.918,0.264,2.69,0,0
MTR-001377,CUS-001377,Multan,Residential,145.8,113.3,0.777,0.201,3.87,0,0
MTR-000460,CUS-000460,Rawalpindi,Commercial,647.7,588.5,0.909,0.241,3.85,0,0
MTR-000043,CUS-000043,Multan,Residential,197.3,155.3,0.787,0.196,1.51,0,0
MTR-000087,CUS-000087,Faisalabad,Residential,125.5,139.6,1.112,0.376,0.53,0,0
MTR-001322,CUS-001322,Multan,Residential,200.6,225.0,1.122,0.308,3.69,0,0
MTR-001740,CUS-001740,Faisalabad,Residential,84.7,81.7,0.964,0.499,2.69,1,0
MTR-000705,CUS-000705,Rawalpindi,Residential,45.5,46.6,1.025,0.243,2.52,0,0
MTR-000903,CUS-000903,Karachi,Residential,237.5,268.0,1.129,0.231,1.55,1,0
MTR-000282,CUS-000282,Faisalabad,Residential,136.9,46.3,0.338,0.67,7.92,3,1
MTR-002458,CUS-002458,Karachi,Residential,163.4,202.7,1.241,0.385,3.02,0,0
MTR-000693,CUS-000693,Islamabad,Residential,212.4,219.0,1.031,0.331,2.66,0,0
MTR-002089,CUS-002089,Lahore,Commercial,1122.3,1317.9,1.174,0.211,1.39,0,0
MTR-002066,CUS-002066,Karachi,Commercial,957.4,968.3,1.011,0.44,3.54,0,0
MTR-000257,CUS-000257,Islamabad,Residential,181.1,178.5,0.986,0.294,2.12,1,0
MTR-002644,CUS-002644,Peshawar,Residential,226.5,244.9,1.081,0.266,2.68,0,0
MTR-002594,CUS-002594,Rawalpindi,Residential,121.7,129.8,1.066,0.391,2.84,0,0
MTR-002442,CUS-002442,Multan,Residential,223.4,207.1,0.927,0.298,4.13,0,0
MTR-002883,CUS-002883,Faisalabad,Residential,198.1,178.5,0.901,0.207,2.41,0,0
MTR-001216,CUS-001216,Lahore,Residential,147.0,148.3,1.009,0.303,1.95,0,0
MTR-001041,CUS-001041,Faisalabad,Residential,222.2,171.8,0.773,0.237,3.91,0,0
MTR-002453,CUS-002453,Lahore,Residential,177.9,171.3,0.963,0.059,3.11,0,0
MTR-000149,CUS-000149,Faisalabad,Residential,181.8,160.4,0.882,0.229,2.31,2,0
MTR-001736,CUS-001736,Karachi,Residential,96.2,89.5,0.931,0.258,2.24,0,0
MTR-002358,CUS-002358,Karachi,Commercial,1140.5,1033.9,0.907,0.208,0.1,0,0
MTR-002392,CUS-002392,Islamabad,Residential,259.4,86.5,0.333,0.631,4.29,3,1
MTR-002441,CUS-002441,Multan,Residential,168.2,177.2,1.054,0.238,0.6,0,0
MTR-002112,CUS-002112,Karachi,Residential,119.3,120.1,1.006,0.338,0.1,0,0
MTR-002417,CUS-002417,Karachi,Commercial,1045.0,996.9,0.954,0.201,1.4,0,0
MTR-000134,CUS-000134,Multan,Residential,105.1,118.1,1.124,0.373,0.62,1,0
MTR-002930,CUS-002930,Multan,Residential,267.2,296.1,1.108,0.198,1.64,0,0
MTR-000831,CUS-000831,Karachi,Residential,157.1,155.0,0.987,0.113,2.31,0,0
MTR-001800,CUS-001800,Rawalpindi,Residential,164.6,191.4,1.163,0.399,2.51,0,0
MTR-002929,CUS-002929,Karachi,Residential,253.2,247.4,0.977,0.232,1.89,0,0
MTR-002988,CUS-002988,Faisalabad,Residential,213.4,218.6,1.025,0.441,0.71,3,0
MTR-001898,CUS-001898,Rawalpindi,Commercial,1312.7,1222.2,0.931,0.345,1.88,0,0
MTR-000864,CUS-000864,Faisalabad,Commercial,456.8,435.2,0.953,0.363,0.93,1,0
MTR-000528,CUS-000528,Islamabad,Commercial,584.5,540.5,0.925,0.384,3.4,0,0
MTR-002219,CUS-002219,Multan,Residential,205.3,222.2,1.083,0.309,1.85,0,0
MTR-000430,CUS-000430,Rawalpindi,Residential,214.8,224.5,1.045,0.31,0.86,1,0
MTR-002743,CUS-002743,Lahore,Residential,195.7,171.0,0.874,0.403,0.95,0,0
MTR-001744,CUS-001744,Multan,Residential,87.5,93.4,1.068,0.309,2.01,0,0
MTR-000610,CUS-000610,Multan,Residential,249.0,302.6,1.215,0.242,2.06,1,0
MTR-000949,CUS-000949,Peshawar,Industrial,4144.9,3816.6,0.921,0.347,1.81,0,0
MTR-002811,CUS-002811,Faisalabad,Residential,235.1,55.1,0.234,0.659,7.15,2,1
MTR-000221,CUS-000221,Multan,Residential,193.8,194.0,1.001,0.406,1.04,0,0
MTR-001915,CUS-001915,Peshawar,Residential,222.4,259.2,1.165,0.407,3.0,0,0
MTR-002411,CUS-002411,Peshawar,Industrial,2881.8,2730.2,0.947,0.396,1.91,1,0
MTR-001036,CUS-001036,Multan,Commercial,959.3,1171.3,1.221,0.393,2.86,0,0
MTR-002645,CUS-002645,Islamabad,Residential,222.5,194.3,0.873,0.293,1.37,0,0
MTR-000932,CUS-000932,Rawalpindi,Commercial,1089.2,1113.8,1.023,0.291,2.78,0,0
MTR-002555,CUS-002555,Peshawar,Residential,154.6,123.0,0.796,0.202,1.19,0,0
MTR-000173,CUS-000173,Karachi,Residential,146.7,130.2,0.888,0.44,3.65,1,0
MTR-000565,CUS-000565,Multan,Residential,190.2,185.3,0.974,0.261,1.92,0,0
MTR-001960,CUS-001960,Islamabad,Commercial,1098.4,1134.0,1.032,0.327,1.57,0,0
MTR-000812,CUS-000812,Karachi,Residential,82.6,94.9,1.149,0.32,0.83,1,0
MTR-002687,CUS-002687,Faisalabad,Residential,153.4,140.5,0.916,0.193,2.17,0,0
MTR-000958,CUS-000958,Islamabad,Residential,214.3,58.6,0.274,0.704,5.04,1,1
MTR-000527,CUS-000527,Faisalabad,Residential,173.1,145.3,0.839,0.3,0.66,0,0
MTR-001413,CUS-001413,Karachi,Commercial,314.3,352.4,1.121,0.264,1.26,0,0
MTR-001611,CUS-001611,Islamabad,Residential,207.7,240.4,1.157,0.293,0.1,0,0
MTR-000272,CUS-000272,Lahore,Residential,168.8,189.8,1.125,0.385,0.87,1,0
MTR-000926,CUS-000926,Rawalpindi,Residential,194.8,219.0,1.124,0.318,1.88,1,0
MTR-001739,CUS-001739,Peshawar,Residential,215.9,213.5,0.989,0.361,2.35,0,0
MTR-000847,CUS-000847,Karachi,Residential,239.5,247.5,1.033,0.336,1.68,0,0
MTR-000952,CUS-000952,Islamabad,Residential,165.5,163.6,0.988,0.275,2.47,0,0
MTR-001620,CUS-001620,Karachi,Residential,159.7,158.8,0.995,0.22,1.04,0,0
MTR-002999,CUS-002999,Islamabad,Residential,168.0,43.6,0.26,0.625,7.11,1,1
MTR-002315,CUS-002315,Islamabad,Commercial,895.3,925.6,1.034,0.307,1.92,0,0
MTR-001912,CUS-001912,Rawalpindi,Residential,156.0,163.8,1.05,0.373,1.79,0,0
MTR-002593,CUS-002593,Karachi,Commercial,704.4,787.7,1.118,0.288,2.0,2,0
MTR-002031,CUS-002031,Karachi,Commercial,831.1,870.2,1.047,0.276,1.4,1,0
MTR-001100,CUS-001100,Peshawar,Residential,238.6,263.8,1.106,0.282,0.47,0,0
MTR-001292,CUS-001292,Lahore,Residential,198.7,181.0,0.911,0.227,0.95,0,0
MTR-002875,CUS-002875,Karachi,Residential,227.7,266.6,1.171,0.416,0.59,1,0
MTR-000168,CUS-000168,Islamabad,Residential,140.0,135.9,0.971,0.391,1.77,0,0
MTR-002376,CUS-002376,Multan,Residential,199.7,150.6,0.754,0.203,2.68,0,0
MTR-001467,CUS-001467,Faisalabad,Residential,219.3,209.1,0.953,0.364,3.48,0,0
MTR-002766,CUS-002766,Multan,Residential,202.0,216.0,1.069,0.152,1.54,0,0
MTR-001398,CUS-001398,Faisalabad,Residential,194.4,196.3,1.01,0.379,1.84,0,0
MTR-001228,CUS-001228,Peshawar,Commercial,374.5,287.2,0.767,0.244,3.88,0,0
MTR-002234,CUS-002234,Karachi,Residential,278.1,285.3,1.026,0.329,1.6,0,0
MTR-001738,CUS-001738,Rawalpindi,Commercial,529.5,537.6,1.015,0.146,1.37,0,0
MTR-000367,CUS-000367,Multan,Residential,283.8,250.7,0.883,0.204,1.87,0,0
MTR-002275,CUS-002275,Faisalabad,Residential,141.1,150.7,1.068,0.337,1.58,0,0
MTR-000867,CUS-000867,Islamabad,Residential,141.1,138.8,0.984,0.244,1.32,0,0
MTR-001302,CUS-001302,Peshawar,Industrial,4384.7,3358.1,0.766,0.233,0.59,0,0
MTR-000351,CUS-000351,Faisalabad,Commercial,1062.2,1150.8,1.083,0.412,3.59,0,0
MTR-002394,CUS-002394,Peshawar,Commercial,1081.3,1104.0,1.021,0.477,2.55,0,0
MTR-002503,CUS-002503,Karachi,Industrial,4898.9,5788.7,1.182,0.375,3.62,1,0
MTR-000979,CUS-000979,Rawalpindi,Commercial,281.9,252.6,0.896,0.213,2.95,0,0
MTR-001847,CUS-001847,Faisalabad,Residential,162.5,158.0,0.972,0.441,2.02,1,0
MTR-002370,CUS-002370,Islamabad,Commercial,720.2,812.3,1.128,0.175,0.33,0,0
MTR-000498,CUS-000498,Lahore,Residential,188.5,167.8,0.89,0.276,1.09,1,0
MTR-001628,CUS-001628,Islamabad,Residential,184.4,207.2,1.124,0.304,1.65,0,0
MTR-000210,CUS-000210,Karachi,Industrial,8179.8,9217.2,1.127,0.454,1.04,0,0
MTR-002470,CUS-002470,Peshawar,Residential,217.4,225.6,1.038,0.373,0.18,0,0
MTR-000601,CUS-000601,Karachi,Residential,135.4,132.7,0.98,0.263,1.11,0,0
MTR-000227,CUS-000227,Rawalpindi,Commercial,784.0,723.1,0.922,0.224,1.81,0,0
MTR-000365,CUS-000365,Peshawar,Residential,164.5,150.3,0.913,0.38,3.59,1,0
MTR-000581,CUS-000581,Faisalabad,Residential,160.2,166.2,1.037,0.257,1.33,0,0
MTR-002855,CUS-002855,Rawalpindi,Industrial,6071.7,3975.2,0.655,0.317,2.66,1,0
MTR-002178,CUS-002178,Multan,Industrial,4252.6,3968.3,0.933,0.19,1.02,0,0
MTR-002018,CUS-002018,Lahore,Residential,228.7,209.6,0.917,0.346,1.78,1,0
MTR-000859,CUS-000859,Rawalpindi,Residential,209.3,184.5,0.881,0.339,1.97,0,0
MTR-000407,CUS-000407,Multan,Industrial,1820.5,1861.1,1.022,0.201,3.6,0,0
MTR-001920,CUS-001920,Lahore,Residential,153.5,126.4,0.824,0.383,0.1,0,0
MTR-001613,CUS-001613,Karachi,Commercial,1153.8,1320.3,1.144,0.344,1.19,0,0
MTR-000678,CUS-000678,Karachi,Commercial,1272.7,256.8,0.202,0.763,6.44,2,1
MTR-001264,CUS-001264,Peshawar,Residential,158.3,184.1,1.163,0.27,2.42,1,0
MTR-002407,CUS-002407,Karachi,Residential,182.0,170.5,0.937,0.314,0.82,0,0
MTR-000691,CUS-000691,Rawalpindi,Commercial,695.5,712.8,1.025,0.305,1.96,0,0
MTR-000007,CUS-000007,Karachi,Residential,279.7,307.3,1.099,0.288,2.01,0,0
MTR-002867,CUS-002867,Karachi,Residential,171.2,168.5,0.984,0.314,3.47,2,0
MTR-001204,CUS-001204,Karachi,Residential,234.6,218.6,0.932,0.401,2.21,0,0
MTR-002233,CUS-002233,Karachi,Residential,172.2,174.7,1.014,0.386,1.86,1,0
MTR-000415,CUS-000415,Peshawar,Commercial,1245.9,1215.2,0.975,0.205,1.3,0,0
MTR-000670,CUS-000670,Peshawar,Residential,132.9,115.8,0.872,0.379,2.61,0,0
MTR-000810,CUS-000810,Rawalpindi,Industrial,5974.0,4267.6,0.714,0.395,1.75,1,0
MTR-001089,CUS-001089,Karachi,Commercial,721.0,641.1,0.889,0.288,1.43,0,0
MTR-000199,CUS-000199,Multan,Residential,302.5,216.8,0.717,0.341,1.02,0,0
MTR-000283,CUS-000283,Lahore,Commercial,941.3,843.0,0.896,0.34,1.7,0,0
MTR-000231,CUS-000231,Faisalabad,Residential,171.5,200.7,1.17,0.232,2.7,1,0
MTR-002730,CUS-002730,Peshawar,Residential,246.3,191.7,0.778,0.269,1.49,0,0
MTR-002861,CUS-002861,Faisalabad,Commercial,964.6,1016.6,1.054,0.36,2.03,0,0
MTR-000096,CUS-000096,Lahore,Residential,195.5,224.2,1.147,0.26,1.44,1,0
MTR-001587,CUS-001587,Islamabad,Residential,133.0,107.9,0.811,0.378,2.17,0,0
MTR-002569,CUS-002569,Lahore,Residential,209.3,254.4,1.215,0.404,2.08,0,0
MTR-001606,CUS-001606,Faisalabad,Residential,121.9,120.8,0.991,0.391,1.21,0,0
MTR-000676,CUS-000676,Islamabad,Residential,252.3,293.4,1.163,0.458,2.83,2,0
MTR-001860,CUS-001860,Lahore,Commercial,895.4,924.5,1.033,0.293,0.54,0,0
MTR-002781,CUS-002781,Faisalabad,Commercial,537.7,157.6,0.293,0.859,8.84,1,1
MTR-002863,CUS-002863,Islamabad,Residential,147.0,95.7,0.651,0.326,2.33,0,0
MTR-002587,CUS-002587,Lahore,Residential,133.5,115.6,0.866,0.295,2.59,0,0
MTR-001399,CUS-001399,Rawalpindi,Residential,131.5,142.2,1.082,0.343,0.35,0,0
MTR-001370,CUS-001370,Peshawar,Commercial,1455.7,1724.2,1.184,0.163,1.95,1,0
MTR-000104,CUS-000104,Rawalpindi,Commercial,1019.1,847.3,0.831,0.316,3.53,1,0
MTR-002087,CUS-002087,Faisalabad,Residential,189.5,188.1,0.993,0.19,1.85,1,0
MTR-000599,CUS-000599,Multan,Residential,222.2,210.3,0.946,0.223,2.13,0,0
MTR-001756,CUS-001756,Karachi,Residential,177.5,186.4,1.05,0.359,0.86,3,0
MTR-001323,CUS-001323,Peshawar,Residential,122.7,124.0,1.011,0.284,0.56,1,0
MTR-000642,CUS-000642,Multan,Residential,252.6,241.3,0.955,0.356,2.23,1,0
MTR-000700,CUS-000700,Islamabad,Residential,239.0,257.3,1.077,0.282,1.32,0,0
MTR-000226,CUS-000226,Multan,Residential,118.0,108.2,0.917,0.389,1.45,1,0
MTR-001697,CUS-001697,Multan,Residential,143.0,143.2,1.001,0.281,2.06,0,0
MTR-001010,CUS-001010,Faisalabad,Residential,261.7,285.9,1.092,0.144,2.69,1,0
MTR-001572,CUS-001572,Islamabad,Residential,323.0,294.8,0.913,0.318,2.53,1,0
MTR-000776,CUS-000776,Faisalabad,Residential,222.3,212.7,0.957,0.126,2.1,0,0
MTR-001730,CUS-001730,Islamabad,Residential,200.3,186.9,0.933,0.184,2.89,1,0
MTR-002826,CUS-002826,Multan,Residential,253.3,267.0,1.054,0.229,3.04,2,0
MTR-002228,CUS-002228,Islamabad,Residential,146.2,152.3,1.042,0.219,1.87,0,0
MTR-002794,CUS-002794,Peshawar,Residential,201.0,188.5,0.938,0.256,3.67,2,0
MTR-000464,CUS-000464,Faisalabad,Residential,108.7,113.1,1.041,0.217,0.91,0,0
MTR-002651,CUS-002651,Faisalabad,Residential,201.5,133.5,0.663,0.188,0.47,0,0
MTR-001093,CUS-001093,Karachi,Residential,237.9,261.7,1.1,0.423,3.38,0,0
MTR-001271,CUS-001271,Islamabad,Residential,100.9,111.7,1.107,0.246,1.3,1,0
MTR-002923,CUS-002923,Peshawar,Industrial,5451.2,5120.0,0.939,0.122,0.1,0,0
MTR-001580,CUS-001580,Rawalpindi,Residential,63.5,58.1,0.915,0.271,1.67,1,0
MTR-001207,CUS-001207,Faisalabad,Residential,30.3,30.1,0.993,0.21,3.23,1,0
MTR-000212,CUS-000212,Rawalpindi,Residential,125.9,112.2,0.891,0.229,1.69,0,0
MTR-000012,CUS-000012,Karachi,Residential,195.3,177.6,0.909,0.357,0.22,0,0
MTR-002972,CUS-002972,Lahore,Residential,218.3,226.4,1.037,0.264,1.71,0,0
MTR-000422,CUS-000422,Multan,Commercial,1499.9,399.0,0.266,0.758,3.97,2,1
MTR-001688,CUS-001688,Lahore,Industrial,2859.9,2969.0,1.038,0.336,1.66,1,0
MTR-001779,CUS-001779,Peshawar,Residential,286.3,385.5,1.346,0.392,1.28,0,0
MTR-002639,CUS-002639,Karachi,Residential,169.3,194.7,1.15,0.343,1.33,1,0
MTR-002319,CUS-002319,Karachi,Residential,108.5,118.1,1.088,0.104,2.73,1,0
MTR-000637,CUS-000637,Karachi,Residential,316.4,342.9,1.084,0.211,1.42,0,0
MTR-001278,CUS-001278,Islamabad,Residential,228.0,230.4,1.01,0.304,2.16,0,0
MTR-001640,CUS-001640,Karachi,Commercial,745.4,790.5,1.061,0.28,2.16,0,0
MTR-000509,CUS-000509,Lahore,Residential,185.1,189.5,1.024,0.274,1.38,0,0
MTR-000597,CUS-000597,Rawalpindi,Residential,176.1,198.3,1.126,0.221,1.25,0,0
MTR-002712,CUS-002712,Islamabad,Commercial,219.7,212.3,0.967,0.188,2.07,0,0
MTR-002634,CUS-002634,Karachi,Commercial,811.1,778.7,0.96,0.461,0.35,1,0
MTR-002364,CUS-002364,Lahore,Residential,191.9,219.0,1.141,0.302,3.99,0,0
MTR-002643,CUS-002643,Karachi,Residential,138.6,130.9,0.945,0.351,1.43,0,0
MTR-000518,CUS-000518,Karachi,Residential,102.9,91.2,0.887,0.301,1.61,0,0
MTR-002793,CUS-002793,Karachi,Residential,156.2,142.2,0.91,0.304,2.74,0,0
MTR-000573,CUS-000573,Islamabad,Industrial,4065.9,827.4,0.203,0.706,5.71,3,1
MTR-002725,CUS-002725,Peshawar,Commercial,1088.6,1437.6,1.321,0.21,1.58,0,0
MTR-001097,CUS-001097,Islamabad,Residential,210.2,187.8,0.893,0.179,0.66,0,0
MTR-001947,CUS-001947,Islamabad,Residential,200.8,216.3,1.077,0.331,2.1,0,0
MTR-001448,CUS-001448,Peshawar,Residential,131.5,133.9,1.018,0.315,1.45,1,0
MTR-001584,CUS-001584,Islamabad,Residential,187.7,213.1,1.135,0.375,4.08,1,0
MTR-002596,CUS-002596,Lahore,Residential,176.5,190.0,1.076,0.359,1.79,0,0
MTR-000964,CUS-000964,Lahore,Residential,57.0,65.1,1.143,0.235,0.1,0,0
MTR-001018,CUS-001018,Rawalpindi,Residential,184.1,190.6,1.035,0.391,2.95,1,0
MTR-002908,CUS-002908,Lahore,Residential,170.3,153.2,0.9,0.361,1.0,0,0
MTR-000358,CUS-000358,Multan,Residential,199.7,183.4,0.918,0.355,2.11,0,0
MTR-000736,CUS-000736,Multan,Residential,214.0,219.4,1.025,0.48,3.4,0,0
MTR-001784,CUS-001784,Rawalpindi,Residential,231.1,244.1,1.056,0.464,1.69,1,0
MTR-001608,CUS-001608,Karachi,Residential,154.3,147.2,0.954,0.355,1.8,0,0
MTR-000259,CUS-000259,Faisalabad,Residential,144.5,179.4,1.242,0.345,2.93,0,0
MTR-002771,CUS-002771,Karachi,Residential,133.0,148.0,1.113,0.387,3.43,0,0
MTR-002642,CUS-002642,Rawalpindi,Residential,281.2,210.9,0.75,0.253,1.86,1,0
MTR-002742,CUS-002742,Multan,Residential,85.8,84.5,0.985,0.254,4.02,0,0
MTR-002383,CUS-002383,Multan,Residential,276.3,242.2,0.876,0.354,0.26,0,0
MTR-001029,CUS-001029,Karachi,Residential,187.8,230.8,1.229,0.231,1.1,0,0
MTR-002408,CUS-002408,Faisalabad,Residential,206.6,151.6,0.734,0.347,1.52,0,0
MTR-000969,CUS-000969,Multan,Commercial,261.6,274.7,1.05,0.313,3.06,1,0
MTR-002990,CUS-002990,Rawalpindi,Commercial,611.6,620.7,1.015,0.232,2.23,0,0
MTR-000819,CUS-000819,Multan,Residential,174.1,191.1,1.098,0.302,1.32,0,0
MTR-002716,CUS-002716,Rawalpindi,Residential,172.6,179.3,1.039,0.404,0.87,0,0
MTR-002325,CUS-002325,Faisalabad,Residential,54.6,68.2,1.248,0.307,0.51,0,0
MTR-000456,CUS-000456,Faisalabad,Residential,143.8,159.6,1.11,0.307,2.52,1,0
MTR-000462,CUS-000462,Peshawar,Residential,162.7,126.8,0.779,0.326,1.61,0,0
MTR-002344,CUS-002344,Multan,Residential,213.4,249.4,1.169,0.337,3.01,1,0
MTR-002688,CUS-002688,Multan,Residential,157.8,161.6,1.024,0.274,0.57,0,0
MTR-000381,CUS-000381,Multan,Residential,263.8,308.3,1.169,0.328,2.43,0,0
MTR-001891,CUS-001891,Lahore,Residential,214.6,206.4,0.962,0.216,1.96,0,0
MTR-001832,CUS-001832,Multan,Commercial,1283.4,1119.8,0.873,0.236,1.39,1,0
MTR-002308,CUS-002308,Islamabad,Residential,158.2,134.4,0.85,0.246,1.46,0,0
MTR-001506,CUS-001506,Lahore,Residential,164.7,185.7,1.127,0.338,2.1,0,0
MTR-000805,CUS-000805,Karachi,Residential,183.7,201.3,1.096,0.313,1.97,0,0
MTR-002438,CUS-002438,Multan,Residential,164.9,153.2,0.929,0.289,1.11,0,0
MTR-000756,CUS-000756,Faisalabad,Residential,122.0,82.9,0.68,0.355,2.52,1,0
MTR-002515,CUS-002515,Rawalpindi,Industrial,3406.6,3856.1,1.132,0.33,3.21,0,0
MTR-001253,CUS-001253,Lahore,Commercial,979.3,739.9,0.755,0.277,1.76,0,0
MTR-000869,CUS-000869,Faisalabad,Residential,38.5,11.0,0.285,0.829,5.35,1,1
MTR-002064,CUS-002064,Faisalabad,Residential,234.1,193.5,0.827,0.234,1.84,0,0
MTR-001410,CUS-001410,Peshawar,Residential,196.8,197.1,1.002,0.183,4.41,0,0
MTR-002360,CUS-002360,Multan,Residential,187.2,192.4,1.028,0.311,2.01,1,0
MTR-002287,CUS-002287,Karachi,Residential,171.1,178.6,1.044,0.231,2.7,0,0
MTR-002858,CUS-002858,Islamabad,Residential,170.3,176.9,1.039,0.26,3.17,0,0
MTR-001173,CUS-001173,Rawalpindi,Residential,104.2,105.8,1.016,0.29,1.36,0,0
MTR-000542,CUS-000542,Rawalpindi,Residential,123.9,117.4,0.948,0.384,2.71,0,0
MTR-002104,CUS-002104,Faisalabad,Residential,171.5,166.9,0.973,0.374,2.86,0,0
MTR-001255,CUS-001255,Multan,Residential,188.0,173.3,0.922,0.296,2.43,0,0
MTR-001766,CUS-001766,Peshawar,Commercial,249.1,252.6,1.014,0.401,2.76,0,0
MTR-001765,CUS-001765,Peshawar,Residential,252.7,199.5,0.79,0.139,1.35,0,0
MTR-001289,CUS-001289,Peshawar,Residential,123.2,127.9,1.038,0.45,4.15,0,0
MTR-002421,CUS-002421,Rawalpindi,Residential,266.4,263.2,0.988,0.355,0.1,2,0
MTR-002527,CUS-002527,Multan,Industrial,4283.2,4715.7,1.101,0.308,1.16,0,0
MTR-001343,CUS-001343,Rawalpindi,Commercial,1087.2,1047.6,0.964,0.229,0.66,0,0
MTR-001525,CUS-001525,Peshawar,Residential,163.9,175.7,1.072,0.265,3.72,0,0
MTR-002894,CUS-002894,Peshawar,Residential,147.1,156.8,1.066,0.349,1.87,0,0
MTR-002686,CUS-002686,Peshawar,Commercial,766.9,754.1,0.983,0.351,1.06,1,0
MTR-002194,CUS-002194,Karachi,Residential,54.6,56.9,1.042,0.353,1.39,1,0
MTR-002420,CUS-002420,Multan,Commercial,776.6,651.5,0.839,0.242,0.48,1,0
MTR-001677,CUS-001677,Peshawar,Residential,83.2,96.6,1.161,0.226,2.63,0,0
MTR-001286,CUS-001286,Peshawar,Industrial,3128.4,865.2,0.277,0.812,6.88,1,1
MTR-000435,CUS-000435,Multan,Commercial,869.8,851.2,0.979,0.362,2.3,0,0
MTR-001727,CUS-001727,Multan,Commercial,1361.3,1189.3,0.874,0.3,1.28,0,0
MTR-000237,CUS-000237,Rawalpindi,Residential,160.9,146.1,0.908,0.419,3.53,0,0
MTR-002347,CUS-002347,Lahore,Residential,122.0,146.1,1.197,0.303,2.78,0,0
MTR-000109,CUS-000109,Karachi,Residential,240.1,244.1,1.017,0.3,0.26,1,0
MTR-002274,CUS-002274,Faisalabad,Residential,260.7,251.4,0.964,0.354,1.81,0,0
MTR-000163,CUS-000163,Faisalabad,Residential,177.3,170.9,0.964,0.398,0.84,0,0
MTR-000288,CUS-000288,Lahore,Residential,203.5,203.5,1.0,0.192,3.47,1,0
MTR-000252,CUS-000252,Peshawar,Residential,130.5,141.8,1.087,0.211,1.55,0,0
MTR-002583,CUS-002583,Rawalpindi,Residential,142.0,145.3,1.023,0.275,0.62,0,0
MTR-001964,CUS-001964,Karachi,Commercial,744.2,141.0,0.189,0.678,7.27,2,1
MTR-001288,CUS-001288,Peshawar,Commercial,638.3,567.6,0.889,0.279,3.59,1,0
MTR-000744,CUS-000744,Islamabad,Residential,215.7,40.8,0.189,0.761,8.51,1,1
MTR-001206,CUS-001206,Faisalabad,Commercial,793.6,808.5,1.019,0.349,1.48,0,0
MTR-002419,CUS-002419,Lahore,Residential,156.8,156.2,0.996,0.378,1.83,1,0
MTR-001391,CUS-001391,Rawalpindi,Residential,243.8,231.6,0.95,0.314,2.99,1,0
MTR-002333,CUS-002333,Faisalabad,Commercial,1350.5,1268.3,0.939,0.393,3.39,0,0
MTR-000990,CUS-000990,Faisalabad,Commercial,1145.0,1204.8,1.052,0.204,0.45,0,0
MTR-000839,CUS-000839,Multan,Residential,198.5,209.5,1.055,0.239,2.15,0,0
MTR-001149,CUS-001149,Peshawar,Residential,359.2,401.8,1.119,0.393,1.65,0,0
MTR-001221,CUS-001221,Faisalabad,Industrial,7024.6,7189.6,1.023,0.301,1.51,1,0
MTR-001743,CUS-001743,Islamabad,Residential,139.1,104.4,0.751,0.199,3.34,0,0
MTR-002400,CUS-002400,Islamabad,Residential,236.4,303.3,1.283,0.194,0.65,0,0
MTR-000461,CUS-000461,Rawalpindi,Residential,249.7,249.4,0.999,0.235,2.81,0,0
MTR-001309,CUS-001309,Rawalpindi,Residential,145.7,138.5,0.951,0.3,0.1,2,0
MTR-001435,CUS-001435,Islamabad,Residential,192.2,190.9,0.993,0.337,1.27,0,0
MTR-000157,CUS-000157,Islamabad,Commercial,1144.1,1089.7,0.952,0.274,2.03,1,0
MTR-001911,CUS-001911,Islamabad,Residential,103.5,93.3,0.902,0.331,0.69,1,0
MTR-002359,CUS-002359,Faisalabad,Residential,230.1,247.1,1.074,0.265,4.2,0,0
MTR-000677,CUS-000677,Rawalpindi,Commercial,997.8,980.0,0.982,0.398,1.28,0,0
MTR-002848,CUS-002848,Multan,Residential,227.3,224.9,0.989,0.504,1.2,0,0
MTR-001872,CUS-001872,Multan,Residential,161.0,112.6,0.7,0.269,1.31,1,0
MTR-000238,CUS-000238,Multan,Residential,246.3,239.6,0.973,0.338,2.58,0,0
MTR-002917,CUS-002917,Peshawar,Industrial,5029.3,4379.5,0.871,0.332,2.91,1,0
MTR-001091,CUS-001091,Lahore,Residential,269.7,252.8,0.937,0.311,1.56,0,0
MTR-002870,CUS-002870,Peshawar,Residential,193.1,198.6,1.028,0.352,2.32,0,0
MTR-000100,CUS-000100,Rawalpindi,Commercial,714.9,662.3,0.926,0.338,2.39,0,0
MTR-000315,CUS-000315,Karachi,Commercial,764.9,721.3,0.943,0.262,0.56,0,0
MTR-001023,CUS-001023,Karachi,Residential,91.1,92.2,1.012,0.405,1.88,0,0
MTR-002746,CUS-002746,Islamabad,Residential,211.3,198.5,0.939,0.316,1.37,0,0
MTR-000767,CUS-000767,Multan,Residential,230.3,201.1,0.873,0.269,0.44,0,0
MTR-001344,CUS-001344,Karachi,Residential,212.9,168.9,0.793,0.495,2.21,0,0
MTR-000261,CUS-000261,Peshawar,Industrial,5427.8,5647.0,1.04,0.291,3.01,0,0
MTR-001451,CUS-001451,Peshawar,Residential,198.5,186.2,0.938,0.32,2.04,0,0
MTR-002834,CUS-002834,Faisalabad,Residential,173.7,139.0,0.8,0.314,0.1,0,0
MTR-000195,CUS-000195,Multan,Residential,141.6,162.8,1.149,0.29,1.54,0,0
MTR-001775,CUS-001775,Islamabad,Residential,48.4,50.4,1.041,0.336,1.11,0,0
MTR-002841,CUS-002841,Karachi,Residential,177.6,152.3,0.857,0.232,3.78,0,0
MTR-001735,CUS-001735,Lahore,Residential,169.3,155.0,0.915,0.348,1.66,1,0
MTR-000179,CUS-000179,Rawalpindi,Residential,192.6,216.8,1.126,0.159,0.39,0,0
MTR-002922,CUS-002922,Peshawar,Residential,191.2,65.8,0.344,0.805,5.55,1,1
MTR-000340,CUS-000340,Islamabad,Residential,138.2,131.3,0.95,0.446,2.64,0,0
MTR-001099,CUS-001099,Rawalpindi,Commercial,893.7,974.2,1.09,0.2,2.1,1,0
MTR-001543,CUS-001543,Rawalpindi,Residential,147.0,144.0,0.98,0.143,1.2,0,0
MTR-000748,CUS-000748,Rawalpindi,Residential,242.8,278.6,1.148,0.201,1.54,0,0
MTR-002755,CUS-002755,Islamabad,Residential,134.2,127.6,0.95,0.439,2.77,0,0
MTR-000662,CUS-000662,Lahore,Residential,103.3,37.4,0.362,0.636,7.35,1,1
MTR-000480,CUS-000480,Islamabad,Residential,146.0,146.3,1.002,0.224,4.03,1,0
MTR-002138,CUS-002138,Lahore,Residential,124.1,138.5,1.116,0.183,2.1,0,0
MTR-000871,CUS-000871,Karachi,Residential,135.7,139.8,1.03,0.278,0.47,0,0
MTR-001453,CUS-001453,Peshawar,Industrial,5328.6,5394.8,1.012,0.265,1.8,1,0
MTR-002952,CUS-002952,Peshawar,Residential,213.8,193.1,0.903,0.262,1.44,1,0
MTR-000549,CUS-000549,Multan,Commercial,1083.8,959.7,0.885,0.448,0.45,2,0
MTR-002020,CUS-002020,Lahore,Residential,75.7,84.5,1.116,0.204,2.13,1,0
MTR-002708,CUS-002708,Rawalpindi,Residential,202.7,228.7,1.129,0.292,1.58,0,0
MTR-000742,CUS-000742,Peshawar,Residential,204.0,229.4,1.125,0.327,2.15,0,0
MTR-002415,CUS-002415,Multan,Residential,299.7,328.1,1.095,0.222,3.83,0,0
MTR-002637,CUS-002637,Peshawar,Residential,179.4,189.0,1.054,0.339,1.87,0,0
MTR-002566,CUS-002566,Peshawar,Residential,80.6,84.8,1.052,0.268,3.02,0,0
MTR-002292,CUS-002292,Islamabad,Residential,89.7,91.1,1.016,0.33,1.81,0,0
MTR-001909,CUS-001909,Lahore,Residential,245.2,261.7,1.067,0.291,2.42,1,0
MTR-000790,CUS-000790,Lahore,Residential,213.5,212.4,0.995,0.136,2.12,0,0
MTR-002120,CUS-002120,Rawalpindi,Residential,136.9,146.1,1.067,0.404,2.27,0,0
MTR-001446,CUS-001446,Lahore,Commercial,1038.9,1153.3,1.11,0.466,1.87,0,0
MTR-000247,CUS-000247,Lahore,Residential,165.5,140.5,0.849,0.286,3.45,0,0
MTR-000829,CUS-000829,Islamabad,Residential,101.8,115.2,1.132,0.228,2.63,1,0
MTR-001124,CUS-001124,Multan,Residential,175.9,174.7,0.993,0.42,2.12,0,0
MTR-002720,CUS-002720,Rawalpindi,Industrial,5526.5,6493.5,1.175,0.451,2.91,0,0
MTR-000626,CUS-000626,Multan,Residential,170.9,197.0,1.152,0.286,2.13,0,0
MTR-000347,CUS-000347,Peshawar,Residential,161.8,141.8,0.876,0.283,3.12,0,0
MTR-000278,CUS-000278,Faisalabad,Residential,186.7,186.7,1.0,0.294,0.82,0,0
MTR-001783,CUS-001783,Multan,Residential,219.6,170.4,0.776,0.166,4.13,0,0
MTR-002280,CUS-002280,Faisalabad,Industrial,4098.5,3908.6,0.954,0.277,2.17,0,0
MTR-000655,CUS-000655,Rawalpindi,Commercial,1043.7,1088.3,1.043,0.437,0.86,0,0
MTR-001213,CUS-001213,Multan,Residential,128.8,141.9,1.102,0.287,2.75,0,0
MTR-000838,CUS-000838,Karachi,Residential,251.0,253.1,1.008,0.217,3.29,0,0
MTR-002624,CUS-002624,Islamabad,Residential,294.6,310.3,1.053,0.34,0.98,1,0
MTR-002588,CUS-002588,Islamabad,Residential,210.3,192.6,0.916,0.247,1.53,0,0
MTR-002350,CUS-002350,Peshawar,Residential,244.0,243.4,0.998,0.295,3.01,0,0
MTR-001709,CUS-001709,Lahore,Residential,124.3,115.5,0.929,0.198,2.56,1,0
MTR-002023,CUS-002023,Faisalabad,Residential,188.2,194.6,1.034,0.217,1.56,1,0
MTR-000976,CUS-000976,Multan,Commercial,577.2,673.5,1.167,0.359,1.75,1,0
MTR-000445,CUS-000445,Multan,Industrial,5004.9,4970.7,0.993,0.309,0.75,0,0
MTR-000617,CUS-000617,Lahore,Residential,113.0,94.4,0.835,0.238,1.01,3,0
MTR-001474,CUS-001474,Karachi,Commercial,1180.4,1208.2,1.024,0.31,0.33,1,0
MTR-001778,CUS-001778,Peshawar,Industrial,6074.7,6588.9,1.085,0.251,1.65,0,0
MTR-002517,CUS-002517,Islamabad,Commercial,385.6,343.1,0.89,0.237,2.68,1,0
MTR-001244,CUS-001244,Karachi,Residential,260.3,299.1,1.149,0.393,1.73,0,0
MTR-002995,CUS-002995,Faisalabad,Residential,146.9,136.4,0.928,0.363,3.12,1,0
MTR-002552,CUS-002552,Lahore,Commercial,955.2,868.1,0.909,0.298,1.35,1,0
MTR-000547,CUS-000547,Karachi,Residential,236.2,102.1,0.432,0.678,3.63,2,1
MTR-002210,CUS-002210,Multan,Residential,156.1,161.1,1.032,0.299,3.15,0,0
MTR-001623,CUS-001623,Rawalpindi,Residential,195.6,34.4,0.176,0.587,4.39,1,1
MTR-000263,CUS-000263,Lahore,Residential,144.4,150.8,1.044,0.236,3.23,0,0
MTR-001397,CUS-001397,Islamabad,Industrial,3100.0,2826.9,0.912,0.369,1.66,0,0
MTR-002353,CUS-002353,Rawalpindi,Residential,138.0,146.5,1.062,0.328,3.59,0,0
MTR-001815,CUS-001815,Karachi,Residential,15.0,16.4,1.096,0.279,0.92,0,0
MTR-000353,CUS-000353,Peshawar,Residential,213.4,243.1,1.139,0.261,1.71,0,0
MTR-001075,CUS-001075,Multan,Residential,221.3,188.5,0.852,0.367,2.41,0,0
MTR-000208,CUS-000208,Islamabad,Residential,215.6,255.8,1.186,0.288,1.53,0,0
MTR-000613,CUS-000613,Karachi,Residential,174.4,178.9,1.026,0.244,2.23,0,0
MTR-002090,CUS-002090,Multan,Residential,182.3,220.7,1.21,0.269,3.25,1,0
MTR-002099,CUS-002099,Lahore,Residential,151.5,154.3,1.019,0.362,2.38,0,0
MTR-001498,CUS-001498,Multan,Commercial,742.7,137.7,0.185,0.896,7.24,2,1
MTR-001135,CUS-001135,Multan,Residential,15.0,13.3,0.886,0.272,3.23,1,0
MTR-002880,CUS-002880,Peshawar,Residential,109.9,122.9,1.118,0.386,2.51,1,0
MTR-002078,CUS-002078,Peshawar,Residential,135.1,117.6,0.871,0.287,1.99,0,0
MTR-000057,CUS-000057,Multan,Residential,328.4,339.0,1.032,0.322,1.92,0,0
MTR-002483,CUS-002483,Rawalpindi,Residential,152.0,144.1,0.948,0.387,1.63,0,0
MTR-000811,CUS-000811,Faisalabad,Residential,287.1,284.1,0.989,0.371,2.84,1,0
MTR-002195,CUS-002195,Peshawar,Residential,140.7,159.0,1.13,0.265,2.88,0,0
MTR-000561,CUS-000561,Faisalabad,Residential,131.2,125.6,0.957,0.29,3.27,0,0
MTR-002943,CUS-002943,Peshawar,Residential,166.9,189.0,1.133,0.372,2.43,0,0
MTR-000229,CUS-000229,Lahore,Residential,181.2,172.4,0.951,0.375,1.46,0,0
MTR-002509,CUS-002509,Faisalabad,Residential,155.2,157.6,1.016,0.293,2.33,1,0
MTR-001721,CUS-001721,Faisalabad,Residential,208.8,262.7,1.258,0.296,1.44,0,0
MTR-002179,CUS-002179,Multan,Residential,66.8,67.8,1.015,0.321,2.16,0,0
MTR-001450,CUS-001450,Karachi,Residential,232.6,230.5,0.991,0.409,3.41,0,0
MTR-001234,CUS-001234,Islamabad,Commercial,779.0,792.1,1.017,0.385,3.18,0,0
MTR-001071,CUS-001071,Rawalpindi,Industrial,6058.3,5818.2,0.96,0.355,2.91,0,0
MTR-002849,CUS-002849,Multan,Industrial,6142.9,5404.8,0.88,0.214,1.98,1,0
MTR-001037,CUS-001037,Islamabad,Residential,229.6,286.3,1.247,0.278,2.9,1,0
MTR-000889,CUS-000889,Faisalabad,Industrial,6807.3,6475.4,0.951,0.282,1.36,0,0
MTR-001053,CUS-001053,Islamabad,Residential,267.5,218.6,0.817,0.413,0.54,1,0
MTR-000707,CUS-000707,Faisalabad,Commercial,1124.5,1103.5,0.981,0.281,2.27,0,0
MTR-000424,CUS-000424,Peshawar,Industrial,15.0,15.6,1.043,0.4,1.62,0,0
MTR-000069,CUS-000069,Peshawar,Commercial,1173.1,1143.8,0.975,0.254,3.78,1,0
MTR-002249,CUS-002249,Lahore,Residential,118.5,117.8,0.994,0.261,3.63,1,0
MTR-002535,CUS-002535,Peshawar,Residential,109.1,107.0,0.98,0.339,1.31,0,0
MTR-002839,CUS-002839,Faisalabad,Residential,86.1,90.5,1.051,0.425,2.69,0,0
MTR-002406,CUS-002406,Multan,Residential,177.5,194.9,1.098,0.283,0.1,1,0
MTR-002963,CUS-002963,Multan,Residential,260.7,254.7,0.977,0.095,2.34,0,0
MTR-002581,CUS-002581,Karachi,Residential,145.2,190.3,1.311,0.175,2.31,0,0
MTR-002092,CUS-002092,Islamabad,Commercial,791.3,890.1,1.125,0.324,1.01,0,0
MTR-000940,CUS-000940,Faisalabad,Residential,180.8,180.7,0.999,0.182,2.17,0,0
MTR-000620,CUS-000620,Peshawar,Residential,267.9,225.5,0.842,0.231,1.07,0,0
MTR-002519,CUS-002519,Multan,Residential,289.6,47.9,0.166,0.58,5.33,1,1
MTR-001196,CUS-001196,Karachi,Residential,211.5,232.2,1.098,0.104,2.19,0,0
MTR-002067,CUS-002067,Rawalpindi,Residential,259.2,284.8,1.099,0.27,3.49,1,0
MTR-001032,CUS-001032,Rawalpindi,Residential,159.2,123.8,0.778,0.207,0.47,0,0
MTR-001505,CUS-001505,Lahore,Residential,234.9,238.2,1.014,0.18,1.13,1,0
MTR-001576,CUS-001576,Karachi,Residential,198.4,187.0,0.942,0.236,1.51,0,0
MTR-002130,CUS-002130,Peshawar,Residential,126.8,149.6,1.18,0.214,2.49,1,0
MTR-002044,CUS-002044,Rawalpindi,Residential,276.0,280.1,1.015,0.338,2.27,0,0
MTR-001395,CUS-001395,Faisalabad,Residential,168.3,122.2,0.726,0.396,2.43,0,0
MTR-000279,CUS-000279,Lahore,Residential,322.3,336.5,1.044,0.271,1.35,0,0
MTR-001465,CUS-001465,Karachi,Commercial,318.7,244.1,0.766,0.252,0.1,0,0
MTR-001503,CUS-001503,Lahore,Commercial,564.0,594.5,1.054,0.267,1.24,0,0
MTR-002282,CUS-002282,Rawalpindi,Residential,96.8,126.9,1.31,0.211,3.41,0,0
MTR-002838,CUS-002838,Islamabad,Residential,153.4,178.4,1.163,0.197,1.38,0,0
MTR-002723,CUS-002723,Faisalabad,Residential,209.2,215.7,1.031,0.168,2.18,1,0
MTR-000553,CUS-000553,Lahore,Residential,192.9,177.6,0.921,0.194,2.06,0,0
MTR-000834,CUS-000834,Peshawar,Residential,263.4,303.7,1.153,0.431,2.18,0,0
MTR-000962,CUS-000962,Islamabad,Commercial,669.7,720.8,1.076,0.245,0.66,1,0
MTR-000596,CUS-000596,Faisalabad,Residential,170.7,165.2,0.968,0.065,2.82,0,0
MTR-002451,CUS-002451,Peshawar,Commercial,1155.7,1081.0,0.935,0.253,1.9,0,0
MTR-000802,CUS-000802,Islamabad,Residential,189.6,169.0,0.891,0.173,4.31,1,0
MTR-002136,CUS-002136,Multan,Residential,173.7,181.5,1.045,0.305,1.63,0,0
MTR-002985,CUS-002985,Peshawar,Residential,303.7,288.5,0.95,0.296,2.98,0,0
MTR-002719,CUS-002719,Rawalpindi,Residential,244.3,249.2,1.02,0.304,1.61,0,0
MTR-000440,CUS-000440,Multan,Residential,204.7,227.5,1.111,0.297,3.92,2,0
MTR-000508,CUS-000508,Peshawar,Commercial,947.8,897.6,0.947,0.27,2.73,1,0
MTR-000076,CUS-000076,Karachi,Residential,88.6,95.5,1.077,0.184,0.71,1,0
MTR-002481,CUS-002481,Peshawar,Residential,316.9,363.4,1.147,0.294,3.41,0,0
MTR-000649,CUS-000649,Faisalabad,Commercial,839.9,879.7,1.047,0.382,2.78,3,0
MTR-000522,CUS-000522,Faisalabad,Commercial,1062.1,1151.3,1.084,0.445,1.53,0,0
MTR-001487,CUS-001487,Peshawar,Residential,265.4,278.2,1.048,0.281,0.39,0,0
MTR-002208,CUS-002208,Peshawar,Residential,81.9,82.1,1.002,0.29,3.2,0,0
MTR-001494,CUS-001494,Islamabad,Residential,212.5,233.8,1.1,0.34,3.73,0,0
MTR-000654,CUS-000654,Faisalabad,Residential,231.8,276.6,1.193,0.419,3.12,0,0
MTR-002816,CUS-002816,Peshawar,Residential,137.0,151.1,1.103,0.261,2.87,0,0
MTR-001538,CUS-001538,Islamabad,Residential,200.5,195.8,0.977,0.355,2.56,0,0
MTR-001423,CUS-001423,Karachi,Residential,85.1,26.4,0.31,0.609,5.13,1,1
MTR-001651,CUS-001651,Karachi,Residential,245.4,241.6,0.984,0.326,1.74,0,0
MTR-000630,CUS-000630,Multan,Industrial,3698.2,4118.7,1.114,0.378,0.19,0,0
MTR-002541,CUS-002541,Peshawar,Residential,219.1,73.8,0.337,0.718,6.17,1,1
MTR-001507,CUS-001507,Peshawar,Industrial,4820.9,4228.3,0.877,0.258,2.39,1,0
MTR-002941,CUS-002941,Karachi,Residential,166.1,175.4,1.056,0.376,0.6,0,0
MTR-000482,CUS-000482,Multan,Residential,192.1,192.6,1.003,0.349,0.1,0,0
MTR-001927,CUS-001927,Karachi,Residential,165.2,194.6,1.178,0.383,2.08,1,0
MTR-001113,CUS-001113,Peshawar,Residential,311.6,227.2,0.729,0.368,1.84,1,0
MTR-002563,CUS-002563,Islamabad,Commercial,949.9,973.6,1.025,0.273,1.76,0,0
MTR-001088,CUS-001088,Islamabad,Residential,265.2,252.4,0.952,0.476,2.58,0,0
MTR-000438,CUS-000438,Faisalabad,Industrial,5063.3,5555.6,1.097,0.311,1.25,1,0
MTR-001717,CUS-001717,Faisalabad,Residential,167.4,161.8,0.966,0.056,2.69,0,0
MTR-002443,CUS-002443,Lahore,Residential,171.7,159.8,0.931,0.277,2.69,0,0
MTR-000856,CUS-000856,Islamabad,Residential,111.4,123.9,1.112,0.262,0.1,0,0
MTR-001983,CUS-001983,Faisalabad,Residential,218.9,252.5,1.153,0.364,1.93,1,0
MTR-000166,CUS-000166,Karachi,Residential,239.5,64.9,0.271,0.853,5.72,2,1
MTR-000059,CUS-000059,Islamabad,Residential,50.8,50.3,0.991,0.388,2.75,0,0
MTR-000611,CUS-000611,Karachi,Residential,209.6,241.6,1.152,0.345,2.55,0,0
MTR-000530,CUS-000530,Rawalpindi,Residential,147.5,168.0,1.139,0.22,0.25,0,0
MTR-002787,CUS-002787,Multan,Residential,93.6,105.2,1.124,0.289,2.1,0,0
MTR-000049,CUS-000049,Rawalpindi,Residential,276.0,262.7,0.952,0.238,1.74,0,0
MTR-001883,CUS-001883,Faisalabad,Residential,204.9,188.7,0.921,0.315,3.07,1,0
MTR-001011,CUS-001011,Peshawar,Residential,158.1,189.2,1.196,0.237,0.8,2,0
MTR-000858,CUS-000858,Rawalpindi,Residential,149.2,160.1,1.073,0.306,2.0,0,0
MTR-001017,CUS-001017,Lahore,Commercial,973.3,886.7,0.911,0.278,2.87,1,0
MTR-000048,CUS-000048,Karachi,Residential,184.8,182.4,0.987,0.288,2.76,0,0
MTR-000719,CUS-000719,Rawalpindi,Residential,150.4,151.9,1.01,0.464,1.85,0,0
MTR-002390,CUS-002390,Faisalabad,Commercial,904.6,893.1,0.987,0.271,3.18,0,0
MTR-002652,CUS-002652,Islamabad,Residential,161.7,156.0,0.965,0.145,1.27,0,0
MTR-002246,CUS-002246,Multan,Residential,172.2,197.6,1.148,0.381,2.73,0,0
MTR-001159,CUS-001159,Peshawar,Residential,258.1,274.5,1.063,0.381,2.9,0,0
MTR-000632,CUS-000632,Rawalpindi,Residential,158.2,201.0,1.27,0.142,0.63,1,0
MTR-001338,CUS-001338,Karachi,Residential,193.5,223.3,1.154,0.244,3.3,0,0
MTR-002127,CUS-002127,Peshawar,Residential,141.3,143.6,1.016,0.335,0.35,0,0
MTR-002602,CUS-002602,Peshawar,Residential,191.6,224.2,1.17,0.342,2.37,0,0
MTR-001436,CUS-001436,Lahore,Residential,213.3,222.3,1.042,0.3,1.53,1,0
MTR-000025,CUS-000025,Karachi,Residential,242.2,312.5,1.29,0.301,3.01,1,0
MTR-002965,CUS-002965,Lahore,Residential,111.4,107.2,0.962,0.225,2.33,0,0
MTR-000219,CUS-000219,Rawalpindi,Residential,15.0,15.8,1.054,0.108,3.79,0,0
MTR-002818,CUS-002818,Multan,Residential,314.6,291.9,0.928,0.464,3.14,1,0
MTR-000276,CUS-000276,Karachi,Residential,187.1,178.5,0.954,0.223,2.13,1,0
MTR-002157,CUS-002157,Multan,Industrial,6100.3,5850.4,0.959,0.314,3.21,0,0
MTR-001480,CUS-001480,Faisalabad,Residential,102.2,117.4,1.148,0.287,1.9,1,0
MTR-001235,CUS-001235,Peshawar,Residential,226.9,232.6,1.025,0.372,0.91,1,0
MTR-001593,CUS-001593,Karachi,Residential,221.1,155.9,0.705,0.309,1.54,1,0
MTR-000999,CUS-000999,Rawalpindi,Residential,222.2,224.7,1.011,0.312,1.89,0,0
MTR-002140,CUS-002140,Peshawar,Industrial,2776.5,2452.0,0.883,0.089,0.1,1,0
MTR-000361,CUS-000361,Karachi,Industrial,4262.5,4037.1,0.947,0.233,3.38,0,0
MTR-001457,CUS-001457,Multan,Commercial,1050.7,1195.8,1.138,0.36,1.9,0,0
MTR-001993,CUS-001993,Islamabad,Residential,265.0,222.3,0.839,0.352,2.96,0,0
MTR-001671,CUS-001671,Peshawar,Residential,97.7,83.3,0.853,0.224,2.16,1,0
MTR-002334,CUS-002334,Peshawar,Residential,139.2,111.5,0.801,0.174,0.46,1,0
MTR-001650,CUS-001650,Rawalpindi,Residential,186.5,177.8,0.954,0.31,2.08,0,0
MTR-001835,CUS-001835,Lahore,Residential,156.4,124.7,0.797,0.067,1.88,0,0
MTR-001114,CUS-001114,Karachi,Commercial,1117.9,902.5,0.807,0.208,1.31,0,0
MTR-001846,CUS-001846,Peshawar,Residential,195.0,189.6,0.972,0.441,1.61,1,0
MTR-001317,CUS-001317,Faisalabad,Residential,101.1,104.9,1.038,0.416,2.03,1,0
MTR-002629,CUS-002629,Rawalpindi,Residential,150.9,134.4,0.891,0.339,0.1,0,0
MTR-000297,CUS-000297,Faisalabad,Commercial,680.5,710.0,1.043,0.325,2.36,0,0
MTR-001313,CUS-001313,Faisalabad,Residential,249.6,252.9,1.013,0.144,2.6,0,0
MTR-000937,CUS-000937,Lahore,Residential,112.7,120.0,1.065,0.241,2.5,0,0
MTR-000240,CUS-000240,Peshawar,Residential,257.5,225.3,0.875,0.276,1.72,1,0
MTR-001432,CUS-001432,Islamabad,Residential,71.3,88.3,1.238,0.242,3.96,0,0
MTR-000582,CUS-000582,Karachi,Residential,175.1,151.2,0.863,0.272,2.51,0,0
MTR-002906,CUS-002906,Faisalabad,Residential,162.3,150.1,0.925,0.404,1.58,0,0
MTR-001954,CUS-001954,Rawalpindi,Residential,256.5,272.4,1.062,0.257,0.76,0,0
MTR-001334,CUS-001334,Karachi,Residential,125.5,127.3,1.014,0.273,0.64,0,0
MTR-001729,CUS-001729,Faisalabad,Residential,85.6,94.3,1.102,0.359,2.4,0,0
MTR-001672,CUS-001672,Lahore,Commercial,541.8,521.7,0.963,0.186,2.72,0,0
MTR-000350,CUS-000350,Lahore,Commercial,869.2,741.2,0.853,0.233,2.12,1,0
MTR-002745,CUS-002745,Lahore,Commercial,887.7,725.2,0.817,0.241,1.94,0,0
MTR-001220,CUS-001220,Islamabad,Residential,181.4,220.1,1.214,0.304,1.66,0,0
MTR-000349,CUS-000349,Peshawar,Residential,206.1,198.6,0.964,0.272,2.49,1,0
MTR-001518,CUS-001518,Karachi,Residential,215.1,210.8,0.98,0.275,1.22,0,0
MTR-002547,CUS-002547,Islamabad,Residential,185.5,225.6,1.216,0.247,1.98,1,0
MTR-000643,CUS-000643,Lahore,Residential,179.0,168.4,0.941,0.214,2.09,0,0
MTR-002835,CUS-002835,Faisalabad,Residential,101.7,102.0,1.003,0.349,2.58,0,0
MTR-000944,CUS-000944,Karachi,Residential,193.1,169.2,0.876,0.273,1.18,0,0
MTR-001462,CUS-001462,Faisalabad,Residential,100.3,39.1,0.389,0.675,3.3,1,1
MTR-000657,CUS-000657,Karachi,Residential,103.8,127.3,1.227,0.211,2.05,0,0
MTR-002702,CUS-002702,Islamabad,Residential,165.6,203.4,1.228,0.247,2.21,0,0
MTR-002893,CUS-002893,Karachi,Residential,198.1,222.4,1.123,0.282,1.99,0,0
MTR-001236,CUS-001236,Rawalpindi,Residential,269.5,301.4,1.119,0.29,0.1,0,0
MTR-002467,CUS-002467,Rawalpindi,Residential,187.8,204.8,1.091,0.36,2.33,0,0
MTR-000647,CUS-000647,Multan,Residential,143.9,131.1,0.911,0.266,4.57,0,0
MTR-001125,CUS-001125,Karachi,Residential,121.1,125.3,1.035,0.36,2.92,0,0
MTR-001110,CUS-001110,Peshawar,Commercial,1319.1,1239.4,0.94,0.33,0.1,0,0
MTR-002650,CUS-002650,Faisalabad,Industrial,7243.7,4992.6,0.689,0.291,1.59,0,0
MTR-001940,CUS-001940,Rawalpindi,Residential,238.2,270.2,1.134,0.224,1.8,0,0
MTR-000538,CUS-000538,Islamabad,Residential,197.5,210.6,1.067,0.361,1.68,0,0
MTR-001048,CUS-001048,Multan,Residential,228.3,192.2,0.842,0.226,0.76,0,0
MTR-002983,CUS-002983,Peshawar,Residential,103.0,98.5,0.957,0.298,1.11,0,0
MTR-002375,CUS-002375,Peshawar,Residential,116.2,130.9,1.126,0.296,2.93,0,0
MTR-002209,CUS-002209,Rawalpindi,Residential,86.7,88.1,1.016,0.283,2.75,1,0
MTR-002338,CUS-002338,Islamabad,Residential,140.9,112.2,0.796,0.269,1.89,0,0
MTR-002162,CUS-002162,Rawalpindi,Residential,198.6,169.7,0.854,0.234,2.95,0,0
MTR-000801,CUS-000801,Peshawar,Residential,227.3,278.0,1.223,0.171,1.34,0,0
MTR-000786,CUS-000786,Islamabad,Residential,209.5,211.2,1.008,0.412,1.66,0,0
MTR-002694,CUS-002694,Rawalpindi,Residential,170.3,191.9,1.127,0.261,1.64,0,0
MTR-002040,CUS-002040,Multan,Residential,291.4,355.7,1.221,0.29,0.45,1,0
MTR-000788,CUS-000788,Islamabad,Residential,154.7,146.2,0.945,0.289,1.74,0,0
MTR-002183,CUS-002183,Faisalabad,Residential,129.2,134.7,1.042,0.388,3.64,0,0
MTR-002468,CUS-002468,Islamabad,Residential,226.3,172.9,0.764,0.455,3.53,2,0
MTR-002013,CUS-002013,Multan,Industrial,1747.0,1619.7,0.927,0.313,2.12,0,0
MTR-000714,CUS-000714,Peshawar,Residential,210.8,225.4,1.069,0.287,1.78,0,0
MTR-000803,CUS-000803,Multan,Residential,106.8,104.3,0.977,0.21,3.77,0,0
MTR-002008,CUS-002008,Lahore,Residential,175.9,185.4,1.054,0.185,1.75,0,0
MTR-002761,CUS-002761,Rawalpindi,Residential,182.6,203.0,1.112,0.158,1.48,1,0
MTR-000123,CUS-000123,Karachi,Residential,289.6,309.1,1.067,0.236,2.96,0,0
MTR-001808,CUS-001808,Peshawar,Residential,211.2,219.6,1.04,0.133,0.29,0,0
MTR-002286,CUS-002286,Rawalpindi,Residential,259.8,265.8,1.023,0.386,1.89,0,0
MTR-002147,CUS-002147,Rawalpindi,Residential,96.8,90.2,0.932,0.334,1.93,0,0
MTR-000618,CUS-000618,Peshawar,Residential,305.2,271.4,0.889,0.28,2.52,0,0
MTR-000406,CUS-000406,Faisalabad,Commercial,726.3,844.4,1.163,0.389,1.41,0,0
MTR-001157,CUS-001157,Multan,Residential,98.3,107.6,1.095,0.214,1.83,0,0
MTR-001068,CUS-001068,Islamabad,Residential,313.1,283.5,0.905,0.234,2.09,0,0
MTR-001133,CUS-001133,Peshawar,Residential,74.5,75.1,1.008,0.145,1.75,1,0
MTR-002905,CUS-002905,Peshawar,Residential,91.6,76.3,0.833,0.362,1.81,0,0
MTR-000497,CUS-000497,Faisalabad,Residential,225.5,212.6,0.943,0.235,2.83,0,0
MTR-001061,CUS-001061,Peshawar,Commercial,471.1,501.4,1.064,0.301,2.58,0,0
MTR-000325,CUS-000325,Islamabad,Residential,255.1,263.1,1.031,0.38,2.52,2,0
MTR-000342,CUS-000342,Rawalpindi,Residential,165.4,167.7,1.014,0.41,0.36,0,0
MTR-002356,CUS-002356,Multan,Residential,206.0,184.2,0.894,0.298,2.43,0,0
MTR-002266,CUS-002266,Rawalpindi,Residential,123.3,107.2,0.87,0.331,1.16,0,0
MTR-000782,CUS-000782,Multan,Residential,181.4,202.1,1.114,0.228,3.99,1,0
MTR-002367,CUS-002367,Peshawar,Residential,122.2,147.0,1.203,0.435,1.99,0,0
MTR-000299,CUS-000299,Rawalpindi,Commercial,843.9,899.6,1.066,0.287,1.8,0,0
MTR-001461,CUS-001461,Karachi,Residential,179.6,175.9,0.979,0.306,3.52,0,0
MTR-002373,CUS-002373,Karachi,Commercial,313.5,359.6,1.147,0.267,3.21,0,0
MTR-000303,CUS-000303,Karachi,Residential,150.1,134.9,0.899,0.396,1.76,1,0
MTR-001237,CUS-001237,Karachi,Residential,151.0,170.1,1.126,0.316,0.82,1,0
MTR-002571,CUS-002571,Karachi,Residential,99.8,92.7,0.928,0.361,0.24,1,0
MTR-001656,CUS-001656,Rawalpindi,Residential,226.9,212.0,0.934,0.328,0.95,0,0
MTR-000664,CUS-000664,Peshawar,Residential,143.0,137.3,0.96,0.282,2.32,0,0
MTR-001690,CUS-001690,Peshawar,Residential,110.6,109.3,0.988,0.374,1.85,0,0
MTR-000220,CUS-000220,Faisalabad,Residential,155.4,172.5,1.11,0.328,1.06,0,0
MTR-001626,CUS-001626,Peshawar,Residential,148.4,125.2,0.843,0.223,1.61,0,0
MTR-001188,CUS-001188,Peshawar,Residential,135.1,125.3,0.927,0.221,3.72,0,0
MTR-001455,CUS-001455,Islamabad,Residential,80.2,82.2,1.025,0.312,3.12,0,0
MTR-000449,CUS-000449,Multan,Residential,271.9,290.1,1.067,0.373,3.75,1,0
MTR-002002,CUS-002002,Islamabad,Residential,187.1,148.8,0.795,0.431,1.31,0,0
MTR-002616,CUS-002616,Peshawar,Industrial,3589.4,3249.0,0.905,0.158,2.81,0,0
MTR-000084,CUS-000084,Multan,Commercial,549.6,434.3,0.79,0.302,2.7,2,0
MTR-000941,CUS-000941,Faisalabad,Residential,133.9,122.7,0.916,0.339,3.47,1,0
MTR-000961,CUS-000961,Rawalpindi,Residential,124.5,118.0,0.948,0.324,2.01,0,0
MTR-000841,CUS-000841,Rawalpindi,Industrial,7832.9,8305.5,1.06,0.381,1.22,0,0
MTR-001326,CUS-001326,Karachi,Residential,190.6,138.2,0.725,0.352,1.1,0,0
MTR-002378,CUS-002378,Lahore,Residential,184.3,198.7,1.078,0.221,1.99,0,0
MTR-002430,CUS-002430,Multan,Residential,228.4,214.4,0.939,0.219,2.08,0,0
MTR-001373,CUS-001373,Islamabad,Residential,169.5,162.6,0.959,0.325,2.27,0,0
MTR-000290,CUS-000290,Karachi,Residential,112.4,125.5,1.117,0.379,0.6,0,0
MTR-001867,CUS-001867,Faisalabad,Residential,217.4,252.5,1.161,0.311,3.29,0,0
MTR-001554,CUS-001554,Lahore,Commercial,1017.4,937.4,0.921,0.174,0.65,1,0
MTR-000604,CUS-000604,Lahore,Residential,209.7,193.0,0.921,0.216,3.29,0,0
MTR-002032,CUS-002032,Faisalabad,Residential,260.8,249.7,0.957,0.355,1.68,1,0
MTR-000916,CUS-000916,Rawalpindi,Residential,141.4,130.1,0.92,0.272,3.85,0,0
MTR-002632,CUS-002632,Peshawar,Residential,211.9,175.4,0.828,0.309,0.25,0,0
MTR-002337,CUS-002337,Peshawar,Residential,267.3,266.3,0.996,0.385,3.18,1,0
MTR-002098,CUS-002098,Multan,Residential,155.9,143.6,0.921,0.204,0.97,0,0
MTR-002437,CUS-002437,Peshawar,Residential,113.1,114.4,1.012,0.267,0.9,1,0
MTR-000821,CUS-000821,Islamabad,Industrial,15.0,18.1,1.205,0.258,3.66,0,0
MTR-002469,CUS-002469,Faisalabad,Commercial,762.4,752.7,0.987,0.328,2.75,0,0
MTR-001000,CUS-001000,Rawalpindi,Commercial,1547.9,1407.5,0.909,0.362,0.52,0,0
MTR-001703,CUS-001703,Islamabad,Commercial,1178.4,1139.9,0.967,0.182,2.2,0,0
MTR-000018,CUS-000018,Faisalabad,Residential,264.3,268.4,1.015,0.3,3.4,1,0
MTR-001777,CUS-001777,Islamabad,Residential,326.0,319.5,0.98,0.37,2.56,0,0
MTR-001208,CUS-001208,Rawalpindi,Industrial,2760.9,2574.4,0.932,0.152,2.03,0,0
MTR-002560,CUS-002560,Faisalabad,Residential,109.2,87.5,0.801,0.295,3.15,0,0
MTR-001936,CUS-001936,Islamabad,Residential,162.0,174.3,1.076,0.203,2.37,0,0
MTR-001718,CUS-001718,Lahore,Residential,286.2,255.5,0.893,0.249,0.34,0,0
MTR-001427,CUS-001427,Karachi,Residential,189.7,223.0,1.175,0.1,2.1,1,0
MTR-002241,CUS-002241,Faisalabad,Commercial,728.2,696.0,0.956,0.411,2.48,2,0
MTR-002310,CUS-002310,Rawalpindi,Residential,192.7,180.8,0.938,0.272,2.22,0,0
MTR-001357,CUS-001357,Rawalpindi,Residential,155.7,146.9,0.943,0.235,1.6,0,0
MTR-002057,CUS-002057,Peshawar,Residential,291.4,296.7,1.018,0.326,2.46,0,0
MTR-000360,CUS-000360,Karachi,Residential,153.1,137.2,0.896,0.217,2.18,0,0
MTR-002270,CUS-002270,Peshawar,Commercial,952.5,875.3,0.919,0.209,0.1,0,0
MTR-002084,CUS-002084,Lahore,Residential,191.5,205.8,1.075,0.421,0.67,0,0
MTR-001564,CUS-001564,Rawalpindi,Residential,290.5,255.0,0.878,0.445,2.31,0,0
MTR-000344,CUS-000344,Faisalabad,Residential,156.7,167.0,1.066,0.253,2.75,0,0
MTR-000986,CUS-000986,Peshawar,Residential,222.2,244.3,1.099,0.385,1.22,0,0
MTR-001260,CUS-001260,Karachi,Residential,132.1,142.7,1.08,0.328,2.74,0,0
MTR-001713,CUS-001713,Peshawar,Commercial,530.7,545.6,1.028,0.187,2.5,0,0
MTR-001720,CUS-001720,Islamabad,Residential,302.5,237.0,0.783,0.226,1.81,1,0
MTR-002646,CUS-002646,Lahore,Industrial,4628.7,3956.2,0.855,0.424,2.43,1,0
MTR-002886,CUS-002886,Peshawar,Residential,215.3,180.3,0.837,0.186,2.4,0,0
MTR-001575,CUS-001575,Karachi,Residential,198.4,189.4,0.955,0.482,2.88,0,0
MTR-000085,CUS-000085,Faisalabad,Commercial,1204.1,1208.6,1.004,0.254,2.92,1,0
MTR-002063,CUS-002063,Faisalabad,Residential,301.5,258.4,0.857,0.426,0.96,1,0
MTR-000668,CUS-000668,Faisalabad,Industrial,4751.4,4652.9,0.979,0.276,1.27,0,0
MTR-001014,CUS-001014,Lahore,Residential,87.2,94.4,1.082,0.364,3.48,0,0
MTR-000128,CUS-000128,Rawalpindi,Commercial,645.8,568.4,0.88,0.412,2.88,1,0
MTR-001873,CUS-001873,Lahore,Residential,188.3,169.8,0.902,0.411,2.64,0,0
MTR-001146,CUS-001146,Multan,Residential,143.8,51.2,0.356,0.819,8.05,3,1
MTR-000891,CUS-000891,Rawalpindi,Residential,99.8,88.7,0.889,0.231,3.14,0,0
MTR-002471,CUS-002471,Faisalabad,Residential,219.1,228.1,1.041,0.294,2.13,0,0
MTR-000307,CUS-000307,Peshawar,Commercial,836.2,960.6,1.149,0.196,1.62,0,0
MTR-000383,CUS-000383,Lahore,Residential,181.7,155.9,0.858,0.319,2.56,0,0
MTR-001833,CUS-001833,Rawalpindi,Residential,174.9,151.7,0.867,0.234,1.97,1,0
MTR-001127,CUS-001127,Karachi,Commercial,862.0,838.1,0.972,0.387,3.55,1,0
MTR-000426,CUS-000426,Karachi,Commercial,1095.9,1104.8,1.008,0.254,3.53,1,0
MTR-000494,CUS-000494,Islamabad,Residential,174.6,161.2,0.923,0.161,2.89,0,0
MTR-001565,CUS-001565,Rawalpindi,Industrial,5111.8,6321.0,1.237,0.412,0.72,0,0
MTR-002791,CUS-002791,Lahore,Commercial,1246.6,1327.2,1.065,0.315,0.9,1,0
MTR-002611,CUS-002611,Lahore,Residential,272.7,246.4,0.903,0.302,0.68,0,0
MTR-001251,CUS-001251,Rawalpindi,Commercial,929.9,777.5,0.836,0.388,2.19,0,0
MTR-001295,CUS-001295,Rawalpindi,Residential,254.1,252.2,0.992,0.37,2.92,0,0
MTR-000275,CUS-000275,Multan,Commercial,950.8,1000.9,1.053,0.239,1.69,0,0
MTR-000489,CUS-000489,Lahore,Commercial,450.7,550.2,1.221,0.264,1.35,0,0
MTR-001957,CUS-001957,Rawalpindi,Commercial,673.3,679.4,1.009,0.211,2.1,0,0
MTR-000690,CUS-000690,Lahore,Industrial,3128.8,3037.6,0.971,0.183,1.22,1,0
MTR-002051,CUS-002051,Islamabad,Residential,50.2,22.4,0.446,0.787,5.89,1,1
MTR-002238,CUS-002238,Multan,Residential,160.0,167.1,1.044,0.331,1.76,0,0
MTR-001242,CUS-001242,Faisalabad,Residential,197.7,221.8,1.122,0.361,1.34,1,0
MTR-002673,CUS-002673,Karachi,Residential,77.4,60.8,0.786,0.403,2.12,1,0
MTR-002079,CUS-002079,Multan,Residential,248.9,251.1,1.009,0.362,2.89,1,0
MTR-001058,CUS-001058,Multan,Residential,229.3,201.2,0.878,0.369,0.48,0,0
MTR-000118,CUS-000118,Multan,Residential,179.6,34.4,0.191,0.774,6.13,1,1
MTR-001995,CUS-001995,Multan,Residential,77.6,93.4,1.203,0.275,0.1,0,0
MTR-002285,CUS-002285,Rawalpindi,Residential,182.7,202.2,1.106,0.377,1.75,0,0
MTR-000281,CUS-000281,Islamabad,Commercial,603.6,559.7,0.927,0.207,2.7,0,0
MTR-002807,CUS-002807,Multan,Industrial,3086.3,516.9,0.167,0.846,6.08,3,1
MTR-002335,CUS-002335,Rawalpindi,Industrial,6270.8,6032.0,0.962,0.342,1.48,0,0
MTR-002762,CUS-002762,Rawalpindi,Commercial,771.3,179.3,0.232,0.555,5.51,2,1
MTR-002945,CUS-002945,Karachi,Commercial,1023.6,957.2,0.935,0.33,1.77,0,0
MTR-001179,CUS-001179,Rawalpindi,Residential,221.2,242.0,1.094,0.348,0.9,0,0
MTR-001602,CUS-001602,Multan,Residential,266.6,248.5,0.932,0.314,2.16,0,0
MTR-002116,CUS-002116,Peshawar,Commercial,321.1,339.0,1.056,0.183,1.0,2,0
MTR-000304,CUS-000304,Lahore,Residential,163.2,152.3,0.933,0.341,2.56,0,0
MTR-001844,CUS-001844,Rawalpindi,Residential,286.0,245.4,0.858,0.323,1.28,0,0
MTR-001356,CUS-001356,Faisalabad,Residential,231.8,265.0,1.143,0.184,1.68,0,0
MTR-002436,CUS-002436,Peshawar,Commercial,637.5,474.5,0.744,0.41,2.5,0,0
MTR-000575,CUS-000575,Rawalpindi,Commercial,1122.2,174.7,0.156,0.875,7.7,1,1
MTR-001871,CUS-001871,Faisalabad,Residential,330.3,369.9,1.12,0.19,2.59,0,0
MTR-002845,CUS-002845,Karachi,Residential,137.0,140.0,1.022,0.235,2.26,0,0
MTR-002623,CUS-002623,Faisalabad,Industrial,3419.3,3236.3,0.946,0.255,0.91,0,0
MTR-001417,CUS-001417,Karachi,Commercial,1457.1,1392.8,0.956,0.255,1.97,4,0
MTR-001795,CUS-001795,Peshawar,Industrial,2369.5,2427.1,1.024,0.323,1.83,0,0
MTR-000843,CUS-000843,Multan,Residential,218.2,223.0,1.022,0.222,1.58,0,0
MTR-002812,CUS-002812,Faisalabad,Residential,176.9,156.5,0.885,0.39,2.07,1,0
MTR-000269,CUS-000269,Lahore,Residential,296.6,299.0,1.008,0.384,1.14,0,0
MTR-000629,CUS-000629,Peshawar,Residential,190.5,196.4,1.031,0.35,1.97,0,0
MTR-001033,CUS-001033,Faisalabad,Residential,163.1,157.2,0.964,0.304,1.7,0,0
MTR-000286,CUS-000286,Faisalabad,Residential,219.2,278.1,1.269,0.375,1.54,0,0
MTR-002211,CUS-002211,Rawalpindi,Residential,112.5,110.7,0.984,0.278,0.88,2,0
MTR-000300,CUS-000300,Faisalabad,Residential,115.7,91.2,0.788,0.242,0.86,0,0
MTR-001510,CUS-001510,Karachi,Residential,233.7,205.4,0.879,0.395,3.34,0,0
MTR-001811,CUS-001811,Rawalpindi,Residential,191.2,207.3,1.084,0.325,2.11,2,0
MTR-000065,CUS-000065,Faisalabad,Residential,108.7,46.7,0.43,0.84,9.44,2,1
MTR-002397,CUS-002397,Faisalabad,Residential,236.2,208.0,0.881,0.267,3.86,1,0
MTR-000890,CUS-000890,Karachi,Commercial,602.1,702.9,1.167,0.241,3.23,1,0
MTR-001767,CUS-001767,Karachi,Residential,182.8,186.5,1.02,0.462,0.72,0,0
MTR-001731,CUS-001731,Rawalpindi,Residential,220.5,204.6,0.928,0.3,3.41,0,0
MTR-001376,CUS-001376,Faisalabad,Residential,194.9,130.1,0.668,0.313,1.87,0,0
MTR-000230,CUS-000230,Faisalabad,Residential,275.3,295.8,1.074,0.358,1.72,0,0
MTR-000503,CUS-000503,Peshawar,Residential,218.5,218.9,1.002,0.203,1.58,0,0
MTR-002459,CUS-002459,Peshawar,Residential,135.0,156.1,1.156,0.388,1.65,1,0
MTR-001350,CUS-001350,Faisalabad,Residential,288.6,69.6,0.241,0.878,8.28,2,1
MTR-001444,CUS-001444,Peshawar,Residential,140.1,133.8,0.955,0.446,4.3,0,0
MTR-002551,CUS-002551,Rawalpindi,Residential,86.5,89.6,1.036,0.275,0.36,0,0
MTR-001004,CUS-001004,Karachi,Commercial,1554.5,1788.8,1.151,0.383,3.94,0,0
MTR-000836,CUS-000836,Peshawar,Commercial,1050.7,1083.3,1.031,0.1,3.51,0,0
MTR-001588,CUS-001588,Multan,Residential,187.9,171.9,0.915,0.206,1.82,2,0
MTR-000374,CUS-000374,Rawalpindi,Commercial,1093.9,1264.3,1.156,0.277,1.5,1,0
MTR-001352,CUS-001352,Islamabad,Residential,144.2,138.8,0.963,0.138,0.65,1,0
MTR-002110,CUS-002110,Peshawar,Residential,182.7,186.6,1.022,0.348,1.09,0,0
MTR-001786,CUS-001786,Islamabad,Residential,242.1,263.9,1.09,0.325,1.39,0,0
MTR-001803,CUS-001803,Peshawar,Industrial,2205.1,2618.7,1.188,0.221,1.9,0,0
MTR-002071,CUS-002071,Peshawar,Residential,171.0,178.6,1.044,0.299,1.97,0,0
MTR-000751,CUS-000751,Peshawar,Industrial,3559.8,4665.0,1.31,0.365,2.76,0,0
MTR-000099,CUS-000099,Karachi,Residential,144.9,143.3,0.989,0.132,2.65,0,0
MTR-001723,CUS-001723,Rawalpindi,Residential,120.1,124.3,1.035,0.198,2.24,0,0
MTR-000866,CUS-000866,Multan,Commercial,793.4,734.5,0.926,0.273,1.96,0,0
MTR-000910,CUS-000910,Peshawar,Residential,160.8,167.0,1.039,0.302,3.14,0,0
MTR-002009,CUS-002009,Rawalpindi,Commercial,1237.2,1281.3,1.036,0.295,2.84,1,0
MTR-000529,CUS-000529,Multan,Residential,197.3,222.1,1.125,0.371,2.44,1,0
MTR-000636,CUS-000636,Islamabad,Commercial,766.5,807.4,1.053,0.338,1.59,0,0
MTR-000185,CUS-000185,Lahore,Commercial,1032.6,967.3,0.937,0.356,3.11,0,0
MTR-001187,CUS-001187,Rawalpindi,Residential,165.6,170.7,1.031,0.189,2.83,0,0
MTR-001971,CUS-001971,Peshawar,Residential,213.4,196.2,0.919,0.312,1.75,0,0
MTR-000931,CUS-000931,Lahore,Industrial,6299.9,6715.3,1.066,0.275,0.1,1,0
MTR-001381,CUS-001381,Rawalpindi,Residential,144.9,135.2,0.933,0.417,2.1,2,0
MTR-002295,CUS-002295,Karachi,Residential,15.0,12.5,0.832,0.314,1.31,0,0
MTR-002382,CUS-002382,Multan,Residential,237.5,205.3,0.864,0.246,2.72,3,0
MTR-002401,CUS-002401,Peshawar,Residential,137.3,117.9,0.859,0.368,2.22,0,0
MTR-001999,CUS-001999,Faisalabad,Commercial,261.1,244.6,0.937,0.345,0.33,1,0
MTR-000607,CUS-000607,Lahore,Commercial,577.9,519.1,0.898,0.234,2.29,0,0
MTR-002896,CUS-002896,Lahore,Commercial,515.7,514.3,0.997,0.272,3.72,0,0
MTR-000151,CUS-000151,Rawalpindi,Residential,180.3,171.8,0.953,0.273,1.85,0,0
MTR-001283,CUS-001283,Multan,Residential,220.1,233.7,1.062,0.398,1.99,0,0
MTR-002262,CUS-002262,Karachi,Residential,103.4,108.1,1.046,0.316,1.66,1,0
MTR-000731,CUS-000731,Peshawar,Residential,77.1,74.1,0.961,0.358,2.07,0,0
MTR-001337,CUS-001337,Multan,Commercial,915.9,1052.4,1.149,0.261,3.54,0,0
MTR-001598,CUS-001598,Islamabad,Residential,155.3,138.0,0.889,0.327,3.06,1,0
MTR-002840,CUS-002840,Islamabad,Residential,111.9,125.4,1.121,0.404,1.42,0,0
MTR-000023,CUS-000023,Islamabad,Residential,224.4,228.6,1.019,0.271,1.93,0,0
MTR-002857,CUS-002857,Faisalabad,Commercial,842.1,802.2,0.953,0.309,1.99,1,0
MTR-000158,CUS-000158,Multan,Residential,185.3,210.4,1.136,0.191,2.41,1,0
MTR-000861,CUS-000861,Lahore,Residential,112.6,120.1,1.067,0.239,2.43,0,0
MTR-000902,CUS-000902,Karachi,Residential,105.4,91.8,0.871,0.273,1.9,0,0
MTR-002655,CUS-002655,Faisalabad,Residential,155.9,162.7,1.044,0.215,0.76,0,0
MTR-002937,CUS-002937,Islamabad,Commercial,341.5,356.4,1.044,0.406,1.89,0,0
MTR-000444,CUS-000444,Peshawar,Residential,80.9,90.7,1.121,0.233,1.64,0,0
MTR-002938,CUS-002938,Multan,Residential,225.6,241.4,1.07,0.363,1.1,0,0
MTR-000754,CUS-000754,Karachi,Residential,152.0,164.0,1.079,0.315,2.79,0,0
MTR-000923,CUS-000923,Multan,Residential,185.5,175.7,0.947,0.302,2.02,1,0
MTR-002970,CUS-002970,Multan,Residential,100.8,98.3,0.975,0.419,0.97,0,0
MTR-002102,CUS-002102,Islamabad,Residential,224.0,217.2,0.97,0.119,3.98,1,0
MTR-000311,CUS-000311,Multan,Residential,211.6,66.8,0.316,0.828,6.12,1,1
MTR-000548,CUS-000548,Multan,Residential,206.2,238.0,1.154,0.214,2.79,0,0
MTR-001945,CUS-001945,Peshawar,Residential,256.4,222.0,0.866,0.143,3.05,0,0
MTR-001456,CUS-001456,Multan,Residential,82.6,85.3,1.032,0.204,1.56,0,0
MTR-000306,CUS-000306,Karachi,Residential,155.1,148.9,0.96,0.301,2.54,2,0
MTR-000287,CUS-000287,Lahore,Residential,165.9,161.2,0.971,0.242,0.1,0,0
MTR-000694,CUS-000694,Islamabad,Commercial,811.5,877.5,1.081,0.372,2.96,0,0
MTR-000308,CUS-000308,Lahore,Residential,134.9,122.3,0.906,0.283,1.93,1,0
MTR-002320,CUS-002320,Rawalpindi,Residential,124.3,131.1,1.055,0.274,2.53,0,0
MTR-000749,CUS-000749,Lahore,Commercial,703.1,742.4,1.056,0.274,1.93,2,0
MTR-002815,CUS-002815,Rawalpindi,Commercial,862.5,782.2,0.907,0.292,3.82,0,0
MTR-001239,CUS-001239,Multan,Residential,138.2,153.3,1.109,0.267,3.22,0,0
MTR-000908,CUS-000908,Lahore,Residential,58.2,67.8,1.164,0.232,0.1,1,0
MTR-001880,CUS-001880,Lahore,Residential,189.1,235.0,1.243,0.379,2.55,1,0
MTR-002380,CUS-002380,Islamabad,Residential,230.0,222.8,0.969,0.25,1.72,0,0
MTR-001406,CUS-001406,Faisalabad,Residential,167.8,171.6,1.023,0.269,2.59,0,0
MTR-002494,CUS-002494,Lahore,Residential,171.8,177.0,1.03,0.334,2.58,0,0
MTR-000970,CUS-000970,Multan,Commercial,861.4,930.2,1.08,0.325,1.26,0,0
MTR-000013,CUS-000013,Rawalpindi,Residential,137.9,166.8,1.21,0.229,1.88,0,0
MTR-000873,CUS-000873,Rawalpindi,Residential,176.7,187.0,1.058,0.36,0.98,1,0
MTR-000808,CUS-000808,Multan,Residential,172.0,182.6,1.062,0.343,3.49,0,0
MTR-002578,CUS-002578,Rawalpindi,Residential,98.8,85.8,0.869,0.314,2.33,0,0
MTR-000514,CUS-000514,Islamabad,Industrial,3534.2,4403.0,1.246,0.265,2.43,0,0
MTR-002413,CUS-002413,Faisalabad,Industrial,5428.5,5118.9,0.943,0.267,2.3,1,0
MTR-000409,CUS-000409,Peshawar,Residential,245.2,166.9,0.681,0.284,0.94,0,0
MTR-002833,CUS-002833,Faisalabad,Residential,194.9,141.7,0.727,0.201,2.63,0,0
MTR-002259,CUS-002259,Multan,Industrial,2275.4,2364.2,1.039,0.297,3.79,0,0
MTR-002823,CUS-002823,Islamabad,Commercial,999.7,847.0,0.847,0.371,0.44,0,0
MTR-001225,CUS-001225,Rawalpindi,Residential,140.8,141.7,1.006,0.37,2.08,1,0
MTR-001655,CUS-001655,Faisalabad,Residential,84.0,68.9,0.821,0.27,2.76,0,0
MTR-001610,CUS-001610,Lahore,Residential,227.3,235.6,1.037,0.385,1.25,0,0
MTR-000382,CUS-000382,Rawalpindi,Residential,164.4,175.5,1.068,0.452,2.73,0,0
MTR-002106,CUS-002106,Lahore,Residential,270.6,276.3,1.021,0.275,2.04,0,0
MTR-002187,CUS-002187,Islamabad,Commercial,786.9,721.1,0.916,0.355,1.29,0,0
MTR-001621,CUS-001621,Lahore,Residential,252.9,279.6,1.105,0.119,0.1,0,0
MTR-002831,CUS-002831,Karachi,Residential,244.3,232.6,0.952,0.199,1.9,2,0
MTR-000552,CUS-000552,Multan,Residential,185.0,180.8,0.977,0.307,1.93,0,0
MTR-000222,CUS-000222,Faisalabad,Residential,222.9,209.3,0.939,0.219,3.31,1,0
MTR-001096,CUS-001096,Islamabad,Residential,148.6,143.8,0.968,0.463,2.34,1,0
MTR-002754,CUS-002754,Multan,Residential,150.1,183.8,1.225,0.348,1.47,0,0
MTR-000008,CUS-000008,Faisalabad,Residential,264.7,264.5,0.999,0.377,0.43,0,0
MTR-001476,CUS-001476,Faisalabad,Residential,182.2,154.4,0.848,0.298,2.87,0,0
MTR-000316,CUS-000316,Islamabad,Commercial,779.0,689.3,0.885,0.22,2.12,0,0
MTR-000427,CUS-000427,Peshawar,Residential,80.9,78.2,0.967,0.258,1.61,0,0
MTR-001985,CUS-001985,Karachi,Residential,214.4,194.0,0.905,0.32,1.46,0,0
MTR-000105,CUS-000105,Rawalpindi,Residential,40.4,45.0,1.114,0.249,3.24,0,0
MTR-002015,CUS-002015,Rawalpindi,Residential,87.6,72.7,0.83,0.354,3.39,0,0
MTR-000142,CUS-000142,Lahore,Residential,224.4,221.2,0.986,0.357,1.37,0,0
MTR-000121,CUS-000121,Karachi,Industrial,4274.5,4792.9,1.121,0.3,0.1,0,0
MTR-002371,CUS-002371,Lahore,Residential,211.3,195.3,0.924,0.154,1.79,0,0
MTR-002865,CUS-002865,Islamabad,Residential,238.3,250.9,1.053,0.437,2.23,0,0
MTR-001189,CUS-001189,Lahore,Residential,146.6,145.9,0.995,0.283,2.07,0,0
MTR-002961,CUS-002961,Karachi,Residential,269.2,66.1,0.245,0.858,6.39,2,1
MTR-002600,CUS-002600,Islamabad,Industrial,5494.8,5832.3,1.061,0.352,3.53,2,0
MTR-001657,CUS-001657,Islamabad,Commercial,800.9,622.2,0.777,0.283,0.14,0,0
MTR-000115,CUS-000115,Lahore,Residential,210.1,240.4,1.144,0.336,1.25,0,0
MTR-001405,CUS-001405,Karachi,Residential,172.1,132.9,0.772,0.138,0.98,0,0
MTR-001511,CUS-001511,Rawalpindi,Residential,176.3,200.3,1.136,0.382,0.93,0,0
MTR-002492,CUS-002492,Peshawar,Commercial,665.1,699.7,1.052,0.505,0.1,0,0
MTR-002797,CUS-002797,Rawalpindi,Commercial,1555.5,1643.8,1.057,0.133,2.06,0,0
MTR-002948,CUS-002948,Islamabad,Commercial,1541.5,1840.2,1.194,0.277,3.41,0,0
MTR-001596,CUS-001596,Faisalabad,Residential,213.1,243.4,1.142,0.292,1.84,0,0
MTR-002889,CUS-002889,Karachi,Residential,180.3,197.9,1.098,0.37,0.99,0,0
MTR-000672,CUS-000672,Peshawar,Residential,213.7,206.1,0.965,0.468,3.41,0,0
MTR-001431,CUS-001431,Faisalabad,Residential,227.3,217.5,0.957,0.331,2.84,0,0
MTR-002172,CUS-002172,Peshawar,Commercial,608.9,670.4,1.101,0.471,1.16,0,0
MTR-000591,CUS-000591,Lahore,Residential,293.5,309.4,1.054,0.314,2.32,0,0
MTR-001402,CUS-001402,Faisalabad,Residential,169.1,175.2,1.036,0.336,3.08,0,0
MTR-000888,CUS-000888,Rawalpindi,Residential,186.9,185.6,0.993,0.326,1.1,0,0
MTR-001754,CUS-001754,Peshawar,Residential,171.4,163.0,0.951,0.398,2.12,1,0
MTR-001366,CUS-001366,Rawalpindi,Residential,172.4,143.6,0.833,0.266,1.61,0,0
MTR-002396,CUS-002396,Peshawar,Residential,130.6,140.7,1.077,0.365,0.81,0,0
MTR-000213,CUS-000213,Peshawar,Residential,155.6,152.2,0.978,0.202,2.17,0,0
MTR-002007,CUS-002007,Lahore,Residential,223.6,217.0,0.97,0.277,2.43,2,0
MTR-002148,CUS-002148,Rawalpindi,Commercial,1409.7,1103.1,0.782,0.249,2.04,0,0
MTR-000800,CUS-000800,Multan,Residential,88.1,89.1,1.011,0.307,1.18,0,0
MTR-002480,CUS-002480,Islamabad,Residential,219.9,183.9,0.836,0.275,4.1,2,0
MTR-002439,CUS-002439,Islamabad,Commercial,976.2,925.3,0.948,0.391,1.51,0,0
MTR-002283,CUS-002283,Lahore,Residential,173.3,189.8,1.095,0.23,2.56,1,0
MTR-002662,CUS-002662,Rawalpindi,Residential,211.9,213.5,1.008,0.161,2.81,0,0
MTR-002711,CUS-002711,Rawalpindi,Commercial,814.7,804.4,0.987,0.191,0.1,0,0
MTR-000273,CUS-000273,Lahore,Residential,297.3,271.4,0.913,0.38,2.83,0,0
MTR-000071,CUS-000071,Faisalabad,Residential,239.6,223.9,0.934,0.222,2.01,1,0
MTR-001789,CUS-001789,Islamabad,Residential,142.6,169.7,1.19,0.332,1.74,0,0
MTR-001087,CUS-001087,Multan,Commercial,648.6,709.3,1.094,0.276,1.88,0,0
MTR-000394,CUS-000394,Faisalabad,Residential,286.2,270.3,0.945,0.366,2.58,0,0
MTR-000583,CUS-000583,Multan,Residential,178.7,176.4,0.987,0.282,0.1,0,0
MTR-002080,CUS-002080,Faisalabad,Residential,137.1,141.2,1.03,0.521,2.03,0,0
MTR-001980,CUS-001980,Islamabad,Residential,256.3,269.8,1.053,0.452,2.43,0,0
MTR-000500,CUS-000500,Lahore,Commercial,831.5,829.1,0.997,0.275,4.16,1,0
MTR-002014,CUS-002014,Peshawar,Residential,115.8,91.2,0.788,0.264,0.65,0,0
MTR-002223,CUS-002223,Peshawar,Residential,208.6,207.8,0.996,0.551,2.44,0,0
MTR-002979,CUS-002979,Islamabad,Industrial,2433.1,2406.1,0.989,0.214,1.52,0,0
MTR-002740,CUS-002740,Rawalpindi,Residential,242.6,302.5,1.247,0.296,2.48,0,0
MTR-002318,CUS-002318,Multan,Residential,204.8,271.0,1.323,0.302,2.87,0,0
MTR-001259,CUS-001259,Lahore,Industrial,3504.2,3774.2,1.077,0.3,1.26,0,0
MTR-001742,CUS-001742,Faisalabad,Residential,219.0,201.2,0.919,0.161,3.96,0,0
MTR-000205,CUS-000205,Peshawar,Commercial,1144.1,1237.3,1.081,0.34,3.32,0,0
MTR-000733,CUS-000733,Karachi,Residential,182.0,144.9,0.796,0.222,2.79,0,0
MTR-002502,CUS-002502,Islamabad,Industrial,5433.9,5086.6,0.936,0.415,1.64,0,0
MTR-000526,CUS-000526,Islamabad,Residential,204.2,164.3,0.805,0.184,1.45,0,0
MTR-001375,CUS-001375,Rawalpindi,Residential,180.2,192.1,1.066,0.305,2.44,0,0
MTR-000898,CUS-000898,Karachi,Residential,114.9,98.2,0.855,0.123,1.61,0,0
MTR-000377,CUS-000377,Islamabad,Residential,260.5,251.5,0.966,0.128,1.48,0,0
MTR-001726,CUS-001726,Faisalabad,Residential,226.7,225.5,0.995,0.233,3.92,0,0
MTR-002682,CUS-002682,Multan,Residential,193.1,192.4,0.997,0.244,2.55,0,0
MTR-002722,CUS-002722,Islamabad,Commercial,1252.0,1181.0,0.943,0.417,2.82,0,0
MTR-000386,CUS-000386,Islamabad,Residential,89.3,92.9,1.04,0.297,3.88,0,0
MTR-000198,CUS-000198,Rawalpindi,Residential,196.6,167.0,0.849,0.403,2.08,0,0
MTR-001050,CUS-001050,Multan,Residential,178.3,215.5,1.209,0.27,1.37,0,0
MTR-000590,CUS-000590,Karachi,Residential,175.8,154.0,0.876,0.348,0.93,1,0
MTR-000519,CUS-000519,Multan,Residential,179.1,180.0,1.005,0.242,3.35,1,0
MTR-002950,CUS-002950,Multan,Residential,130.1,139.9,1.075,0.237,1.63,0,0
MTR-000429,CUS-000429,Lahore,Commercial,1311.0,1418.4,1.082,0.154,0.1,2,0
MTR-001083,CUS-001083,Karachi,Residential,129.9,142.0,1.093,0.327,0.1,0,0
MTR-000207,CUS-000207,Peshawar,Residential,80.9,65.4,0.809,0.321,0.52,0,0
MTR-000491,CUS-000491,Islamabad,Residential,154.4,137.4,0.89,0.362,1.62,1,0
MTR-001609,CUS-001609,Faisalabad,Commercial,1134.6,1153.1,1.016,0.317,1.77,0,0
MTR-002912,CUS-002912,Peshawar,Commercial,1050.6,1111.3,1.058,0.462,2.53,0,0
MTR-000792,CUS-000792,Rawalpindi,Residential,185.2,213.1,1.151,0.314,0.86,0,0
MTR-002019,CUS-002019,Islamabad,Residential,167.0,156.7,0.938,0.379,2.22,0,0
MTR-001186,CUS-001186,Multan,Residential,157.9,140.8,0.891,0.274,2.88,0,0
MTR-001185,CUS-001185,Multan,Commercial,1182.9,1105.3,0.934,0.227,1.86,0,0
MTR-002181,CUS-002181,Islamabad,Residential,163.5,207.8,1.271,0.357,1.54,0,0
MTR-001340,CUS-001340,Rawalpindi,Residential,133.3,157.3,1.18,0.293,1.13,1,0
MTR-002232,CUS-002232,Faisalabad,Residential,228.5,223.9,0.98,0.367,3.15,0,0
MTR-000083,CUS-000083,Multan,Residential,138.1,159.4,1.154,0.328,0.63,0,0
MTR-002369,CUS-002369,Peshawar,Residential,190.5,177.4,0.931,0.237,3.58,0,0
MTR-002226,CUS-002226,Peshawar,Residential,99.9,111.3,1.115,0.386,1.98,1,0
MTR-000020,CUS-000020,Rawalpindi,Residential,157.1,131.1,0.835,0.23,0.96,0,0
MTR-001378,CUS-001378,Peshawar,Residential,249.0,259.7,1.043,0.35,2.84,0,0
MTR-001558,CUS-001558,Peshawar,Residential,81.0,90.9,1.122,0.403,2.51,0,0
MTR-001938,CUS-001938,Multan,Residential,286.7,275.5,0.961,0.269,2.42,0,0
MTR-002837,CUS-002837,Karachi,Residential,183.8,197.3,1.074,0.392,2.7,1,0
MTR-001937,CUS-001937,Islamabad,Residential,281.1,262.2,0.933,0.332,2.16,0,0
MTR-000973,CUS-000973,Peshawar,Residential,179.6,186.1,1.036,0.368,2.46,0,0
MTR-002789,CUS-002789,Rawalpindi,Residential,250.7,236.2,0.942,0.233,3.36,0,0
MTR-000883,CUS-000883,Rawalpindi,Industrial,7995.7,8781.6,1.098,0.317,2.2,1,0
MTR-001098,CUS-001098,Lahore,Residential,242.9,206.0,0.848,0.187,2.82,1,0
MTR-000156,CUS-000156,Islamabad,Residential,236.9,208.0,0.878,0.437,0.1,1,0
MTR-002276,CUS-002276,Peshawar,Residential,291.7,337.4,1.157,0.139,2.32,0,0
MTR-000886,CUS-000886,Multan,Residential,205.3,144.7,0.705,0.272,4.52,1,0
MTR-002998,CUS-002998,Multan,Residential,271.4,250.5,0.923,0.225,0.21,0,0
MTR-001591,CUS-001591,Karachi,Residential,176.9,173.9,0.983,0.354,4.0,3,0
MTR-002478,CUS-002478,Rawalpindi,Commercial,1233.2,1285.4,1.042,0.454,2.72,0,0
MTR-002717,CUS-002717,Multan,Residential,224.6,211.7,0.943,0.352,0.3,0,0
MTR-002534,CUS-002534,Rawalpindi,Residential,119.3,103.2,0.865,0.537,2.04,0,0
MTR-002117,CUS-002117,Lahore,Commercial,874.3,1003.0,1.147,0.19,2.4,0,0
MTR-001472,CUS-001472,Multan,Residential,305.9,344.6,1.126,0.196,2.91,0,0
MTR-002648,CUS-002648,Lahore,Residential,102.8,98.1,0.954,0.229,1.56,0,0
MTR-000458,CUS-000458,Karachi,Residential,57.9,45.5,0.785,0.31,2.7,0,0
MTR-002498,CUS-002498,Karachi,Residential,121.2,125.7,1.037,0.218,3.39,0,0
MTR-000078,CUS-000078,Rawalpindi,Commercial,667.5,682.1,1.022,0.24,2.89,0,0
MTR-002914,CUS-002914,Karachi,Residential,265.3,244.1,0.92,0.35,3.19,1,0
MTR-001056,CUS-001056,Islamabad,Commercial,1022.7,782.8,0.765,0.201,1.55,0,0
MTR-000906,CUS-000906,Peshawar,Residential,179.1,173.3,0.967,0.209,2.69,0,0
MTR-001563,CUS-001563,Multan,Residential,47.5,51.9,1.092,0.268,4.3,0,0
MTR-002426,CUS-002426,Faisalabad,Residential,151.2,167.8,1.11,0.276,0.92,0,0
MTR-002696,CUS-002696,Islamabad,Residential,176.1,175.2,0.995,0.381,2.42,0,0
MTR-000380,CUS-000380,Faisalabad,Residential,257.4,57.6,0.224,0.621,4.06,1,1
MTR-000947,CUS-000947,Islamabad,Residential,155.6,169.3,1.088,0.242,3.25,1,0
MTR-001712,CUS-001712,Faisalabad,Commercial,1005.3,868.1,0.864,0.347,0.1,0,0
MTR-002756,CUS-002756,Islamabad,Residential,250.6,209.9,0.837,0.364,1.43,0,0
MTR-000715,CUS-000715,Multan,Residential,74.0,73.2,0.989,0.414,4.31,1,0
MTR-001913,CUS-001913,Multan,Residential,189.8,225.0,1.186,0.338,1.51,1,0
MTR-000686,CUS-000686,Faisalabad,Residential,192.7,229.3,1.19,0.31,1.94,0,0
MTR-002670,CUS-002670,Faisalabad,Residential,149.6,125.9,0.842,0.346,3.25,0,0
MTR-001293,CUS-001293,Karachi,Industrial,3647.2,713.8,0.196,0.662,3.89,1,1
MTR-000305,CUS-000305,Peshawar,Residential,179.8,232.3,1.292,0.278,0.1,0,0
MTR-000209,CUS-000209,Peshawar,Residential,173.0,158.7,0.917,0.158,0.93,0,0
MTR-002011,CUS-002011,Lahore,Commercial,165.6,197.8,1.194,0.371,3.32,1,0
MTR-002221,CUS-002221,Peshawar,Commercial,1499.3,1674.9,1.117,0.317,3.47,0,0
MTR-002975,CUS-002975,Multan,Residential,106.3,121.5,1.143,0.362,0.1,0,0
MTR-001537,CUS-001537,Peshawar,Residential,232.1,219.7,0.946,0.075,1.05,0,0
MTR-000885,CUS-000885,Faisalabad,Residential,166.0,157.7,0.95,0.296,1.33,0,0
MTR-001859,CUS-001859,Karachi,Residential,288.3,256.8,0.891,0.232,1.62,0,0
MTR-000917,CUS-000917,Multan,Commercial,489.5,536.4,1.096,0.42,1.07,0,0
MTR-001886,CUS-001886,Faisalabad,Residential,135.6,109.0,0.804,0.349,2.11,0,0
MTR-001660,CUS-001660,Peshawar,Commercial,568.8,140.0,0.246,0.66,6.5,3,1
MTR-000191,CUS-000191,Karachi,Residential,134.3,160.6,1.196,0.265,1.57,0,0
MTR-001747,CUS-001747,Islamabad,Residential,154.5,165.5,1.071,0.332,0.87,1,0
MTR-002131,CUS-002131,Karachi,Commercial,1193.3,1336.9,1.12,0.226,2.78,0,0
MTR-001265,CUS-001265,Rawalpindi,Residential,191.1,153.4,0.803,0.292,0.61,0,0
MTR-000483,CUS-000483,Rawalpindi,Residential,185.9,163.7,0.881,0.254,2.38,2,0
MTR-000915,CUS-000915,Karachi,Residential,230.1,262.8,1.142,0.481,3.0,0,0
MTR-002599,CUS-002599,Peshawar,Residential,220.8,224.1,1.015,0.418,3.99,0,0
MTR-000277,CUS-000277,Lahore,Residential,138.4,121.1,0.875,0.385,2.5,0,0
MTR-000988,CUS-000988,Multan,Industrial,5097.1,5480.2,1.075,0.181,2.23,0,0
MTR-001987,CUS-001987,Peshawar,Residential,171.5,160.5,0.936,0.369,0.31,0,0
MTR-001894,CUS-001894,Faisalabad,Residential,237.1,309.3,1.305,0.315,3.47,0,0
MTR-001869,CUS-001869,Faisalabad,Residential,136.4,146.2,1.072,0.398,2.14,0,0
MTR-000571,CUS-000571,Multan,Residential,325.6,109.0,0.335,0.588,5.02,3,1
MTR-000993,CUS-000993,Karachi,Residential,219.1,242.3,1.106,0.299,2.4,0,0
MTR-002795,CUS-002795,Lahore,Commercial,608.5,726.4,1.194,0.319,2.11,0,0
MTR-002946,CUS-002946,Multan,Industrial,6630.4,2927.2,0.441,0.805,4.22,1,1
MTR-000585,CUS-000585,Rawalpindi,Residential,123.2,111.8,0.908,0.239,1.64,0,0
MTR-002328,CUS-002328,Lahore,Industrial,5363.7,5392.2,1.005,0.33,2.73,0,0
MTR-002993,CUS-002993,Islamabad,Commercial,1123.0,1040.4,0.926,0.391,0.5,0,0
MTR-001349,CUS-001349,Karachi,Residential,142.9,138.5,0.969,0.256,0.48,0,0
MTR-002900,CUS-002900,Islamabad,Residential,186.0,155.0,0.833,0.297,1.15,1,0
MTR-000674,CUS-000674,Multan,Residential,298.9,330.3,1.105,0.172,3.25,1,0
MTR-002590,CUS-002590,Rawalpindi,Industrial,15.0,12.9,0.862,0.417,2.45,1,0
MTR-000855,CUS-000855,Islamabad,Commercial,567.2,608.6,1.073,0.389,1.37,0,0
MTR-000447,CUS-000447,Karachi,Residential,180.3,173.7,0.964,0.352,1.2,0,0
MTR-001419,CUS-001419,Karachi,Residential,99.2,101.9,1.027,0.333,1.92,0,0
MTR-002229,CUS-002229,Faisalabad,Residential,276.3,260.6,0.943,0.424,2.4,1,0
MTR-001616,CUS-001616,Multan,Commercial,808.4,827.4,1.024,0.236,3.36,0,0
MTR-002258,CUS-002258,Karachi,Residential,241.1,253.6,1.052,0.227,4.05,0,0
MTR-002821,CUS-002821,Rawalpindi,Residential,200.2,191.8,0.958,0.385,1.87,0,0
MTR-002753,CUS-002753,Islamabad,Industrial,4433.9,3513.7,0.792,0.38,4.2,0,0
MTR-001716,CUS-001716,Peshawar,Commercial,667.1,694.1,1.04,0.205,2.08,0,0
MTR-002671,CUS-002671,Faisalabad,Residential,239.7,250.9,1.047,0.257,2.3,1,0
MTR-001247,CUS-001247,Multan,Residential,228.3,189.0,0.828,0.435,2.98,0,0
MTR-000294,CUS-000294,Faisalabad,Residential,150.0,132.3,0.882,0.333,3.12,0,0
MTR-000588,CUS-000588,Rawalpindi,Commercial,506.7,485.6,0.958,0.363,3.58,0,0
MTR-001281,CUS-001281,Faisalabad,Commercial,1669.8,1210.0,0.725,0.207,0.71,1,0
MTR-001422,CUS-001422,Karachi,Industrial,4630.8,5024.2,1.085,0.353,2.12,0,0
MTR-002349,CUS-002349,Islamabad,Residential,173.3,163.1,0.941,0.186,3.26,0,0
MTR-001426,CUS-001426,Multan,Residential,130.4,41.4,0.317,0.598,6.63,1,1
MTR-002252,CUS-002252,Faisalabad,Residential,230.1,200.8,0.873,0.358,0.13,0,0
MTR-000425,CUS-000425,Karachi,Residential,157.3,195.4,1.242,0.415,0.51,1,0
MTR-000534,CUS-000534,Rawalpindi,Residential,168.7,139.9,0.83,0.28,1.88,0,0
MTR-001054,CUS-001054,Karachi,Residential,272.3,256.0,0.94,0.256,4.02,1,0
MTR-001864,CUS-001864,Faisalabad,Residential,124.3,142.2,1.144,0.437,0.49,0,0
MTR-002504,CUS-002504,Islamabad,Residential,243.5,209.9,0.862,0.284,0.83,0,0
MTR-001425,CUS-001425,Rawalpindi,Industrial,5831.1,5894.8,1.011,0.295,1.5,0,0
MTR-000132,CUS-000132,Rawalpindi,Residential,162.0,174.2,1.075,0.436,1.01,0,0
MTR-001837,CUS-001837,Karachi,Residential,245.1,200.8,0.819,0.272,0.83,0,0
MTR-001825,CUS-001825,Karachi,Residential,78.6,72.3,0.92,0.248,0.1,0,0
MTR-000421,CUS-000421,Peshawar,Commercial,1163.8,1190.4,1.023,0.365,1.47,0,0
MTR-002658,CUS-002658,Rawalpindi,Residential,133.1,140.3,1.054,0.243,3.96,0,0
MTR-002028,CUS-002028,Rawalpindi,Commercial,1299.5,1171.3,0.901,0.288,2.55,0,0
MTR-002989,CUS-002989,Lahore,Residential,114.5,139.8,1.221,0.194,3.18,0,0
MTR-001368,CUS-001368,Lahore,Residential,111.4,117.8,1.058,0.315,1.4,0,0
MTR-000556,CUS-000556,Islamabad,Residential,306.3,334.8,1.093,0.305,1.16,0,0
MTR-002043,CUS-002043,Faisalabad,Residential,191.1,207.6,1.086,0.377,2.52,0,0
MTR-001486,CUS-001486,Peshawar,Commercial,1113.7,904.8,0.812,0.369,2.08,2,0
MTR-002679,CUS-002679,Rawalpindi,Residential,217.2,214.2,0.986,0.344,1.94,1,0
MTR-000570,CUS-000570,Faisalabad,Residential,232.4,231.9,0.998,0.332,3.68,0,0
MTR-000352,CUS-000352,Multan,Residential,82.2,79.7,0.969,0.294,1.19,0,0
MTR-000091,CUS-000091,Islamabad,Residential,147.1,150.8,1.025,0.349,1.06,0,0
MTR-002562,CUS-002562,Karachi,Residential,283.5,211.8,0.747,0.211,2.85,0,0
MTR-002533,CUS-002533,Multan,Residential,234.6,238.2,1.015,0.112,2.72,0,0
MTR-001170,CUS-001170,Faisalabad,Residential,172.1,165.8,0.964,0.393,0.96,0,0
MTR-002248,CUS-002248,Faisalabad,Residential,208.4,155.5,0.746,0.354,2.08,0,0
MTR-001285,CUS-001285,Multan,Industrial,4640.8,4876.0,1.051,0.29,0.21,0,0
MTR-001702,CUS-001702,Karachi,Residential,167.8,144.0,0.858,0.386,2.3,0,0
MTR-001468,CUS-001468,Lahore,Residential,119.2,113.8,0.954,0.241,1.53,0,0
MTR-001907,CUS-001907,Rawalpindi,Residential,168.4,163.3,0.969,0.244,1.75,0,0
MTR-001477,CUS-001477,Islamabad,Residential,281.2,218.9,0.778,0.232,0.86,0,0
MTR-000697,CUS-000697,Karachi,Residential,204.5,161.9,0.792,0.345,3.19,1,0
MTR-002506,CUS-002506,Karachi,Residential,201.2,62.3,0.31,0.568,7.43,2,1
MTR-000348,CUS-000348,Faisalabad,Residential,168.0,155.8,0.928,0.239,2.99,0,0
MTR-001644,CUS-001644,Islamabad,Residential,168.8,160.8,0.953,0.323,1.9,1,0
MTR-002346,CUS-002346,Islamabad,Commercial,712.3,718.5,1.009,0.204,3.19,0,0
MTR-002431,CUS-002431,Karachi,Residential,166.3,131.2,0.789,0.247,0.13,0,0
MTR-002168,CUS-002168,Multan,Residential,115.9,110.2,0.951,0.123,2.01,0,0
MTR-001137,CUS-001137,Islamabad,Residential,274.5,270.9,0.987,0.348,3.2,0,0
MTR-001797,CUS-001797,Lahore,Residential,137.9,167.1,1.212,0.245,0.1,0,0
MTR-001544,CUS-001544,Islamabad,Commercial,1141.7,1015.6,0.89,0.212,2.13,0,0
MTR-002836,CUS-002836,Karachi,Residential,168.0,183.9,1.095,0.196,2.58,0,0
MTR-002820,CUS-002820,Rawalpindi,Residential,169.0,169.0,1.0,0.267,1.62,0,0
MTR-001339,CUS-001339,Multan,Residential,183.7,158.7,0.864,0.174,2.99,0,0
MTR-002490,CUS-002490,Islamabad,Residential,102.4,94.6,0.924,0.455,3.0,0,0
MTR-000453,CUS-000453,Faisalabad,Residential,222.1,245.2,1.104,0.109,1.38,3,0
MTR-000913,CUS-000913,Faisalabad,Commercial,450.9,492.9,1.093,0.264,1.61,0,0
MTR-001199,CUS-001199,Multan,Industrial,1493.7,1400.4,0.938,0.309,0.84,1,0
MTR-001274,CUS-001274,Faisalabad,Residential,232.1,241.7,1.041,0.238,2.32,0,0
MTR-001866,CUS-001866,Multan,Residential,169.1,148.1,0.876,0.317,2.2,0,0
MTR-000037,CUS-000037,Karachi,Residential,150.3,147.1,0.979,0.236,2.0,0,0
MTR-000974,CUS-000974,Multan,Commercial,793.5,752.6,0.948,0.422,2.1,1,0
MTR-002770,CUS-002770,Islamabad,Residential,69.3,77.0,1.112,0.21,1.14,1,0
MTR-000983,CUS-000983,Islamabad,Residential,148.3,156.5,1.056,0.112,0.57,0,0
MTR-001805,CUS-001805,Faisalabad,Residential,248.4,39.9,0.161,0.821,4.85,2,1
MTR-001961,CUS-001961,Rawalpindi,Residential,208.3,193.9,0.931,0.331,1.8,0,0
MTR-001418,CUS-001418,Rawalpindi,Residential,193.8,193.1,0.997,0.291,0.97,2,0
MTR-001284,CUS-001284,Rawalpindi,Residential,249.1,244.3,0.981,0.36,1.27,1,0
MTR-000039,CUS-000039,Lahore,Residential,118.5,114.5,0.966,0.34,2.92,0,0
MTR-002540,CUS-002540,Peshawar,Residential,205.9,197.2,0.958,0.249,2.86,0,0
MTR-000169,CUS-000169,Multan,Commercial,1149.8,1340.1,1.166,0.261,2.66,0,0
MTR-001355,CUS-001355,Peshawar,Industrial,6560.8,6205.0,0.946,0.269,1.96,0,0
MTR-000737,CUS-000737,Islamabad,Residential,172.6,178.8,1.036,0.451,1.32,0,0
MTR-001590,CUS-001590,Faisalabad,Residential,122.1,157.6,1.291,0.355,3.32,0,0
MTR-002699,CUS-002699,Rawalpindi,Residential,153.9,138.3,0.898,0.451,1.68,0,0
MTR-001897,CUS-001897,Lahore,Residential,234.8,240.2,1.023,0.367,2.27,0,0
MTR-000634,CUS-000634,Faisalabad,Residential,184.0,189.4,1.029,0.295,1.15,0,0
MTR-002647,CUS-002647,Multan,Residential,130.0,129.8,0.999,0.218,1.76,1,0
MTR-001918,CUS-001918,Faisalabad,Industrial,8302.8,8343.8,1.005,0.316,0.1,0,0
MTR-001290,CUS-001290,Islamabad,Residential,93.5,83.6,0.895,0.295,1.37,1,0
MTR-001380,CUS-001380,Multan,Commercial,1242.2,1295.7,1.043,0.293,0.48,0,0
MTR-000579,CUS-000579,Faisalabad,Residential,282.9,220.5,0.78,0.283,2.22,1,0
MTR-000328,CUS-000328,Faisalabad,Residential,186.4,226.6,1.216,0.136,1.4,0,0
MTR-001642,CUS-001642,Rawalpindi,Residential,217.0,261.6,1.206,0.401,1.7,0,0
MTR-000892,CUS-000892,Lahore,Residential,169.5,68.1,0.402,0.867,9.24,1,1
MTR-001849,CUS-001849,Islamabad,Residential,187.8,211.5,1.126,0.187,0.98,0,0
MTR-000780,CUS-000780,Islamabad,Residential,229.6,221.5,0.965,0.339,2.12,0,0
MTR-000159,CUS-000159,Karachi,Residential,252.6,252.9,1.001,0.232,2.22,1,0
MTR-001545,CUS-001545,Multan,Residential,141.1,129.6,0.918,0.345,1.05,0,0
MTR-001933,CUS-001933,Lahore,Commercial,819.6,900.2,1.098,0.371,3.1,0,0
MTR-002978,CUS-002978,Islamabad,Residential,267.7,249.0,0.93,0.382,3.65,1,0
MTR-000061,CUS-000061,Peshawar,Residential,288.7,315.9,1.094,0.287,3.2,0,0
MTR-000849,CUS-000849,Multan,Residential,251.6,250.3,0.995,0.267,1.05,0,0
MTR-002129,CUS-002129,Lahore,Residential,163.1,162.8,0.998,0.25,1.3,0,0
MTR-002892,CUS-002892,Karachi,Residential,140.4,115.3,0.821,0.242,0.1,0,0
MTR-001043,CUS-001043,Faisalabad,Commercial,1336.3,1345.9,1.007,0.299,1.82,0,0
MTR-002496,CUS-002496,Peshawar,Residential,153.6,132.5,0.862,0.283,1.89,0,0
MTR-002260,CUS-002260,Multan,Residential,250.2,252.0,1.007,0.234,2.78,0,0
MTR-002121,CUS-002121,Lahore,Residential,174.2,214.7,1.233,0.208,3.76,0,0
MTR-001070,CUS-001070,Karachi,Residential,244.4,203.6,0.833,0.291,0.74,0,0
MTR-000053,CUS-000053,Peshawar,Residential,179.3,176.1,0.982,0.265,2.14,0,0
MTR-000258,CUS-000258,Karachi,Commercial,1057.2,976.6,0.924,0.209,1.77,0,0
MTR-000505,CUS-000505,Rawalpindi,Residential,58.8,51.5,0.875,0.366,1.85,1,0
MTR-000752,CUS-000752,Faisalabad,Residential,164.9,149.2,0.905,0.442,3.56,1,0
MTR-001978,CUS-001978,Rawalpindi,Commercial,1201.7,1413.8,1.176,0.377,2.1,0,0
MTR-002947,CUS-002947,Karachi,Residential,167.5,202.4,1.208,0.242,2.55,0,0
MTR-002410,CUS-002410,Multan,Residential,233.4,204.1,0.874,0.296,2.47,0,0
MTR-001517,CUS-001517,Lahore,Residential,117.2,122.8,1.048,0.423,2.22,0,0
MTR-002997,CUS-002997,Rawalpindi,Residential,204.3,181.8,0.89,0.206,1.23,0,0
MTR-002273,CUS-002273,Karachi,Residential,167.2,153.6,0.919,0.363,3.87,0,0
MTR-001389,CUS-001389,Karachi,Residential,157.7,118.9,0.754,0.184,1.97,1,0
MTR-001266,CUS-001266,Multan,Residential,178.3,223.9,1.256,0.435,2.53,2,0
MTR-002466,CUS-002466,Islamabad,Commercial,926.6,1048.7,1.132,0.266,2.25,0,0
MTR-001711,CUS-001711,Peshawar,Residential,169.7,156.4,0.922,0.478,0.1,0,0
MTR-000771,CUS-000771,Peshawar,Residential,176.6,182.6,1.034,0.438,0.96,0,0
MTR-002802,CUS-002802,Islamabad,Commercial,1027.3,978.0,0.952,0.291,2.11,0,0
MTR-001807,CUS-001807,Faisalabad,Residential,199.2,221.8,1.114,0.242,1.15,0,0
MTR-002685,CUS-002685,Rawalpindi,Residential,172.3,165.2,0.959,0.316,2.4,0,0
MTR-001085,CUS-001085,Karachi,Residential,187.4,183.0,0.977,0.286,1.09,0,0
MTR-002257,CUS-002257,Islamabad,Residential,189.0,174.0,0.921,0.268,2.02,0,0
MTR-001532,CUS-001532,Faisalabad,Residential,114.2,122.5,1.072,0.167,0.29,0,0
MTR-001325,CUS-001325,Islamabad,Industrial,4231.2,5353.0,1.265,0.259,2.84,0,0
MTR-002119,CUS-002119,Peshawar,Residential,291.2,281.3,0.966,0.211,2.45,1,0
MTR-001812,CUS-001812,Rawalpindi,Industrial,7095.5,6843.7,0.965,0.344,2.5,0,0
MTR-001714,CUS-001714,Rawalpindi,Commercial,971.0,968.1,0.997,0.379,1.91,1,0
MTR-002034,CUS-002034,Multan,Residential,189.9,195.8,1.031,0.359,1.3,1,0
MTR-002423,CUS-002423,Lahore,Commercial,633.6,610.9,0.964,0.327,3.58,0,0
MTR-002434,CUS-002434,Islamabad,Residential,140.1,133.5,0.953,0.232,3.67,0,0
MTR-001681,CUS-001681,Rawalpindi,Industrial,6055.3,6115.3,1.01,0.316,1.93,0,0
MTR-002227,CUS-002227,Faisalabad,Residential,139.9,110.5,0.79,0.363,1.43,1,0
MTR-001163,CUS-001163,Peshawar,Residential,217.8,203.5,0.934,0.253,0.27,0,0
MTR-000963,CUS-000963,Rawalpindi,Residential,247.0,187.7,0.76,0.31,2.23,0,0
MTR-002902,CUS-002902,Islamabad,Residential,224.1,210.9,0.941,0.288,1.33,0,0
MTR-001662,CUS-001662,Karachi,Industrial,4317.4,3826.1,0.886,0.433,1.52,0,0
MTR-000398,CUS-000398,Rawalpindi,Residential,103.1,16.9,0.163,0.817,8.34,3,1
MTR-000584,CUS-000584,Islamabad,Residential,179.5,163.7,0.912,0.349,1.04,0,0
MTR-000948,CUS-000948,Peshawar,Residential,127.5,121.9,0.956,0.163,3.92,1,0
MTR-000704,CUS-000704,Faisalabad,Residential,217.8,161.7,0.742,0.314,0.98,0,0
MTR-000431,CUS-000431,Karachi,Industrial,5480.7,6153.1,1.123,0.288,0.1,0,0
MTR-000292,CUS-000292,Faisalabad,Residential,204.6,177.9,0.87,0.287,1.34,0,0
MTR-000145,CUS-000145,Karachi,Commercial,685.7,646.0,0.942,0.175,2.36,0,0
MTR-000323,CUS-000323,Peshawar,Residential,16.4,17.9,1.093,0.213,2.14,0,0
MTR-002108,CUS-002108,Rawalpindi,Residential,202.5,221.5,1.094,0.295,2.18,0,0
MTR-001165,CUS-001165,Peshawar,Residential,259.3,224.7,0.867,0.389,1.72,1,0
MTR-001452,CUS-001452,Lahore,Residential,249.7,265.5,1.063,0.253,1.5,1,0
MTR-000002,CUS-000002,Multan,Residential,193.4,166.7,0.862,0.268,0.76,0,0
MTR-000576,CUS-000576,Peshawar,Residential,164.5,169.1,1.028,0.442,2.13,0,0
MTR-002657,CUS-002657,Peshawar,Residential,115.8,104.9,0.906,0.276,3.06,0,0
MTR-000339,CUS-000339,Karachi,Commercial,923.4,810.9,0.878,0.29,2.01,0,0
MTR-002539,CUS-002539,Faisalabad,Residential,119.5,120.0,1.004,0.291,1.24,0,0
MTR-002935,CUS-002935,Lahore,Residential,33.9,31.0,0.913,0.192,2.15,1,0
MTR-000925,CUS-000925,Lahore,Industrial,4787.4,5947.1,1.242,0.346,3.46,0,0
MTR-000265,CUS-000265,Multan,Residential,215.3,199.3,0.926,0.248,1.8,0,0
MTR-000376,CUS-000376,Multan,Residential,232.5,199.2,0.857,0.298,0.76,1,0
MTR-002022,CUS-002022,Islamabad,Commercial,1401.3,1250.2,0.892,0.336,2.22,0,0
MTR-001463,CUS-001463,Rawalpindi,Residential,178.4,178.0,0.998,0.455,2.59,1,0
MTR-000271,CUS-000271,Multan,Residential,178.2,180.6,1.013,0.195,2.87,0,0
MTR-000696,CUS-000696,Multan,Residential,264.4,274.2,1.037,0.369,2.7,0,0
MTR-002973,CUS-002973,Peshawar,Residential,219.2,243.2,1.109,0.369,2.17,0,0
MTR-000244,CUS-000244,Peshawar,Residential,240.5,192.3,0.799,0.249,1.17,1,0
MTR-002813,CUS-002813,Karachi,Commercial,684.6,763.2,1.115,0.348,1.02,0,0
MTR-000476,CUS-000476,Islamabad,Residential,138.0,58.2,0.422,0.839,7.28,2,1
MTR-002785,CUS-002785,Peshawar,Residential,188.7,197.8,1.048,0.239,2.62,0,0
MTR-002843,CUS-002843,Peshawar,Residential,280.9,338.9,1.207,0.319,1.35,0,0
MTR-002298,CUS-002298,Islamabad,Residential,166.9,52.0,0.312,0.758,5.68,1,1
MTR-002448,CUS-002448,Multan,Commercial,838.7,754.2,0.899,0.343,1.11,0,0
MTR-002783,CUS-002783,Islamabad,Residential,268.4,235.4,0.877,0.362,3.56,1,0
MTR-002953,CUS-002953,Multan,Commercial,1160.9,1113.8,0.959,0.313,1.78,2,0
MTR-002982,CUS-002982,Faisalabad,Commercial,481.0,554.0,1.152,0.341,2.67,0,0
MTR-002159,CUS-002159,Lahore,Residential,87.3,75.6,0.866,0.227,3.58,0,0
MTR-000250,CUS-000250,Peshawar,Commercial,1147.4,1079.4,0.941,0.313,1.05,0,0
MTR-000413,CUS-000413,Lahore,Residential,59.2,66.1,1.117,0.262,2.76,0,0
MTR-000545,CUS-000545,Faisalabad,Residential,242.2,260.3,1.075,0.202,1.91,0,0
MTR-001193,CUS-001193,Peshawar,Residential,224.5,211.0,0.94,0.259,3.41,1,0
MTR-000738,CUS-000738,Karachi,Residential,136.2,132.8,0.975,0.322,1.21,0,0
MTR-000310,CUS-000310,Multan,Residential,170.4,189.1,1.11,0.335,2.21,0,0
MTR-001979,CUS-001979,Lahore,Residential,193.0,229.6,1.19,0.199,2.63,2,0
MTR-000893,CUS-000893,Lahore,Residential,139.4,167.9,1.204,0.225,1.32,0,0
MTR-001131,CUS-001131,Multan,Residential,109.0,127.0,1.166,0.358,1.79,0,0
MTR-001449,CUS-001449,Rawalpindi,Residential,165.1,33.1,0.201,0.861,6.67,2,1
MTR-002907,CUS-002907,Faisalabad,Residential,222.5,271.1,1.218,0.371,3.09,0,0
MTR-000015,CUS-000015,Lahore,Industrial,1723.8,1571.0,0.911,0.409,4.22,0,0
MTR-001950,CUS-001950,Peshawar,Industrial,3781.8,3032.5,0.802,0.343,3.58,0,0
MTR-000721,CUS-000721,Peshawar,Commercial,429.1,434.9,1.013,0.267,3.44,0,0
MTR-001420,CUS-001420,Rawalpindi,Residential,150.3,176.9,1.177,0.309,0.1,2,0
MTR-002633,CUS-002633,Karachi,Commercial,970.2,1047.5,1.08,0.433,2.13,0,0
MTR-000981,CUS-000981,Karachi,Industrial,3423.5,3393.2,0.991,0.521,2.06,0,0
MTR-001874,CUS-001874,Karachi,Residential,230.8,238.9,1.035,0.337,2.8,1,0
MTR-001539,CUS-001539,Peshawar,Residential,203.6,216.6,1.064,0.343,0.56,1,0
MTR-002530,CUS-002530,Karachi,Residential,232.0,236.1,1.018,0.358,2.73,1,0
MTR-001550,CUS-001550,Lahore,Residential,190.3,183.6,0.965,0.302,0.1,0,0
MTR-002422,CUS-002422,Multan,Residential,160.7,146.4,0.911,0.393,3.03,0,0
MTR-000363,CUS-000363,Karachi,Residential,245.9,249.2,1.013,0.381,0.35,0,0
MTR-002768,CUS-002768,Lahore,Residential,214.9,61.4,0.286,0.724,8.27,2,1
MTR-000182,CUS-000182,Rawalpindi,Residential,84.0,84.0,1.0,0.275,3.17,0,0
MTR-000985,CUS-000985,Karachi,Commercial,990.6,1114.9,1.126,0.178,1.67,0,0
MTR-001990,CUS-001990,Lahore,Residential,208.4,202.2,0.97,0.359,2.44,0,0
MTR-001194,CUS-001194,Faisalabad,Residential,225.6,220.0,0.975,0.317,2.0,0,0
MTR-001769,CUS-001769,Rawalpindi,Commercial,1471.7,1505.2,1.023,0.241,0.52,1,0
MTR-001675,CUS-001675,Peshawar,Residential,229.5,301.8,1.315,0.21,2.56,1,0
MTR-001121,CUS-001121,Islamabad,Residential,127.6,110.9,0.869,0.353,3.19,1,0
MTR-000187,CUS-000187,Lahore,Residential,181.0,204.7,1.131,0.172,1.68,0,0
MTR-000619,CUS-000619,Karachi,Residential,196.7,189.6,0.964,0.324,2.64,0,0
MTR-001612,CUS-001612,Lahore,Residential,224.8,223.2,0.993,0.367,1.12,1,0
MTR-001175,CUS-001175,Peshawar,Residential,149.1,125.6,0.843,0.344,2.92,0,0
MTR-001182,CUS-001182,Lahore,Residential,198.3,88.9,0.448,0.896,6.76,2,1
MTR-002384,CUS-002384,Islamabad,Residential,245.8,252.4,1.027,0.2,1.99,0,0
MTR-002715,CUS-002715,Karachi,Residential,272.2,293.7,1.079,0.347,2.47,0,0
MTR-000614,CUS-000614,Faisalabad,Residential,136.5,111.9,0.82,0.396,3.53,0,0
MTR-001513,CUS-001513,Islamabad,Commercial,1180.7,1089.7,0.923,0.254,2.53,0,0
MTR-001466,CUS-001466,Islamabad,Commercial,533.6,560.0,1.049,0.341,0.92,0,0
MTR-000401,CUS-000401,Peshawar,Residential,343.4,336.8,0.981,0.427,1.28,0,0
MTR-000994,CUS-000994,Lahore,Commercial,876.7,923.7,1.054,0.327,1.93,0,0
MTR-000934,CUS-000934,Islamabad,Commercial,527.7,660.9,1.252,0.268,2.5,0,0
MTR-000371,CUS-000371,Peshawar,Residential,220.0,233.3,1.061,0.383,0.84,1,0
MTR-001922,CUS-001922,Islamabad,Residential,72.8,68.9,0.946,0.241,2.35,0,0
MTR-002306,CUS-002306,Lahore,Residential,215.7,198.8,0.922,0.196,2.89,2,0
MTR-000593,CUS-000593,Karachi,Residential,231.8,210.5,0.908,0.365,1.5,1,0
MTR-001910,CUS-001910,Islamabad,Residential,111.8,106.1,0.949,0.268,3.97,1,0
MTR-000726,CUS-000726,Lahore,Industrial,6841.6,6525.1,0.954,0.275,1.26,0,0
MTR-000826,CUS-000826,Lahore,Residential,105.0,106.5,1.014,0.25,2.2,0,0
MTR-001674,CUS-001674,Peshawar,Residential,228.7,243.2,1.063,0.262,0.1,0,0
MTR-000687,CUS-000687,Peshawar,Residential,298.1,72.0,0.242,0.586,6.27,1,1
MTR-002215,CUS-002215,Multan,Residential,162.0,164.6,1.016,0.433,1.85,0,0
MTR-000136,CUS-000136,Faisalabad,Residential,180.7,185.1,1.024,0.444,1.57,0,0
MTR-002764,CUS-002764,Lahore,Residential,215.7,281.3,1.304,0.387,1.26,0,0
MTR-000628,CUS-000628,Karachi,Residential,185.3,169.2,0.913,0.337,1.48,0,0
MTR-000334,CUS-000334,Karachi,Residential,176.6,175.8,0.996,0.185,2.63,0,0
MTR-000390,CUS-000390,Multan,Residential,67.5,53.0,0.786,0.285,0.1,0,0
MTR-002309,CUS-002309,Lahore,Commercial,896.6,855.4,0.954,0.473,0.14,0,0
MTR-001109,CUS-001109,Lahore,Commercial,1094.8,976.7,0.892,0.265,1.51,2,0
MTR-001737,CUS-001737,Multan,Residential,262.7,239.7,0.912,0.421,1.88,2,0
MTR-002698,CUS-002698,Karachi,Residential,138.4,118.7,0.858,0.304,1.22,0,0
MTR-000710,CUS-000710,Peshawar,Commercial,685.1,158.1,0.231,0.833,6.25,2,1
MTR-001039,CUS-001039,Lahore,Commercial,918.8,932.3,1.015,0.351,2.62,0,0
MTR-002714,CUS-002714,Rawalpindi,Industrial,6598.6,7161.1,1.085,0.401,2.98,1,0
MTR-001850,CUS-001850,Karachi,Industrial,7562.6,6862.4,0.907,0.296,3.32,1,0
MTR-002595,CUS-002595,Peshawar,Industrial,4800.5,3632.4,0.757,0.399,0.68,1,0
MTR-001561,CUS-001561,Multan,Residential,142.2,144.1,1.013,0.167,1.23,0,0
MTR-002757,CUS-002757,Islamabad,Commercial,687.6,726.3,1.056,0.189,1.12,0,0
MTR-001594,CUS-001594,Karachi,Residential,197.2,213.1,1.081,0.316,3.01,1,0
MTR-002750,CUS-002750,Karachi,Residential,283.2,248.5,0.877,0.338,1.37,0,0
MTR-001112,CUS-001112,Lahore,Commercial,608.5,564.3,0.927,0.409,2.31,0,0
MTR-000465,CUS-000465,Karachi,Commercial,1317.3,1141.9,0.867,0.351,0.59,0,0
MTR-001560,CUS-001560,Lahore,Residential,241.6,220.2,0.911,0.205,1.36,1,0
MTR-001223,CUS-001223,Peshawar,Residential,249.2,225.6,0.905,0.317,1.1,0,0
MTR-001953,CUS-001953,Karachi,Residential,231.9,217.7,0.939,0.348,2.68,0,0
MTR-002966,CUS-002966,Faisalabad,Industrial,4085.8,3962.5,0.97,0.15,0.75,0,0
MTR-002348,CUS-002348,Faisalabad,Commercial,770.7,781.3,1.014,0.297,3.78,0,0
MTR-001508,CUS-001508,Faisalabad,Residential,193.7,174.0,0.899,0.273,2.22,2,0
MTR-001104,CUS-001104,Islamabad,Commercial,1070.2,1052.3,0.983,0.248,1.27,0,0
MTR-001988,CUS-001988,Rawalpindi,Residential,203.5,181.4,0.891,0.34,2.34,0,0
MTR-000338,CUS-000338,Faisalabad,Residential,242.8,191.7,0.789,0.208,1.19,1,0
MTR-000215,CUS-000215,Islamabad,Residential,228.4,243.2,1.065,0.333,0.94,0,0
MTR-001615,CUS-001615,Rawalpindi,Industrial,4247.9,3910.0,0.92,0.345,2.7,0,0
MTR-001916,CUS-001916,Islamabad,Residential,163.0,30.2,0.185,0.774,7.29,2,1
MTR-002514,CUS-002514,Karachi,Residential,136.1,145.3,1.067,0.21,2.38,0,0
MTR-002804,CUS-002804,Multan,Residential,207.1,200.9,0.97,0.18,0.77,2,0
MTR-001592,CUS-001592,Peshawar,Industrial,7248.6,7642.5,1.054,0.322,1.18,0,0
MTR-002240,CUS-002240,Islamabad,Commercial,630.1,661.7,1.05,0.277,3.53,0,0
MTR-001684,CUS-001684,Multan,Residential,62.1,53.9,0.869,0.532,2.79,0,0
MTR-002522,CUS-002522,Multan,Residential,146.2,48.1,0.329,0.753,6.86,3,1
MTR-000816,CUS-000816,Lahore,Residential,147.3,114.9,0.78,0.305,1.29,0,0
MTR-001067,CUS-001067,Faisalabad,Residential,74.7,71.1,0.952,0.286,2.19,0,0
MTR-002003,CUS-002003,Karachi,Residential,54.0,51.0,0.944,0.203,1.86,1,0
MTR-000274,CUS-000274,Lahore,Industrial,3615.9,3278.9,0.907,0.345,4.09,0,0
MTR-002244,CUS-002244,Islamabad,Residential,143.6,164.7,1.147,0.294,1.27,0,0
MTR-000865,CUS-000865,Multan,Residential,144.6,149.8,1.036,0.294,2.6,0,0
MTR-000101,CUS-000101,Islamabad,Residential,152.6,126.8,0.831,0.308,2.3,0,0
MTR-001501,CUS-001501,Karachi,Residential,113.4,96.2,0.848,0.318,0.34,1,0
MTR-002149,CUS-002149,Lahore,Residential,249.1,313.5,1.259,0.161,0.1,0,0
MTR-000171,CUS-000171,Karachi,Residential,108.3,102.1,0.943,0.367,1.62,1,0
MTR-000107,CUS-000107,Islamabad,Residential,155.8,140.9,0.904,0.232,2.42,1,0
MTR-001862,CUS-001862,Karachi,Residential,151.6,172.6,1.139,0.289,3.59,0,0
MTR-001521,CUS-001521,Multan,Commercial,757.8,596.2,0.787,0.403,1.22,1,0
MTR-002987,CUS-002987,Faisalabad,Residential,201.9,235.5,1.166,0.442,2.47,0,0
MTR-002202,CUS-002202,Faisalabad,Residential,135.0,122.1,0.904,0.164,1.71,2,0
MTR-002054,CUS-002054,Peshawar,Commercial,627.2,666.0,1.062,0.302,3.73,0,0
MTR-001764,CUS-001764,Rawalpindi,Residential,133.3,125.6,0.943,0.322,1.96,0,0
MTR-002033,CUS-002033,Rawalpindi,Residential,132.5,107.5,0.811,0.179,1.56,1,0
MTR-001962,CUS-001962,Rawalpindi,Residential,201.8,206.1,1.021,0.364,2.17,0,0
MTR-002250,CUS-002250,Peshawar,Commercial,512.1,570.3,1.114,0.309,2.19,0,0
MTR-002340,CUS-002340,Lahore,Residential,88.8,63.8,0.718,0.316,3.4,1,0
MTR-002575,CUS-002575,Islamabad,Industrial,5336.2,4596.1,0.861,0.227,2.01,0,0
MTR-001924,CUS-001924,Faisalabad,Residential,227.6,261.4,1.149,0.333,2.43,0,0
MTR-000295,CUS-000295,Rawalpindi,Commercial,458.1,480.0,1.048,0.367,0.35,0,0
MTR-000712,CUS-000712,Lahore,Residential,126.2,133.2,1.056,0.31,0.84,2,0
MTR-000072,CUS-000072,Rawalpindi,Residential,165.0,183.4,1.112,0.259,1.62,1,0
MTR-001952,CUS-001952,Multan,Commercial,970.3,1024.8,1.056,0.265,2.1,1,0
MTR-002269,CUS-002269,Multan,Residential,171.5,174.5,1.018,0.318,1.24,1,0
MTR-002561,CUS-002561,Faisalabad,Residential,241.8,274.2,1.134,0.304,2.28,0,0
MTR-002885,CUS-002885,Rawalpindi,Residential,240.1,228.9,0.953,0.372,1.48,1,0
MTR-000481,CUS-000481,Karachi,Residential,218.2,217.8,0.998,0.262,3.7,1,0
MTR-002218,CUS-002218,Multan,Residential,257.6,283.1,1.099,0.203,1.79,0,0
MTR-001530,CUS-001530,Rawalpindi,Residential,207.3,188.3,0.908,0.329,2.43,1,0
MTR-002115,CUS-002115,Karachi,Residential,255.9,299.7,1.171,0.262,1.78,0,0
MTR-001514,CUS-001514,Islamabad,Residential,15.0,15.5,1.035,0.363,1.91,0,0
MTR-002960,CUS-002960,Islamabad,Residential,226.5,195.3,0.862,0.301,2.55,0,0
MTR-001490,CUS-001490,Peshawar,Industrial,3125.7,3053.1,0.977,0.352,2.14,0,0
MTR-001171,CUS-001171,Faisalabad,Residential,214.5,178.8,0.834,0.219,1.48,0,0
MTR-002452,CUS-002452,Rawalpindi,Commercial,1247.0,1259.9,1.01,0.311,2.34,0,0
MTR-002429,CUS-002429,Karachi,Residential,250.1,238.7,0.955,0.244,1.84,0,0
MTR-002073,CUS-002073,Rawalpindi,Residential,118.5,106.2,0.896,0.202,2.58,1,0
MTR-002216,CUS-002216,Karachi,Residential,162.0,28.6,0.177,0.804,6.5,2,1
MTR-002271,CUS-002271,Peshawar,Residential,127.7,115.6,0.905,0.256,2.99,0,0
MTR-000405,CUS-000405,Lahore,Residential,166.6,163.0,0.978,0.4,0.94,0,0
MTR-000757,CUS-000757,Karachi,Commercial,1217.3,1163.0,0.955,0.254,0.1,0,0
MTR-001956,CUS-001956,Rawalpindi,Residential,195.8,162.4,0.83,0.198,4.26,0,0
MTR-002184,CUS-002184,Peshawar,Industrial,4116.4,4127.0,1.003,0.311,2.52,1,0
MTR-001951,CUS-001951,Rawalpindi,Residential,167.7,147.9,0.882,0.302,2.38,0,0
MTR-000097,CUS-000097,Faisalabad,Residential,150.9,167.6,1.111,0.261,1.29,0,0
MTR-001333,CUS-001333,Islamabad,Residential,126.3,142.5,1.128,0.287,0.1,0,0
MTR-002389,CUS-002389,Islamabad,Commercial,1298.4,1258.3,0.969,0.378,0.1,0,0
MTR-000743,CUS-000743,Multan,Commercial,884.2,1051.4,1.189,0.354,1.66,1,0
MTR-000806,CUS-000806,Rawalpindi,Commercial,958.2,942.0,0.983,0.347,2.15,0,0
MTR-002769,CUS-002769,Multan,Residential,191.9,162.0,0.844,0.205,3.69,0,0
MTR-001896,CUS-001896,Faisalabad,Residential,78.8,29.9,0.38,0.844,4.6,1,1
MTR-002499,CUS-002499,Multan,Residential,179.3,214.0,1.194,0.384,2.67,0,0
MTR-001535,CUS-001535,Karachi,Residential,147.2,164.8,1.119,0.341,1.47,0,0
MTR-002050,CUS-002050,Peshawar,Residential,113.0,102.6,0.908,0.207,1.54,1,0
MTR-002010,CUS-002010,Peshawar,Residential,34.4,29.3,0.852,0.376,0.53,1,0
MTR-000148,CUS-000148,Lahore,Commercial,1488.9,1426.3,0.958,0.26,0.77,0,0
MTR-002554,CUS-002554,Multan,Residential,163.0,211.4,1.297,0.284,0.76,0,0
MTR-002053,CUS-002053,Islamabad,Residential,211.8,181.9,0.859,0.166,1.64,0,0
MTR-001902,CUS-001902,Multan,Residential,106.2,116.7,1.098,0.201,0.34,0,0
MTR-001315,CUS-001315,Peshawar,Commercial,1263.2,1249.2,0.989,0.335,1.19,1,0
MTR-000692,CUS-000692,Karachi,Residential,376.6,419.3,1.113,0.38,1.96,1,0
MTR-000818,CUS-000818,Lahore,Industrial,1074.3,911.9,0.849,0.355,0.1,0,0
MTR-001728,CUS-001728,Islamabad,Residential,183.2,177.7,0.97,0.352,3.48,0,0
MTR-001386,CUS-001386,Faisalabad,Residential,201.4,179.7,0.892,0.295,3.78,0,0
MTR-002281,CUS-002281,Faisalabad,Commercial,1126.1,1012.4,0.899,0.267,3.03,0,0
MTR-002733,CUS-002733,Peshawar,Residential,205.2,223.3,1.088,0.323,2.39,0,0
MTR-001599,CUS-001599,Multan,Commercial,829.0,717.7,0.866,0.366,2.33,0,0
MTR-002610,CUS-002610,Rawalpindi,Commercial,1085.2,1122.9,1.035,0.3,2.53,0,0
MTR-002457,CUS-002457,Faisalabad,Residential,235.6,237.2,1.007,0.397,2.09,0,0
MTR-000701,CUS-000701,Rawalpindi,Commercial,1393.0,1233.6,0.886,0.283,2.18,0,0
MTR-001878,CUS-001878,Rawalpindi,Residential,155.5,141.7,0.911,0.222,0.34,1,0
MTR-002656,CUS-002656,Multan,Residential,226.6,235.7,1.04,0.299,2.12,0,0
MTR-000921,CUS-000921,Karachi,Residential,87.7,87.4,0.997,0.308,2.5,1,0
MTR-001424,CUS-001424,Islamabad,Residential,203.3,204.2,1.005,0.293,2.34,0,0
MTR-001708,CUS-001708,Faisalabad,Residential,228.9,222.5,0.972,0.402,3.15,0,0
MTR-000905,CUS-000905,Islamabad,Residential,159.6,153.9,0.964,0.364,3.47,0,0
MTR-000454,CUS-000454,Rawalpindi,Residential,227.2,226.6,0.997,0.186,1.47,0,0
MTR-002185,CUS-002185,Rawalpindi,Residential,94.8,111.2,1.173,0.423,0.87,0,0
MTR-002304,CUS-002304,Lahore,Residential,169.8,180.6,1.063,0.081,3.26,0,0
MTR-001771,CUS-001771,Peshawar,Commercial,1177.3,1158.8,0.984,0.472,2.67,0,0
MTR-000167,CUS-000167,Islamabad,Commercial,873.4,760.0,0.87,0.277,1.43,0,0
MTR-000730,CUS-000730,Multan,Residential,192.1,182.4,0.95,0.285,1.78,1,0
MTR-002188,CUS-002188,Karachi,Residential,206.2,183.4,0.89,0.295,1.7,1,0
MTR-001310,CUS-001310,Lahore,Residential,295.5,267.3,0.904,0.331,2.27,0,0
MTR-000026,CUS-000026,Faisalabad,Residential,229.5,178.0,0.776,0.3,3.44,0,0
MTR-002059,CUS-002059,Islamabad,Residential,127.2,127.0,0.999,0.289,1.1,0,0
MTR-001652,CUS-001652,Karachi,Residential,144.6,180.5,1.248,0.405,2.29,0,0
MTR-001622,CUS-001622,Peshawar,Residential,179.1,183.3,1.024,0.345,2.26,0,0
MTR-000587,CUS-000587,Multan,Commercial,1186.6,1290.2,1.087,0.223,0.1,0,0
MTR-002016,CUS-002016,Peshawar,Residential,268.3,299.2,1.115,0.359,4.5,0,0
MTR-000997,CUS-000997,Karachi,Residential,121.3,117.1,0.966,0.342,2.21,1,0
MTR-001176,CUS-001176,Karachi,Commercial,1219.5,1187.3,0.974,0.256,3.16,0,0
MTR-001700,CUS-001700,Lahore,Commercial,915.3,761.9,0.832,0.363,0.38,0,0
MTR-001040,CUS-001040,Multan,Residential,148.1,151.6,1.024,0.287,3.93,0,0
MTR-000033,CUS-000033,Multan,Industrial,3575.5,3599.5,1.007,0.282,1.65,0,0
MTR-001809,CUS-001809,Peshawar,Residential,230.5,206.8,0.897,0.28,0.1,0,0
MTR-002626,CUS-002626,Karachi,Residential,178.2,202.8,1.138,0.106,0.58,0,0
MTR-001379,CUS-001379,Peshawar,Residential,253.5,229.9,0.907,0.258,0.77,0,0
MTR-000041,CUS-000041,Lahore,Commercial,1011.4,1357.0,1.342,0.357,1.23,0,0
MTR-001791,CUS-001791,Islamabad,Residential,148.7,155.9,1.048,0.298,0.71,0,0
MTR-002189,CUS-002189,Lahore,Residential,135.0,134.6,0.997,0.197,2.81,1,0
MTR-002606,CUS-002606,Faisalabad,Residential,235.7,290.5,1.233,0.377,2.18,0,0
MTR-001972,CUS-001972,Karachi,Industrial,2354.7,1709.6,0.726,0.276,2.51,1,0
MTR-002289,CUS-002289,Multan,Industrial,7197.6,6950.4,0.966,0.202,2.43,1,0
MTR-001925,CUS-001925,Peshawar,Commercial,1413.1,1339.6,0.948,0.476,1.75,0,0
MTR-000609,CUS-000609,Karachi,Residential,184.4,180.4,0.978,0.216,0.44,0,0
MTR-001132,CUS-001132,Karachi,Residential,185.2,190.2,1.027,0.37,0.49,0,0
MTR-000028,CUS-000028,Lahore,Residential,172.8,168.4,0.975,0.238,0.53,1,0
MTR-000441,CUS-000441,Faisalabad,Residential,211.6,247.2,1.168,0.311,0.91,0,0
MTR-002355,CUS-002355,Islamabad,Commercial,948.7,998.3,1.052,0.228,3.69,0,0
MTR-002798,CUS-002798,Multan,Residential,202.3,214.0,1.058,0.201,0.5,1,0
MTR-000493,CUS-000493,Multan,Residential,231.8,244.7,1.055,0.342,3.48,1,0
MTR-001258,CUS-001258,Islamabad,Residential,125.2,105.8,0.845,0.332,0.95,1,0
MTR-001301,CUS-001301,Karachi,Residential,119.5,122.4,1.024,0.392,0.64,1,0
MTR-002365,CUS-002365,Karachi,Residential,252.7,259.9,1.028,0.297,2.42,1,0
MTR-001382,CUS-001382,Islamabad,Residential,83.0,71.8,0.865,0.478,3.27,0,0
MTR-001304,CUS-001304,Faisalabad,Residential,255.3,282.4,1.106,0.321,0.38,0,0
MTR-000236,CUS-000236,Lahore,Residential,165.0,124.7,0.756,0.345,1.91,1,0
MTR-000551,CUS-000551,Karachi,Residential,155.0,201.9,1.302,0.191,3.19,0,0
MTR-000520,CUS-000520,Islamabad,Residential,278.4,277.1,0.995,0.251,2.91,0,0
MTR-002446,CUS-002446,Rawalpindi,Residential,159.4,143.0,0.897,0.342,0.46,0,0
MTR-001232,CUS-001232,Islamabad,Residential,149.1,160.2,1.074,0.293,1.8,0,0
MTR-001138,CUS-001138,Lahore,Commercial,1550.8,1667.3,1.075,0.315,0.39,0,0
MTR-000720,CUS-000720,Rawalpindi,Residential,95.7,119.2,1.246,0.235,2.37,0,0
MTR-000735,CUS-000735,Multan,Residential,258.4,313.7,1.214,0.31,2.17,0,0
MTR-002653,CUS-002653,Faisalabad,Commercial,400.1,336.3,0.84,0.309,2.57,0,0
MTR-001750,CUS-001750,Faisalabad,Residential,24.0,23.2,0.968,0.206,1.04,0,0
MTR-000058,CUS-000058,Multan,Residential,197.4,175.9,0.891,0.351,1.3,0,0
MTR-000631,CUS-000631,Islamabad,Residential,268.2,292.1,1.089,0.164,2.99,0,0
MTR-001181,CUS-001181,Peshawar,Residential,198.0,231.6,1.17,0.315,3.03,0,0
MTR-002203,CUS-002203,Rawalpindi,Residential,210.9,177.6,0.842,0.441,3.67,1,0
MTR-000592,CUS-000592,Karachi,Residential,178.7,177.3,0.992,0.354,3.42,1,0
MTR-001303,CUS-001303,Islamabad,Commercial,150.2,138.8,0.924,0.354,0.35,0,0
MTR-001387,CUS-001387,Peshawar,Residential,177.0,194.9,1.101,0.228,3.22,0,0
MTR-002615,CUS-002615,Karachi,Residential,145.4,152.5,1.049,0.442,1.97,0,0
MTR-002630,CUS-002630,Faisalabad,Residential,162.4,185.3,1.141,0.41,2.73,0,0
MTR-001845,CUS-001845,Lahore,Industrial,4144.9,3935.5,0.949,0.233,1.66,1,0
MTR-000939,CUS-000939,Islamabad,Residential,186.5,183.9,0.986,0.262,1.09,0,0
MTR-002788,CUS-002788,Peshawar,Commercial,1471.7,1541.3,1.047,0.4,1.72,0,0
MTR-001249,CUS-001249,Rawalpindi,Industrial,6288.6,6084.1,0.967,0.444,2.06,2,0
MTR-000904,CUS-000904,Islamabad,Residential,177.4,183.8,1.036,0.199,2.29,1,0
MTR-002543,CUS-002543,Islamabad,Residential,99.6,114.8,1.152,0.22,2.97,0,0
MTR-001279,CUS-001279,Karachi,Residential,176.5,221.7,1.256,0.288,0.96,0,0
MTR-002402,CUS-002402,Lahore,Residential,204.7,192.7,0.941,0.126,0.88,0,0
MTR-002959,CUS-002959,Karachi,Industrial,4469.1,5620.8,1.258,0.302,0.37,0,0
MTR-002126,CUS-002126,Karachi,Residential,282.7,265.7,0.94,0.395,1.78,2,0
MTR-002387,CUS-002387,Islamabad,Industrial,1985.4,2192.4,1.104,0.185,1.13,0,0
MTR-002042,CUS-002042,Karachi,Residential,277.7,261.2,0.941,0.31,1.67,0,0
MTR-001142,CUS-001142,Lahore,Residential,225.8,197.9,0.876,0.253,2.02,0,0
MTR-002381,CUS-002381,Islamabad,Residential,215.9,247.6,1.147,0.431,0.22,2,0
MTR-000706,CUS-000706,Lahore,Residential,163.4,162.4,0.994,0.254,1.44,0,0
MTR-002641,CUS-002641,Islamabad,Residential,218.7,252.4,1.154,0.422,2.36,0,0
MTR-001022,CUS-001022,Karachi,Industrial,7589.4,8274.3,1.09,0.252,2.07,0,0
MTR-000745,CUS-000745,Lahore,Commercial,1100.9,1155.2,1.049,0.362,1.63,0,0
MTR-001546,CUS-001546,Multan,Residential,102.8,109.6,1.066,0.32,1.96,0,0
MTR-002357,CUS-002357,Faisalabad,Residential,135.4,153.1,1.131,0.289,1.73,0,0
MTR-002046,CUS-002046,Faisalabad,Residential,148.2,164.7,1.111,0.237,1.0,2,0
MTR-000513,CUS-000513,Islamabad,Residential,80.4,34.2,0.426,0.852,5.9,2,1
MTR-000081,CUS-000081,Karachi,Residential,251.9,264.7,1.051,0.265,4.69,0,0
MTR-002661,CUS-002661,Multan,Residential,113.5,133.9,1.18,0.245,2.63,1,0
MTR-001308,CUS-001308,Multan,Residential,137.9,138.6,1.005,0.418,3.08,0,0
MTR-002495,CUS-002495,Multan,Residential,194.8,183.3,0.941,0.344,2.6,2,0
MTR-000914,CUS-000914,Islamabad,Industrial,547.8,235.3,0.43,0.611,6.25,2,1
MTR-001404,CUS-001404,Islamabad,Commercial,789.7,144.0,0.182,0.619,6.7,3,1
MTR-001647,CUS-001647,Rawalpindi,Residential,110.5,107.3,0.971,0.285,0.1,0,0
MTR-002760,CUS-002760,Faisalabad,Residential,262.7,274.1,1.043,0.28,1.16,0,0
MTR-001108,CUS-001108,Faisalabad,Residential,229.1,221.2,0.965,0.327,2.24,0,0
MTR-000150,CUS-000150,Islamabad,Commercial,1158.6,1321.8,1.141,0.351,2.21,0,0
MTR-002726,CUS-002726,Peshawar,Residential,158.7,161.6,1.018,0.298,2.13,1,0
MTR-000774,CUS-000774,Islamabad,Residential,147.5,172.8,1.171,0.237,0.88,1,0
MTR-000329,CUS-000329,Multan,Residential,154.2,179.9,1.167,0.361,1.44,0,0
MTR-000006,CUS-000006,Lahore,Commercial,497.7,492.4,0.989,0.303,2.25,0,0
MTR-000943,CUS-000943,Lahore,Residential,55.9,64.8,1.16,0.185,2.04,0,0
MTR-000822,CUS-000822,Faisalabad,Residential,163.8,157.2,0.959,0.129,2.78,0,0
MTR-000734,CUS-000734,Islamabad,Commercial,318.5,328.7,1.032,0.324,0.93,1,0
MTR-000909,CUS-000909,Karachi,Industrial,4459.0,4041.8,0.906,0.234,2.49,1,0
MTR-000468,CUS-000468,Lahore,Industrial,5022.5,5380.2,1.071,0.334,1.43,0,0
MTR-000181,CUS-000181,Lahore,Residential,272.7,282.6,1.036,0.238,1.64,1,0
MTR-000164,CUS-000164,Faisalabad,Residential,132.9,141.1,1.062,0.311,1.94,0,0
MTR-001523,CUS-001523,Multan,Industrial,4273.8,3576.3,0.837,0.27,0.27,0,0
MTR-000451,CUS-000451,Peshawar,Residential,198.2,150.9,0.761,0.44,2.13,1,0
MTR-000490,CUS-000490,Karachi,Residential,305.3,263.8,0.864,0.376,3.26,0,0
MTR-002004,CUS-002004,Lahore,Residential,76.6,81.2,1.06,0.408,0.78,0,0
MTR-001143,CUS-001143,Rawalpindi,Residential,250.5,270.7,1.081,0.302,3.86,1,0
MTR-001311,CUS-001311,Islamabad,Residential,113.8,129.2,1.136,0.366,1.35,0,0
MTR-002242,CUS-002242,Multan,Residential,112.7,107.2,0.951,0.307,2.59,0,0
MTR-001111,CUS-001111,Karachi,Residential,159.5,163.5,1.025,0.418,0.68,0,0
MTR-002854,CUS-002854,Islamabad,Residential,200.1,183.3,0.916,0.294,4.16,0,0
MTR-001977,CUS-001977,Faisalabad,Residential,111.4,129.7,1.164,0.188,0.94,0,0
MTR-001441,CUS-001441,Rawalpindi,Commercial,1756.1,1606.6,0.915,0.14,2.21,0,0
MTR-001889,CUS-001889,Islamabad,Residential,162.8,185.8,1.141,0.433,1.46,0,0
MTR-001006,CUS-001006,Lahore,Residential,213.0,206.6,0.97,0.338,1.95,0,0
MTR-001627,CUS-001627,Peshawar,Residential,166.7,198.2,1.189,0.344,2.11,1,0
MTR-001632,CUS-001632,Islamabad,Residential,104.0,106.3,1.022,0.419,1.67,0,0
MTR-001074,CUS-001074,Lahore,Commercial,1105.5,1126.9,1.019,0.168,1.32,0,0
MTR-000578,CUS-000578,Rawalpindi,Residential,169.6,154.3,0.91,0.271,1.95,0,0
MTR-002727,CUS-002727,Faisalabad,Commercial,622.1,197.5,0.317,0.556,4.31,1,1
MTR-002345,CUS-002345,Peshawar,Residential,58.1,65.0,1.119,0.359,2.32,1,0
MTR-002263,CUS-002263,Rawalpindi,Residential,202.5,214.9,1.061,0.245,2.48,1,0
MTR-002302,CUS-002302,Islamabad,Commercial,1056.7,1087.1,1.029,0.204,2.81,0,0
MTR-000327,CUS-000327,Rawalpindi,Residential,333.9,307.4,0.921,0.203,2.56,0,0
MTR-001790,CUS-001790,Peshawar,Residential,242.0,261.6,1.081,0.392,2.13,0,0
MTR-000442,CUS-000442,Lahore,Residential,186.1,184.6,0.992,0.241,1.74,1,0
MTR-001858,CUS-001858,Karachi,Residential,255.6,257.4,1.007,0.256,0.47,0,0
MTR-002170,CUS-002170,Lahore,Commercial,971.1,1074.9,1.107,0.351,2.16,1,0
MTR-002832,CUS-002832,Rawalpindi,Residential,185.5,191.8,1.034,0.244,3.09,0,0
MTR-000832,CUS-000832,Rawalpindi,Commercial,176.0,176.4,1.002,0.164,1.23,0,0
MTR-002374,CUS-002374,Faisalabad,Residential,15.0,17.6,1.172,0.173,1.33,0,0
MTR-002103,CUS-002103,Rawalpindi,Residential,149.2,134.5,0.902,0.295,3.31,0,0
MTR-001414,CUS-001414,Faisalabad,Residential,71.3,57.1,0.801,0.34,3.63,0,0
MTR-001201,CUS-001201,Karachi,Residential,200.2,181.1,0.904,0.284,1.17,0,0
MTR-002314,CUS-002314,Islamabad,Residential,118.1,120.3,1.018,0.334,4.55,1,0
MTR-001499,CUS-001499,Multan,Residential,195.0,211.3,1.083,0.171,2.42,0,0
MTR-002877,CUS-002877,Rawalpindi,Residential,166.5,151.6,0.911,0.176,2.92,0,0
MTR-000086,CUS-000086,Lahore,Commercial,1266.5,1826.9,1.442,0.48,1.65,1,0
MTR-001403,CUS-001403,Karachi,Commercial,704.3,719.7,1.022,0.399,2.26,0,0
MTR-002926,CUS-002926,Karachi,Commercial,1109.7,1129.9,1.018,0.362,2.43,0,0
MTR-001481,CUS-001481,Karachi,Residential,178.1,150.5,0.845,0.247,1.1,1,0
MTR-000777,CUS-000777,Peshawar,Residential,200.9,166.1,0.827,0.281,3.65,0,0
MTR-000799,CUS-000799,Islamabad,Residential,175.4,137.9,0.786,0.3,1.96,0,0
MTR-001666,CUS-001666,Faisalabad,Residential,339.2,395.0,1.165,0.405,1.5,2,0
MTR-000054,CUS-000054,Peshawar,Residential,194.4,222.7,1.145,0.332,0.84,0,0
MTR-002362,CUS-002362,Rawalpindi,Commercial,775.4,775.3,1.0,0.342,2.56,1,0
MTR-001287,CUS-001287,Islamabad,Residential,165.1,141.0,0.854,0.287,2.26,0,0
MTR-001667,CUS-001667,Karachi,Industrial,5769.2,5577.1,0.967,0.363,1.02,0,0
MTR-002586,CUS-002586,Multan,Residential,222.9,260.9,1.171,0.324,2.14,0,0
MTR-002154,CUS-002154,Lahore,Commercial,563.0,528.9,0.94,0.304,2.49,1,0
MTR-001701,CUS-001701,Faisalabad,Residential,206.4,184.1,0.892,0.241,1.61,0,0
MTR-001245,CUS-001245,Islamabad,Residential,74.4,71.0,0.954,0.291,2.37,0,0
MTR-000113,CUS-000113,Faisalabad,Residential,173.3,167.2,0.965,0.214,2.0,1,0
MTR-002806,CUS-002806,Faisalabad,Residential,142.6,155.2,1.089,0.297,1.78,0,0
MTR-000987,CUS-000987,Rawalpindi,Residential,228.5,168.0,0.735,0.307,1.04,1,0
MTR-000501,CUS-000501,Faisalabad,Residential,136.0,138.8,1.02,0.108,2.2,1,0
MTR-002891,CUS-002891,Peshawar,Residential,15.0,13.7,0.916,0.282,0.1,0,0
MTR-001009,CUS-001009,Islamabad,Residential,149.7,140.1,0.936,0.206,3.44,0,0
MTR-001198,CUS-001198,Lahore,Residential,156.9,171.1,1.091,0.34,3.19,0,0
MTR-001394,CUS-001394,Karachi,Residential,219.8,185.5,0.844,0.351,0.98,1,0
MTR-000589,CUS-000589,Karachi,Residential,244.4,249.7,1.022,0.266,0.56,0,0
MTR-000768,CUS-000768,Karachi,Residential,257.3,272.2,1.058,0.344,3.17,0,0
MTR-000017,CUS-000017,Karachi,Commercial,1728.8,1849.0,1.07,0.347,1.83,1,0
MTR-001042,CUS-001042,Peshawar,Residential,227.8,247.1,1.085,0.282,2.06,0,0
MTR-001447,CUS-001447,Lahore,Commercial,752.8,804.5,1.069,0.423,2.02,1,0
MTR-002463,CUS-002463,Islamabad,Residential,246.8,268.1,1.086,0.242,0.69,0,0
MTR-000285,CUS-000285,Lahore,Residential,231.2,206.8,0.894,0.418,2.79,0,0
MTR-002638,CUS-002638,Lahore,Residential,157.4,183.2,1.164,0.282,2.45,0,0
MTR-000428,CUS-000428,Faisalabad,Commercial,971.7,833.6,0.858,0.233,2.02,0,0
MTR-001328,CUS-001328,Rawalpindi,Residential,136.9,143.0,1.044,0.272,0.1,0,0
MTR-001948,CUS-001948,Faisalabad,Residential,245.5,225.4,0.918,0.212,2.5,0,0
MTR-000669,CUS-000669,Islamabad,Residential,271.4,215.5,0.794,0.363,2.38,0,0
MTR-000031,CUS-000031,Karachi,Commercial,396.0,368.9,0.932,0.172,1.91,0,0
MTR-001341,CUS-001341,Peshawar,Commercial,1411.2,1391.1,0.986,0.411,2.97,0,0
MTR-000722,CUS-000722,Peshawar,Residential,106.3,124.0,1.166,0.225,3.13,1,0
MTR-000951,CUS-000951,Lahore,Residential,109.1,132.9,1.218,0.367,2.34,1,0
MTR-001914,CUS-001914,Lahore,Residential,136.8,134.7,0.984,0.302,0.49,0,0
MTR-002293,CUS-002293,Rawalpindi,Residential,194.7,162.2,0.833,0.322,0.73,1,0
MTR-000214,CUS-000214,Rawalpindi,Commercial,726.2,612.4,0.843,0.253,1.3,0,0
MTR-000989,CUS-000989,Faisalabad,Residential,234.2,255.9,1.093,0.328,1.75,0,0
MTR-001164,CUS-001164,Rawalpindi,Residential,167.5,181.7,1.085,0.311,2.84,0,0
MTR-002792,CUS-002792,Multan,Residential,146.1,135.5,0.927,0.183,2.33,1,0
MTR-002005,CUS-002005,Faisalabad,Residential,194.4,167.0,0.859,0.223,1.83,1,0
MTR-000326,CUS-000326,Faisalabad,Residential,238.8,267.2,1.119,0.257,2.63,0,0
MTR-000560,CUS-000560,Lahore,Commercial,621.9,530.3,0.853,0.24,1.22,3,0
MTR-001383,CUS-001383,Rawalpindi,Industrial,1005.5,951.9,0.947,0.4,2.63,0,0
MTR-001724,CUS-001724,Islamabad,Residential,196.2,207.3,1.057,0.301,2.23,0,0
MTR-001086,CUS-001086,Lahore,Residential,207.1,157.4,0.76,0.238,2.52,0,0
MTR-002683,CUS-002683,Lahore,Commercial,1179.3,1314.2,1.114,0.261,2.85,0,0
MTR-000341,CUS-000341,Rawalpindi,Residential,194.6,250.2,1.286,0.26,1.95,0,0
MTR-001653,CUS-001653,Peshawar,Residential,204.7,207.5,1.014,0.277,0.1,1,0
MTR-000147,CUS-000147,Peshawar,Residential,127.7,127.2,0.996,0.214,1.34,0,0
MTR-002339,CUS-002339,Multan,Residential,184.1,185.1,1.005,0.235,2.78,1,0
MTR-002412,CUS-002412,Islamabad,Residential,124.5,127.9,1.027,0.361,1.44,0,0
MTR-001107,CUS-001107,Rawalpindi,Residential,158.0,144.2,0.912,0.315,1.34,0,0
MTR-000848,CUS-000848,Rawalpindi,Residential,158.4,137.0,0.865,0.288,2.06,0,0
MTR-000966,CUS-000966,Lahore,Residential,100.2,96.0,0.958,0.3,3.09,0,0
MTR-001072,CUS-001072,Multan,Residential,130.6,133.0,1.018,0.296,2.46,0,0
MTR-002464,CUS-002464,Lahore,Residential,135.5,119.3,0.88,0.283,3.74,0,0
MTR-001905,CUS-001905,Rawalpindi,Residential,267.9,224.6,0.838,0.341,2.4,0,0
MTR-000155,CUS-000155,Islamabad,Residential,105.0,99.5,0.947,0.335,2.36,0,0
MTR-000665,CUS-000665,Multan,Commercial,762.3,640.3,0.84,0.174,1.77,0,0
MTR-000661,CUS-000661,Multan,Residential,233.7,252.5,1.081,0.289,0.45,1,0
MTR-001002,CUS-001002,Peshawar,Residential,225.2,132.2,0.587,0.18,2.15,0,0
MTR-002341,CUS-002341,Rawalpindi,Residential,139.7,120.1,0.86,0.351,2.04,1,0
MTR-002516,CUS-002516,Peshawar,Residential,178.8,209.1,1.17,0.361,2.66,0,0
MTR-000176,CUS-000176,Rawalpindi,Industrial,3202.1,573.6,0.179,0.596,6.78,3,1
MTR-002654,CUS-002654,Peshawar,Residential,178.3,57.3,0.322,0.642,8.05,3,1
MTR-001879,CUS-001879,Multan,Residential,161.3,158.8,0.985,0.131,3.14,0,0
MTR-001524,CUS-001524,Karachi,Residential,81.9,75.7,0.925,0.378,1.74,0,0
MTR-002817,CUS-002817,Islamabad,Residential,254.0,287.4,1.131,0.357,2.84,0,0
MTR-001203,CUS-001203,Islamabad,Residential,215.7,200.9,0.931,0.392,3.29,0,0
MTR-000024,CUS-000024,Peshawar,Industrial,1972.0,1775.9,0.901,0.419,1.45,1,0
MTR-002810,CUS-002810,Islamabad,Residential,122.5,132.2,1.079,0.202,1.59,0,0
MTR-002809,CUS-002809,Lahore,Commercial,1158.9,890.4,0.768,0.371,1.23,0,0
MTR-002077,CUS-002077,Rawalpindi,Residential,150.6,145.4,0.966,0.418,0.64,0,0
MTR-002299,CUS-002299,Rawalpindi,Residential,194.6,182.5,0.938,0.18,3.84,0,0
MTR-000875,CUS-000875,Peshawar,Commercial,973.6,938.1,0.964,0.286,5.19,0,0
MTR-002899,CUS-002899,Faisalabad,Residential,168.9,159.0,0.941,0.271,2.21,1,0
MTR-000938,CUS-000938,Peshawar,Commercial,678.8,709.4,1.045,0.368,1.67,0,0
MTR-002697,CUS-002697,Rawalpindi,Residential,230.6,261.0,1.132,0.108,3.74,0,0
MTR-001552,CUS-001552,Faisalabad,Residential,112.1,118.3,1.055,0.445,2.6,0,0
MTR-000346,CUS-000346,Peshawar,Industrial,7780.1,7465.6,0.96,0.291,1.25,0,0
MTR-002507,CUS-002507,Peshawar,Residential,137.3,147.7,1.076,0.373,1.12,0,0
MTR-002971,CUS-002971,Islamabad,Commercial,563.5,614.1,1.09,0.295,2.82,0,0
MTR-002037,CUS-002037,Islamabad,Residential,197.2,77.8,0.394,0.802,7.27,2,1
MTR-001926,CUS-001926,Faisalabad,Residential,164.5,185.2,1.126,0.114,3.12,0,0
MTR-000385,CUS-000385,Multan,Residential,268.9,193.2,0.718,0.269,2.7,1,0
MTR-001829,CUS-001829,Karachi,Residential,227.3,70.8,0.311,0.717,3.64,2,1
MTR-002161,CUS-002161,Peshawar,Residential,152.6,158.2,1.037,0.323,1.23,1,0
MTR-002508,CUS-002508,Multan,Residential,100.1,82.3,0.822,0.169,1.12,0,0
MTR-002196,CUS-002196,Rawalpindi,Commercial,884.1,907.5,1.026,0.305,2.22,1,0
MTR-000243,CUS-000243,Karachi,Residential,278.8,309.4,1.11,0.235,1.88,1,0
MTR-002086,CUS-002086,Rawalpindi,Residential,201.6,196.2,0.973,0.228,1.54,0,0
MTR-001826,CUS-001826,Rawalpindi,Commercial,1130.6,1219.7,1.079,0.178,1.69,0,0
MTR-000936,CUS-000936,Islamabad,Industrial,2693.5,3024.1,1.123,0.349,2.67,0,0
MTR-001689,CUS-001689,Islamabad,Commercial,121.7,141.3,1.161,0.389,1.82,1,0
MTR-002580,CUS-002580,Multan,Residential,200.4,228.3,1.139,0.47,1.32,0,0
MTR-000312,CUS-000312,Faisalabad,Residential,183.1,213.1,1.164,0.182,0.69,0,0
MTR-001459,CUS-001459,Multan,Residential,235.2,221.1,0.94,0.361,1.1,0,0
MTR-002925,CUS-002925,Peshawar,Residential,173.2,165.1,0.953,0.367,3.07,0,0
MTR-002107,CUS-002107,Islamabad,Residential,86.1,60.5,0.703,0.254,1.33,0,0
MTR-001332,CUS-001332,Multan,Industrial,7804.6,6807.0,0.872,0.227,3.81,0,0
MTR-000968,CUS-000968,Lahore,Commercial,1294.1,1483.3,1.146,0.213,2.63,0,0
MTR-001454,CUS-001454,Karachi,Residential,255.8,237.2,0.927,0.258,1.18,0,0
MTR-000660,CUS-000660,Lahore,Commercial,836.9,876.8,1.048,0.316,1.39,0,0
MTR-001934,CUS-001934,Rawalpindi,Residential,222.4,228.8,1.029,0.409,0.1,1,0
MTR-000935,CUS-000935,Peshawar,Residential,272.7,313.3,1.149,0.388,1.56,0,0
MTR-000370,CUS-000370,Peshawar,Commercial,546.8,414.2,0.758,0.171,3.95,0,0
MTR-000566,CUS-000566,Multan,Commercial,1245.3,1298.0,1.042,0.237,3.63,1,0
MTR-001973,CUS-001973,Multan,Commercial,787.9,819.7,1.04,0.404,3.61,1,0
MTR-001854,CUS-001854,Islamabad,Residential,189.7,170.2,0.897,0.242,2.61,0,0
MTR-001024,CUS-001024,Islamabad,Residential,159.3,177.7,1.115,0.295,1.82,0,0
MTR-000824,CUS-000824,Faisalabad,Residential,301.6,251.0,0.832,0.164,2.1,0,0
MTR-000982,CUS-000982,Islamabad,Residential,146.4,165.1,1.128,0.392,2.54,0,0
MTR-002672,CUS-002672,Peshawar,Residential,202.2,149.9,0.741,0.147,1.98,0,0
MTR-002956,CUS-002956,Faisalabad,Industrial,3978.6,3546.6,0.891,0.169,1.21,0,0
MTR-001645,CUS-001645,Rawalpindi,Commercial,843.2,829.0,0.983,0.384,1.93,0,0
MTR-002582,CUS-002582,Lahore,Residential,150.9,154.8,1.026,0.454,0.65,0,0
MTR-002245,CUS-002245,Rawalpindi,Commercial,1279.5,992.7,0.776,0.277,2.59,1,0
MTR-002118,CUS-002118,Rawalpindi,Commercial,1473.5,1657.9,1.125,0.296,1.09,0,0
MTR-000813,CUS-000813,Islamabad,Residential,122.7,133.8,1.09,0.373,2.57,0,0
MTR-001792,CUS-001792,Multan,Residential,170.6,70.2,0.412,0.815,6.8,1,1
MTR-001430,CUS-001430,Faisalabad,Residential,138.7,150.4,1.084,0.27,1.83,0,0
MTR-000778,CUS-000778,Karachi,Industrial,5067.6,4619.8,0.912,0.261,2.27,0,0
MTR-001749,CUS-001749,Multan,Residential,223.3,87.2,0.391,0.72,5.06,2,1
MTR-001320,CUS-001320,Faisalabad,Residential,176.3,167.4,0.95,0.319,2.64,0,0
MTR-002399,CUS-002399,Peshawar,Residential,173.1,218.4,1.262,0.293,2.45,0,0
MTR-002871,CUS-002871,Faisalabad,Residential,325.1,327.0,1.006,0.265,1.58,1,0
MTR-001052,CUS-001052,Peshawar,Commercial,944.3,954.5,1.011,0.22,1.41,3,0
MTR-002321,CUS-002321,Faisalabad,Residential,247.9,288.9,1.166,0.228,1.34,0,0
MTR-001013,CUS-001013,Peshawar,Residential,56.3,48.4,0.86,0.349,1.2,0,0
MTR-001928,CUS-001928,Peshawar,Residential,290.4,309.2,1.065,0.371,4.1,1,0
MTR-001401,CUS-001401,Karachi,Residential,110.5,25.7,0.233,0.744,5.12,1,1
MTR-001822,CUS-001822,Karachi,Commercial,991.8,1105.7,1.115,0.265,3.09,2,0
MTR-002247,CUS-002247,Faisalabad,Industrial,6624.9,7302.5,1.102,0.232,2.16,0,0
MTR-002493,CUS-002493,Rawalpindi,Residential,202.9,201.5,0.993,0.375,1.64,0,0
MTR-002591,CUS-002591,Peshawar,Commercial,1351.6,1127.3,0.834,0.302,2.19,0,0
MTR-000126,CUS-000126,Faisalabad,Residential,82.3,76.7,0.932,0.329,2.25,2,0
MTR-002091,CUS-002091,Rawalpindi,Commercial,887.7,977.4,1.101,0.329,0.24,0,0
MTR-002134,CUS-002134,Lahore,Residential,369.0,451.1,1.223,0.275,1.92,0,0
MTR-000887,CUS-000887,Faisalabad,Residential,228.5,195.0,0.853,0.207,2.01,0,0
MTR-002456,CUS-002456,Islamabad,Residential,123.7,104.6,0.845,0.22,1.67,0,0
MTR-001347,CUS-001347,Lahore,Industrial,5355.4,4343.9,0.811,0.39,0.1,0,0
MTR-001007,CUS-001007,Lahore,Residential,140.4,127.5,0.908,0.242,1.67,2,0
MTR-000355,CUS-000355,Islamabad,Residential,226.2,251.9,1.114,0.267,3.61,0,0
MTR-001003,CUS-001003,Islamabad,Residential,188.0,217.7,1.158,0.209,2.55,0,0
MTR-001483,CUS-001483,Multan,Residential,150.3,112.8,0.751,0.203,0.95,1,0
MTR-000682,CUS-000682,Peshawar,Residential,211.9,181.3,0.855,0.238,2.89,0,0
MTR-000827,CUS-000827,Faisalabad,Residential,202.3,168.5,0.833,0.435,0.89,0,0
MTR-002850,CUS-002850,Karachi,Residential,138.4,124.0,0.896,0.353,2.27,0,0
MTR-002204,CUS-002204,Lahore,Residential,71.2,69.3,0.973,0.258,2.28,2,0
MTR-002691,CUS-002691,Karachi,Residential,85.9,81.8,0.952,0.387,1.63,1,0
MTR-000984,CUS-000984,Peshawar,Residential,167.9,178.3,1.062,0.288,3.04,0,0
MTR-001233,CUS-001233,Islamabad,Residential,179.8,138.2,0.769,0.408,2.75,0,0
MTR-002553,CUS-002553,Lahore,Commercial,1296.1,1215.1,0.938,0.477,1.22,0,0
MTR-001639,CUS-001639,Multan,Industrial,4095.2,4766.7,1.164,0.382,1.71,0,0
MTR-000140,CUS-000140,Peshawar,Residential,132.4,154.7,1.169,0.308,1.14,1,0
MTR-000217,CUS-000217,Peshawar,Commercial,1125.5,1350.3,1.2,0.356,1.43,0,0
MTR-002465,CUS-002465,Peshawar,Residential,188.4,197.3,1.047,0.301,2.65,0,0
MTR-000362,CUS-000362,Islamabad,Residential,15.0,13.8,0.921,0.153,1.99,0,0
MTR-002664,CUS-002664,Islamabad,Residential,129.3,132.0,1.021,0.248,3.03,0,0
MTR-000345,CUS-000345,Rawalpindi,Residential,64.4,83.9,1.303,0.224,0.42,0,0
MTR-002058,CUS-002058,Islamabad,Industrial,5040.3,4719.4,0.936,0.246,2.28,0,0
MTR-000022,CUS-000022,Lahore,Residential,197.4,240.8,1.22,0.443,2.83,2,0
MTR-000711,CUS-000711,Islamabad,Residential,266.1,188.3,0.708,0.39,2.1,1,0
MTR-002949,CUS-002949,Rawalpindi,Residential,239.4,255.8,1.069,0.335,0.64,1,0
MTR-000010,CUS-000010,Faisalabad,Residential,97.1,104.6,1.078,0.365,0.95,0,0
MTR-002416,CUS-002416,Faisalabad,Residential,162.6,169.9,1.045,0.149,2.91,0,0
MTR-001834,CUS-001834,Rawalpindi,Residential,138.0,46.8,0.339,0.589,5.46,2,1
MTR-000793,CUS-000793,Rawalpindi,Residential,90.4,96.1,1.063,0.375,1.22,0,0
MTR-002765,CUS-002765,Peshawar,Residential,185.1,197.8,1.068,0.121,1.66,0,0
MTR-000094,CUS-000094,Rawalpindi,Residential,55.6,53.4,0.96,0.361,1.75,0,0
MTR-000129,CUS-000129,Karachi,Residential,227.9,220.5,0.967,0.186,3.19,0,0
MTR-001900,CUS-001900,Karachi,Residential,282.4,236.3,0.837,0.142,0.25,0,0
MTR-002409,CUS-002409,Peshawar,Residential,163.2,177.5,1.088,0.406,2.58,0,0
MTR-001932,CUS-001932,Karachi,Residential,251.8,291.1,1.156,0.219,3.46,0,0
MTR-002669,CUS-002669,Karachi,Residential,149.2,180.4,1.209,0.243,2.95,0,0
MTR-001865,CUS-001865,Faisalabad,Residential,186.1,167.8,0.901,0.379,4.32,2,0
MTR-001658,CUS-001658,Karachi,Residential,152.2,120.7,0.793,0.276,1.54,1,0
MTR-000516,CUS-000516,Rawalpindi,Residential,112.7,117.8,1.045,0.286,2.89,2,0
MTR-001857,CUS-001857,Peshawar,Residential,169.2,145.7,0.861,0.284,1.91,0,0
MTR-001277,CUS-001277,Karachi,Residential,183.3,195.9,1.069,0.328,1.48,0,0
MTR-000950,CUS-000950,Faisalabad,Residential,56.8,41.8,0.735,0.282,0.1,0,0
MTR-001120,CUS-001120,Karachi,Residential,172.9,195.5,1.13,0.309,1.54,0,0
MTR-000419,CUS-000419,Islamabad,Residential,254.8,259.5,1.018,0.26,3.07,1,0
MTR-000922,CUS-000922,Peshawar,Residential,218.8,168.4,0.769,0.328,0.28,2,0
MTR-002728,CUS-002728,Islamabad,Residential,170.3,176.5,1.036,0.325,4.1,0,0
MTR-000477,CUS-000477,Lahore,Residential,204.9,207.2,1.011,0.452,2.41,0,0
MTR-002035,CUS-002035,Multan,Residential,166.5,176.9,1.063,0.269,0.89,0,0
MTR-002177,CUS-002177,Lahore,Residential,278.8,305.6,1.096,0.285,2.23,2,0
MTR-001692,CUS-001692,Karachi,Residential,307.2,218.1,0.71,0.319,2.69,0,0
MTR-002212,CUS-002212,Islamabad,Residential,160.0,151.0,0.943,0.377,1.51,0,0
MTR-001471,CUS-001471,Karachi,Residential,164.4,162.6,0.989,0.213,1.38,0,0
MTR-001202,CUS-001202,Multan,Industrial,3430.6,3309.0,0.965,0.308,3.97,1,0
MTR-001669,CUS-001669,Rawalpindi,Residential,223.0,213.6,0.958,0.099,1.66,0,0
MTR-002774,CUS-002774,Islamabad,Residential,113.4,127.7,1.127,0.278,1.86,0,0
MTR-001970,CUS-001970,Rawalpindi,Residential,193.4,153.2,0.792,0.386,3.32,0,0
MTR-000820,CUS-000820,Faisalabad,Residential,168.8,162.9,0.965,0.242,1.93,0,0
MTR-001997,CUS-001997,Karachi,Commercial,785.0,765.0,0.975,0.314,2.76,0,0
MTR-002868,CUS-002868,Karachi,Residential,240.0,236.8,0.987,0.258,1.53,0,0
MTR-001248,CUS-001248,Karachi,Commercial,1110.5,980.3,0.883,0.231,1.3,0,0
MTR-002872,CUS-002872,Faisalabad,Residential,298.8,375.6,1.257,0.378,2.38,0,0
MTR-002649,CUS-002649,Islamabad,Residential,206.9,31.5,0.152,0.822,6.98,2,1
MTR-001046,CUS-001046,Multan,Residential,258.0,326.5,1.265,0.323,2.41,1,0
MTR-001888,CUS-001888,Lahore,Residential,248.8,267.9,1.077,0.325,1.08,0,0
MTR-000615,CUS-000615,Karachi,Residential,153.0,167.0,1.091,0.232,2.4,1,0
MTR-001318,CUS-001318,Multan,Residential,251.9,251.8,0.999,0.312,3.24,0,0
MTR-002884,CUS-002884,Lahore,Residential,70.5,83.7,1.188,0.225,0.1,0,0
MTR-002460,CUS-002460,Multan,Residential,166.1,177.4,1.068,0.342,1.59,0,0
MTR-001772,CUS-001772,Multan,Residential,251.8,246.0,0.977,0.195,0.1,1,0
MTR-002951,CUS-002951,Faisalabad,Residential,192.2,234.8,1.222,0.273,1.71,1,0
MTR-000131,CUS-000131,Faisalabad,Residential,172.8,145.8,0.844,0.28,2.34,0,0
MTR-000077,CUS-000077,Rawalpindi,Residential,222.9,59.9,0.269,0.815,3.94,2,1
MTR-002052,CUS-002052,Islamabad,Residential,204.9,274.0,1.337,0.311,0.1,0,0
MTR-000724,CUS-000724,Peshawar,Commercial,642.1,693.8,1.08,0.376,2.9,0,0
MTR-001314,CUS-001314,Lahore,Industrial,3297.3,2255.4,0.684,0.344,0.54,0,0
MTR-001851,CUS-001851,Rawalpindi,Residential,161.5,181.2,1.122,0.344,2.84,0,0
MTR-002296,CUS-002296,Multan,Commercial,455.0,399.1,0.877,0.273,1.25,0,0
MTR-002486,CUS-002486,Rawalpindi,Residential,138.3,128.8,0.931,0.382,1.13,0,0
MTR-001372,CUS-001372,Faisalabad,Residential,181.9,237.6,1.306,0.272,2.01,0,0
MTR-001855,CUS-001855,Karachi,Commercial,1229.0,1473.2,1.199,0.162,3.07,0,0
MTR-001319,CUS-001319,Lahore,Residential,178.9,221.8,1.24,0.283,3.96,0,0
MTR-002874,CUS-002874,Peshawar,Industrial,2944.1,2729.5,0.927,0.336,1.59,0,0
MTR-002171,CUS-002171,Islamabad,Residential,203.9,196.8,0.965,0.171,0.7,0,0
MTR-000375,CUS-000375,Rawalpindi,Residential,216.7,222.4,1.026,0.229,2.35,0,0
MTR-001908,CUS-001908,Faisalabad,Residential,103.8,114.6,1.104,0.202,0.66,0,0
MTR-000333,CUS-000333,Lahore,Residential,278.0,266.6,0.959,0.363,2.74,0,0
MTR-002251,CUS-002251,Multan,Residential,210.2,257.6,1.225,0.434,2.44,0,0
MTR-002736,CUS-002736,Lahore,Residential,181.5,192.2,1.059,0.283,3.35,0,0
MTR-001604,CUS-001604,Faisalabad,Residential,271.1,319.6,1.179,0.343,3.05,0,0
MTR-001118,CUS-001118,Rawalpindi,Residential,218.8,198.3,0.906,0.34,2.14,0,0
MTR-002828,CUS-002828,Islamabad,Commercial,644.3,611.9,0.95,0.424,2.03,1,0
MTR-001943,CUS-001943,Faisalabad,Residential,121.2,124.8,1.029,0.248,1.11,1,0
MTR-002261,CUS-002261,Faisalabad,Residential,163.7,154.7,0.945,0.282,1.09,0,0
MTR-002549,CUS-002549,Karachi,Industrial,4139.0,4659.4,1.126,0.273,1.96,1,0
MTR-001342,CUS-001342,Karachi,Residential,231.9,261.6,1.128,0.306,0.92,0,0
MTR-000320,CUS-000320,Islamabad,Residential,206.3,200.4,0.971,0.5,1.73,0,0
MTR-001619,CUS-001619,Multan,Residential,164.4,177.4,1.079,0.302,1.53,0,0
MTR-002447,CUS-002447,Faisalabad,Residential,223.8,278.6,1.245,0.232,2.59,0,0
MTR-002060,CUS-002060,Rawalpindi,Residential,197.9,222.7,1.125,0.208,1.98,2,0
MTR-001673,CUS-001673,Lahore,Residential,213.1,229.8,1.078,0.4,2.99,1,0
MTR-001942,CUS-001942,Faisalabad,Residential,97.8,113.0,1.155,0.231,1.7,0,0
MTR-000260,CUS-000260,Multan,Industrial,8100.3,9734.1,1.202,0.353,0.83,0,0
MTR-002354,CUS-002354,Peshawar,Residential,95.0,112.3,1.182,0.246,2.55,0,0
MTR-002039,CUS-002039,Lahore,Residential,262.6,260.3,0.991,0.199,1.88,0,0
MTR-000689,CUS-000689,Rawalpindi,Residential,252.4,279.7,1.108,0.348,1.73,0,0
MTR-000901,CUS-000901,Lahore,Residential,199.0,191.9,0.964,0.25,1.58,0,0
MTR-002026,CUS-002026,Lahore,Residential,248.5,246.9,0.993,0.334,1.99,0,0
MTR-000138,CUS-000138,Peshawar,Residential,206.6,218.5,1.058,0.34,1.73,1,0
MTR-001917,CUS-001917,Karachi,Commercial,797.2,658.6,0.826,0.344,2.52,0,0
MTR-001828,CUS-001828,Rawalpindi,Residential,198.3,207.1,1.044,0.279,2.74,0,0
MTR-001573,CUS-001573,Rawalpindi,Residential,173.0,158.6,0.917,0.355,1.63,1,0
MTR-000319,CUS-000319,Lahore,Residential,305.1,261.7,0.858,0.226,4.0,0,0
MTR-000653,CUS-000653,Multan,Residential,122.7,134.4,1.095,0.104,1.43,0,0
MTR-002137,CUS-002137,Multan,Residential,243.1,235.5,0.969,0.357,2.02,0,0
MTR-002322,CUS-002322,Multan,Residential,201.9,207.2,1.026,0.313,0.38,0,0
MTR-000558,CUS-000558,Karachi,Residential,225.3,218.9,0.972,0.251,1.9,1,0
MTR-000112,CUS-000112,Rawalpindi,Residential,358.7,332.2,0.926,0.182,1.8,1,0
MTR-000531,CUS-000531,Lahore,Residential,133.5,135.4,1.014,0.137,1.95,0,0
MTR-000224,CUS-000224,Islamabad,Industrial,3239.8,2710.2,0.837,0.304,2.98,0,0
MTR-000723,CUS-000723,Peshawar,Residential,181.8,179.7,0.988,0.432,3.68,0,0
MTR-002428,CUS-002428,Karachi,Residential,143.9,178.1,1.238,0.289,3.11,0,0
MTR-002570,CUS-002570,Faisalabad,Residential,172.5,38.2,0.221,0.658,6.68,2,1
MTR-001433,CUS-001433,Lahore,Residential,119.7,140.2,1.171,0.298,2.2,1,0
MTR-002329,CUS-002329,Peshawar,Residential,116.7,145.9,1.25,0.474,3.52,0,0
MTR-001458,CUS-001458,Faisalabad,Residential,180.4,163.4,0.906,0.36,1.0,0,0
MTR-002701,CUS-002701,Multan,Residential,171.2,177.9,1.039,0.225,2.78,0,0
MTR-000846,CUS-000846,Faisalabad,Residential,179.4,151.4,0.844,0.302,1.11,0,0
MTR-000193,CUS-000193,Karachi,Commercial,1062.2,877.5,0.826,0.327,3.14,0,0
MTR-001464,CUS-001464,Peshawar,Residential,261.7,266.9,1.02,0.215,1.87,0,0
MTR-000946,CUS-000946,Rawalpindi,Residential,74.1,77.7,1.049,0.361,1.12,1,0
MTR-002021,CUS-002021,Faisalabad,Residential,306.1,285.3,0.932,0.235,1.34,0,0
MTR-001629,CUS-001629,Peshawar,Commercial,786.1,679.4,0.864,0.179,1.5,0,0
MTR-000117,CUS-000117,Lahore,Residential,136.8,123.9,0.906,0.306,2.95,0,0
MTR-000645,CUS-000645,Multan,Residential,182.1,201.6,1.107,0.293,3.34,0,0
MTR-001870,CUS-001870,Rawalpindi,Industrial,2460.8,2726.0,1.108,0.3,1.6,0,0
MTR-000003,CUS-000003,Faisalabad,Residential,239.0,257.4,1.077,0.239,1.13,0,0
MTR-000074,CUS-000074,Faisalabad,Residential,180.6,172.2,0.954,0.25,4.03,0,0
MTR-001755,CUS-001755,Karachi,Residential,245.0,213.4,0.871,0.39,2.82,1,0
MTR-000467,CUS-000467,Lahore,Residential,133.1,154.1,1.158,0.335,1.22,0,0
MTR-000005,CUS-000005,Islamabad,Commercial,811.1,970.8,1.197,0.223,2.36,0,0
MTR-001246,CUS-001246,Islamabad,Residential,123.4,115.6,0.937,0.144,1.59,0,0
MTR-000919,CUS-000919,Islamabad,Residential,140.0,137.3,0.981,0.227,0.71,0,0
MTR-000228,CUS-000228,Rawalpindi,Residential,115.2,94.9,0.824,0.313,1.69,0,0
MTR-001063,CUS-001063,Rawalpindi,Residential,200.9,213.8,1.064,0.249,0.63,1,0
MTR-000242,CUS-000242,Karachi,Residential,220.7,275.7,1.249,0.243,1.52,0,0
MTR-002279,CUS-002279,Rawalpindi,Residential,186.9,208.1,1.113,0.253,1.61,0,0
MTR-001160,CUS-001160,Peshawar,Residential,83.3,35.9,0.431,0.665,4.91,1,1
MTR-002513,CUS-002513,Peshawar,Residential,230.5,219.7,0.953,0.363,2.91,0,0
MTR-001526,CUS-001526,Karachi,Commercial,626.7,528.4,0.843,0.3,2.4,1,0
MTR-001605,CUS-001605,Faisalabad,Commercial,750.4,885.9,1.181,0.305,1.36,1,0
MTR-002784,CUS-002784,Faisalabad,Residential,149.1,152.2,1.021,0.282,2.32,0,0
MTR-002666,CUS-002666,Faisalabad,Residential,126.4,112.9,0.893,0.26,3.31,0,0
MTR-002665,CUS-002665,Lahore,Industrial,5397.3,6610.0,1.225,0.372,1.17,0,0
MTR-001989,CUS-001989,Peshawar,Residential,266.8,247.4,0.927,0.359,0.69,0,0
MTR-002609,CUS-002609,Karachi,Residential,238.0,206.0,0.866,0.464,0.92,2,0
MTR-001975,CUS-001975,Islamabad,Residential,189.4,203.1,1.072,0.349,2.38,0,0
MTR-001761,CUS-001761,Peshawar,Residential,205.5,173.4,0.844,0.26,3.49,0,0
MTR-001305,CUS-001305,Lahore,Residential,15.0,16.8,1.123,0.228,2.85,1,0
MTR-001541,CUS-001541,Rawalpindi,Residential,138.3,119.2,0.862,0.376,3.28,0,0
MTR-000622,CUS-000622,Rawalpindi,Commercial,935.5,963.7,1.03,0.235,0.1,0,0
MTR-002313,CUS-002313,Multan,Residential,108.6,112.7,1.038,0.365,1.17,0,0
MTR-001493,CUS-001493,Faisalabad,Residential,171.3,176.7,1.032,0.239,0.88,0,0
MTR-000110,CUS-000110,Islamabad,Residential,152.0,128.5,0.845,0.328,2.56,0,0
MTR-002487,CUS-002487,Karachi,Residential,176.6,172.5,0.977,0.215,1.8,0,0
MTR-001169,CUS-001169,Peshawar,Commercial,1218.7,1419.6,1.165,0.362,0.1,1,0
MTR-002461,CUS-002461,Lahore,Commercial,1168.9,1140.6,0.976,0.201,2.76,0,0
MTR-000232,CUS-000232,Lahore,Commercial,700.0,603.3,0.862,0.322,3.17,0,0
MTR-000066,CUS-000066,Faisalabad,Residential,280.7,265.7,0.947,0.284,4.01,0,0
MTR-002707,CUS-002707,Faisalabad,Residential,143.2,121.6,0.849,0.308,2.17,0,0
MTR-002072,CUS-002072,Lahore,Residential,211.2,155.9,0.738,0.268,2.62,0,0
MTR-002192,CUS-002192,Karachi,Residential,209.6,205.2,0.979,0.266,0.86,0,0
MTR-000536,CUS-000536,Peshawar,Residential,142.8,144.5,1.012,0.312,0.36,0,0
MTR-000125,CUS-000125,Lahore,Commercial,744.6,807.0,1.084,0.22,3.24,0,0
MTR-002133,CUS-002133,Karachi,Commercial,1485.5,1568.8,1.056,0.219,2.55,1,0
MTR-001254,CUS-001254,Rawalpindi,Residential,59.2,16.1,0.272,0.627,5.56,2,1
MTR-002484,CUS-002484,Karachi,Commercial,621.8,618.7,0.995,0.268,1.74,1,0
MTR-001976,CUS-001976,Karachi,Residential,15.0,18.8,1.255,0.22,4.37,0,0
MTR-002462,CUS-002462,Lahore,Residential,150.1,134.9,0.899,0.374,2.31,0,0
MTR-002488,CUS-002488,Peshawar,Residential,126.4,43.8,0.346,0.835,6.99,3,1
MTR-002075,CUS-002075,Karachi,Commercial,1166.0,1398.1,1.199,0.282,1.68,0,0
MTR-000484,CUS-000484,Multan,Commercial,707.4,674.3,0.953,0.194,0.4,0,0
MTR-001654,CUS-001654,Peshawar,Residential,110.1,108.6,0.987,0.466,1.06,0,0
MTR-002676,CUS-002676,Multan,Residential,207.5,217.6,1.049,0.494,1.61,0,0
MTR-002550,CUS-002550,Islamabad,Residential,154.6,176.3,1.14,0.238,3.55,0,0
MTR-002405,CUS-002405,Peshawar,Commercial,719.0,731.3,1.017,0.398,1.93,0,0
MTR-001774,CUS-001774,Peshawar,Residential,164.2,146.8,0.894,0.293,3.08,0,0
MTR-000918,CUS-000918,Multan,Residential,150.3,142.9,0.951,0.428,1.9,0,0
MTR-001646,CUS-001646,Multan,Commercial,1079.8,1149.8,1.065,0.327,0.97,0,0
MTR-001026,CUS-001026,Karachi,Residential,186.2,179.6,0.965,0.308,2.55,0,0
MTR-001030,CUS-001030,Peshawar,Residential,116.7,110.2,0.944,0.1,1.16,0,0
MTR-000882,CUS-000882,Multan,Residential,233.4,207.3,0.888,0.23,1.6,0,0
MTR-001335,CUS-001335,Multan,Residential,151.4,173.1,1.143,0.302,4.03,0,0
MTR-002222,CUS-002222,Karachi,Residential,265.7,261.8,0.985,0.316,2.6,0,0
MTR-000364,CUS-000364,Islamabad,Residential,181.8,179.3,0.986,0.203,1.18,0,0
MTR-002125,CUS-002125,Lahore,Commercial,393.7,425.8,1.082,0.242,2.73,0,0
MTR-000027,CUS-000027,Peshawar,Industrial,5503.4,4603.7,0.837,0.344,1.06,0,0
MTR-000473,CUS-000473,Faisalabad,Commercial,604.1,607.1,1.005,0.189,0.25,0,0
MTR-000525,CUS-000525,Rawalpindi,Residential,218.8,258.3,1.181,0.311,3.09,1,0
MTR-000725,CUS-000725,Karachi,Residential,226.9,225.2,0.992,0.399,2.29,1,0
MTR-000055,CUS-000055,Lahore,Residential,204.4,209.8,1.026,0.331,1.8,0,0
MTR-000638,CUS-000638,Multan,Residential,217.1,222.2,1.024,0.327,0.33,1,0
MTR-000302,CUS-000302,Rawalpindi,Residential,163.0,183.8,1.127,0.138,1.68,1,0
MTR-002608,CUS-002608,Lahore,Residential,145.7,149.2,1.024,0.234,2.19,0,0
MTR-001276,CUS-001276,Peshawar,Commercial,1341.4,1738.8,1.296,0.464,0.83,0,0
MTR-002635,CUS-002635,Peshawar,Residential,122.4,125.8,1.028,0.252,2.04,0,0
MTR-000624,CUS-000624,Islamabad,Residential,154.7,146.6,0.948,0.401,3.55,1,0
MTR-002055,CUS-002055,Multan,Residential,108.7,128.4,1.181,0.251,2.23,0,0
MTR-001280,CUS-001280,Rawalpindi,Industrial,5367.7,5232.0,0.975,0.278,2.58,2,0
MTR-001049,CUS-001049,Multan,Residential,248.0,91.7,0.37,0.811,5.92,3,1
MTR-000336,CUS-000336,Peshawar,Commercial,527.1,451.9,0.857,0.308,0.95,0,0
MTR-000047,CUS-000047,Lahore,Residential,174.9,66.8,0.382,0.763,6.45,4,1
MTR-000106,CUS-000106,Multan,Residential,151.9,143.6,0.945,0.235,3.05,0,0
MTR-001079,CUS-001079,Islamabad,Residential,182.3,165.3,0.907,0.209,1.9,0,0
MTR-001144,CUS-001144,Peshawar,Residential,208.7,194.5,0.932,0.229,1.8,0,0
MTR-002440,CUS-002440,Peshawar,Commercial,825.6,789.6,0.956,0.257,1.49,0,0
MTR-001836,CUS-001836,Rawalpindi,Residential,196.0,215.6,1.1,0.282,0.73,0,0
MTR-001753,CUS-001753,Rawalpindi,Residential,192.6,203.8,1.058,0.383,3.37,0,0
MTR-001101,CUS-001101,Faisalabad,Residential,235.9,231.8,0.983,0.307,1.79,0,0
MTR-001968,CUS-001968,Multan,Industrial,15.0,16.0,1.067,0.339,1.47,0,0
MTR-000523,CUS-000523,Faisalabad,Residential,168.3,166.2,0.987,0.311,2.08,0,0
MTR-001428,CUS-001428,Peshawar,Residential,127.2,130.4,1.025,0.211,1.47,1,0
MTR-002607,CUS-002607,Islamabad,Industrial,4205.5,3868.9,0.92,0.301,2.31,0,0
MTR-000603,CUS-000603,Islamabad,Residential,133.9,123.3,0.921,0.31,1.32,0,0
MTR-001489,CUS-001489,Faisalabad,Residential,151.5,154.3,1.018,0.361,2.12,1,0
MTR-002351,CUS-002351,Karachi,Residential,197.7,201.3,1.018,0.215,1.95,0,0
MTR-000060,CUS-000060,Peshawar,Residential,122.9,45.6,0.371,0.634,6.82,1,1
MTR-002749,CUS-002749,Islamabad,Residential,155.2,164.5,1.06,0.314,3.91,0,0
MTR-000671,CUS-000671,Peshawar,Residential,269.9,254.0,0.941,0.328,2.79,0,0
MTR-000092,CUS-000092,Islamabad,Residential,195.8,165.7,0.846,0.286,1.91,0,0
MTR-000666,CUS-000666,Rawalpindi,Residential,215.8,238.7,1.106,0.302,2.8,0,0
MTR-001887,CUS-001887,Multan,Residential,30.3,31.5,1.04,0.37,2.77,0,0
MTR-000280,CUS-000280,Islamabad,Residential,198.0,221.0,1.116,0.263,1.53,0,0
MTR-001719,CUS-001719,Karachi,Residential,254.9,268.9,1.055,0.278,0.35,0,0
MTR-000359,CUS-000359,Faisalabad,Commercial,1097.4,1335.1,1.217,0.306,0.1,0,0
MTR-000899,CUS-000899,Islamabad,Residential,158.2,154.1,0.974,0.202,1.88,0,0
MTR-001935,CUS-001935,Rawalpindi,Commercial,832.3,836.4,1.005,0.288,1.5,0,0
MTR-001994,CUS-001994,Lahore,Residential,95.6,104.7,1.095,0.295,1.46,1,0
MTR-002312,CUS-002312,Peshawar,Residential,255.0,281.4,1.104,0.431,1.2,0,0
MTR-000760,CUS-000760,Karachi,Residential,119.5,28.3,0.237,0.61,6.2,1,1
MTR-002158,CUS-002158,Peshawar,Residential,232.7,188.3,0.809,0.316,2.65,0,0
MTR-002622,CUS-002622,Islamabad,Commercial,1034.0,814.6,0.788,0.373,0.1,0,0
MTR-000042,CUS-000042,Rawalpindi,Residential,204.8,195.3,0.954,0.233,2.59,0,0
MTR-002173,CUS-002173,Lahore,Residential,232.4,233.0,1.003,0.41,1.72,1,0
MTR-000204,CUS-000204,Lahore,Residential,148.3,115.1,0.776,0.441,3.44,1,0
MTR-001473,CUS-001473,Multan,Residential,215.8,215.0,0.996,0.298,2.27,0,0
MTR-002100,CUS-002100,Peshawar,Residential,123.5,133.2,1.078,0.257,0.27,0,0
MTR-000068,CUS-000068,Multan,Residential,223.8,222.2,0.993,0.43,0.13,0,0
MTR-001875,CUS-001875,Rawalpindi,Residential,145.7,150.9,1.035,0.364,0.86,0,0
MTR-002379,CUS-002379,Lahore,Residential,219.7,235.2,1.071,0.307,2.26,1,0
MTR-002231,CUS-002231,Peshawar,Residential,141.8,114.6,0.808,0.414,0.29,0,0
MTR-000137,CUS-000137,Karachi,Industrial,2362.3,2547.3,1.078,0.406,2.11,0,0
MTR-000796,CUS-000796,Peshawar,Residential,168.9,154.0,0.912,0.273,2.7,0,0
MTR-002180,CUS-002180,Lahore,Commercial,662.1,643.2,0.971,0.32,1.47,0,0
MTR-002128,CUS-002128,Lahore,Residential,263.5,242.6,0.921,0.346,1.11,0,0
MTR-000758,CUS-000758,Multan,Commercial,1089.6,1230.0,1.129,0.302,0.1,0,0
MTR-000541,CUS-000541,Multan,Residential,175.4,150.7,0.859,0.189,3.51,0,0
MTR-001019,CUS-001019,Lahore,Residential,222.7,259.6,1.166,0.225,3.83,0,0
MTR-002288,CUS-002288,Faisalabad,Commercial,832.0,1070.8,1.287,0.191,3.22,0,0
MTR-000165,CUS-000165,Peshawar,Residential,222.7,181.2,0.814,0.339,1.72,0,0
MTR-000248,CUS-000248,Islamabad,Commercial,1134.5,1054.7,0.93,0.205,1.95,1,0
MTR-001331,CUS-001331,Lahore,Residential,85.2,91.5,1.073,0.315,2.69,1,0
MTR-002017,CUS-002017,Peshawar,Residential,227.7,200.6,0.881,0.447,2.15,1,0
MTR-000446,CUS-000446,Islamabad,Residential,149.9,145.0,0.967,0.414,0.1,0,0
MTR-001358,CUS-001358,Karachi,Commercial,918.0,937.4,1.021,0.153,2.92,0,0
MTR-002145,CUS-002145,Peshawar,Residential,272.5,249.2,0.914,0.198,3.22,2,0
MTR-001329,CUS-001329,Islamabad,Residential,217.9,220.0,1.01,0.238,3.07,0,0
MTR-002910,CUS-002910,Peshawar,Commercial,109.2,121.6,1.114,0.206,2.45,0,0
MTR-002150,CUS-002150,Lahore,Residential,213.1,211.1,0.991,0.168,2.96,0,0
MTR-000434,CUS-000434,Peshawar,Residential,146.3,128.1,0.875,0.299,0.59,0,0
MTR-002122,CUS-002122,Peshawar,Residential,265.0,302.0,1.14,0.356,1.91,0,0
MTR-000577,CUS-000577,Rawalpindi,Residential,232.1,270.8,1.167,0.376,1.33,0,0
MTR-002984,CUS-002984,Islamabad,Residential,154.8,161.6,1.044,0.262,3.45,1,0
MTR-002741,CUS-002741,Karachi,Residential,187.3,165.2,0.882,0.278,2.18,0,0
MTR-001848,CUS-001848,Multan,Residential,212.9,190.5,0.895,0.328,1.84,0,0
MTR-000762,CUS-000762,Karachi,Residential,200.4,143.4,0.716,0.291,0.98,0,0
MTR-000388,CUS-000388,Rawalpindi,Residential,144.2,134.0,0.929,0.365,0.94,0,0
MTR-000235,CUS-000235,Faisalabad,Residential,249.0,280.8,1.128,0.334,0.87,0,0
MTR-002605,CUS-002605,Karachi,Residential,188.1,172.7,0.918,0.27,2.75,1,0
MTR-001984,CUS-001984,Lahore,Residential,188.4,166.8,0.885,0.151,2.6,0,0
MTR-000267,CUS-000267,Rawalpindi,Residential,187.4,210.4,1.123,0.42,2.25,0,0
MTR-000770,CUS-000770,Faisalabad,Residential,261.9,298.1,1.138,0.245,2.79,0,0
MTR-002165,CUS-002165,Lahore,Residential,152.4,142.6,0.936,0.329,1.19,0,0
MTR-000437,CUS-000437,Lahore,Residential,73.6,78.1,1.061,0.147,0.16,0,0
MTR-000673,CUS-000673,Rawalpindi,Residential,106.6,95.5,0.896,0.299,2.68,0,0
MTR-000249,CUS-000249,Rawalpindi,Residential,100.1,96.0,0.959,0.308,1.94,0,0
MTR-002201,CUS-002201,Multan,Residential,68.7,53.7,0.782,0.312,2.83,1,0
MTR-001574,CUS-001574,Islamabad,Commercial,1316.8,1373.7,1.043,0.541,2.43,0,0
MTR-002142,CUS-002142,Karachi,Residential,102.4,101.1,0.988,0.25,1.93,0,0
MTR-002081,CUS-002081,Islamabad,Industrial,3561.9,3274.7,0.919,0.366,2.21,0,0
MTR-002617,CUS-002617,Islamabad,Commercial,834.4,825.2,0.989,0.342,3.41,0,0
MTR-002903,CUS-002903,Peshawar,Residential,92.3,89.9,0.974,0.246,1.71,0,0
MTR-002739,CUS-002739,Faisalabad,Residential,134.9,121.5,0.901,0.364,2.74,0,0
MTR-000448,CUS-000448,Karachi,Residential,151.8,159.1,1.048,0.287,2.31,0,0
MTR-001469,CUS-001469,Multan,Residential,231.4,223.1,0.964,0.37,0.33,1,0
MTR-000716,CUS-000716,Rawalpindi,Residential,128.1,126.0,0.984,0.457,0.69,0,0
MTR-002398,CUS-002398,Faisalabad,Residential,129.3,106.6,0.825,0.312,1.96,0,0
MTR-002614,CUS-002614,Faisalabad,Commercial,740.4,729.2,0.985,0.278,1.5,0,0
MTR-002048,CUS-002048,Rawalpindi,Residential,226.6,221.7,0.978,0.384,1.05,1,0
MTR-001901,CUS-001901,Lahore,Residential,74.1,66.8,0.901,0.412,3.07,1,0
MTR-001168,CUS-001168,Lahore,Commercial,920.6,979.3,1.064,0.229,0.5,0,0
MTR-000082,CUS-000082,Karachi,Residential,82.7,61.8,0.747,0.264,1.8,0,0
MTR-002424,CUS-002424,Faisalabad,Residential,110.8,104.4,0.942,0.354,1.13,1,0
MTR-001460,CUS-001460,Islamabad,Commercial,868.7,901.0,1.037,0.289,3.48,0,0
MTR-001893,CUS-001893,Karachi,Residential,173.5,217.2,1.252,0.224,4.52,0,0
MTR-001668,CUS-001668,Karachi,Residential,130.3,108.9,0.836,0.343,1.69,0,0
MTR-002000,CUS-002000,Multan,Residential,237.7,84.6,0.356,0.568,8.16,2,1
MTR-000475,CUS-000475,Faisalabad,Industrial,6635.4,7071.7,1.066,0.273,3.27,1,0
MTR-000517,CUS-000517,Rawalpindi,Commercial,1020.2,1028.0,1.008,0.305,2.9,0,0
MTR-000404,CUS-000404,Peshawar,Residential,138.0,117.6,0.852,0.254,2.79,0,0
MTR-000384,CUS-000384,Peshawar,Industrial,4627.5,4358.9,0.942,0.212,0.23,0,0
MTR-002981,CUS-002981,Multan,Residential,124.1,87.7,0.707,0.26,3.18,0,0
MTR-002152,CUS-002152,Peshawar,Commercial,906.0,906.4,1.0,0.306,2.36,2,0
MTR-001633,CUS-001633,Faisalabad,Residential,285.2,236.7,0.83,0.182,1.77,0,0
MTR-002859,CUS-002859,Karachi,Residential,183.8,193.9,1.055,0.266,1.92,0,0
MTR-000688,CUS-000688,Lahore,Residential,162.3,149.6,0.922,0.307,2.26,0,0
MTR-001240,CUS-001240,Faisalabad,Residential,155.9,141.9,0.91,0.396,1.75,1,0
MTR-000062,CUS-000062,Faisalabad,Residential,223.1,227.6,1.02,0.275,1.65,0,0
MTR-000852,CUS-000852,Peshawar,Residential,255.0,263.0,1.031,0.2,1.02,1,0
MTR-002751,CUS-002751,Karachi,Residential,158.7,175.3,1.105,0.283,2.51,1,0
MTR-002476,CUS-002476,Peshawar,Residential,155.3,150.4,0.969,0.255,1.84,2,0
MTR-001262,CUS-001262,Lahore,Residential,207.6,205.0,0.987,0.344,1.21,1,0
MTR-000223,CUS-000223,Peshawar,Commercial,1125.6,938.3,0.834,0.273,2.1,0,0
MTR-002193,CUS-002193,Peshawar,Residential,261.2,82.2,0.315,0.566,5.77,2,1
MTR-000373,CUS-000373,Multan,Residential,132.7,117.8,0.888,0.595,2.51,1,0
MTR-001824,CUS-001824,Faisalabad,Residential,182.8,198.7,1.087,0.311,1.97,1,0
MTR-002536,CUS-002536,Peshawar,Residential,71.3,77.6,1.088,0.307,2.62,1,0
MTR-002869,CUS-002869,Karachi,Residential,243.3,255.0,1.048,0.177,1.73,0,0
MTR-002597,CUS-002597,Karachi,Residential,145.6,141.5,0.972,0.183,1.8,0,0
MTR-002684,CUS-002684,Karachi,Residential,242.2,231.7,0.956,0.293,2.28,0,0
MTR-000009,CUS-000009,Peshawar,Residential,183.8,182.4,0.992,0.327,2.39,0,0
MTR-001944,CUS-001944,Faisalabad,Residential,248.8,192.0,0.772,0.356,3.21,0,0
MTR-001838,CUS-001838,Peshawar,Residential,180.1,179.5,0.997,0.319,3.05,0,0
MTR-000708,CUS-000708,Islamabad,Residential,218.0,256.9,1.178,0.205,1.96,0,0
MTR-000255,CUS-000255,Faisalabad,Industrial,2350.0,2286.3,0.973,0.1,0.59,0,0
MTR-001617,CUS-001617,Multan,Residential,228.7,227.8,0.996,0.292,2.68,0,0
MTR-000389,CUS-000389,Peshawar,Commercial,778.2,682.6,0.877,0.257,2.53,1,0
MTR-001581,CUS-001581,Karachi,Residential,89.6,91.6,1.022,0.199,2.22,0,0
MTR-000924,CUS-000924,Peshawar,Residential,211.9,192.1,0.907,0.366,2.77,3,0
MTR-002036,CUS-002036,Lahore,Residential,69.6,76.7,1.102,0.174,1.63,0,0
MTR-002403,CUS-002403,Rawalpindi,Residential,121.6,138.3,1.137,0.349,0.4,0,0
MTR-001224,CUS-001224,Faisalabad,Residential,128.4,149.3,1.163,0.187,1.13,0,0
MTR-001946,CUS-001946,Faisalabad,Residential,243.2,201.1,0.827,0.311,0.1,0,0
MTR-000739,CUS-000739,Multan,Residential,236.5,257.0,1.087,0.375,2.44,0,0
MTR-000040,CUS-000040,Multan,Industrial,2756.2,2970.2,1.078,0.273,1.93,0,0
MTR-000868,CUS-000868,Rawalpindi,Commercial,694.5,659.9,0.95,0.435,2.86,0,0
MTR-000539,CUS-000539,Multan,Residential,262.7,300.3,1.143,0.453,2.75,0,0
MTR-002510,CUS-002510,Islamabad,Residential,136.4,143.2,1.05,0.319,1.51,0,0
MTR-001371,CUS-001371,Rawalpindi,Commercial,810.9,944.5,1.165,0.343,1.18,0,0
MTR-001145,CUS-001145,Multan,Commercial,413.2,350.3,0.848,0.385,1.21,1,0
MTR-001031,CUS-001031,Lahore,Residential,287.9,263.2,0.914,0.344,3.92,1,0
MTR-000372,CUS-000372,Faisalabad,Residential,172.1,174.0,1.011,0.335,1.85,0,0
MTR-000667,CUS-000667,Karachi,Residential,236.6,269.9,1.141,0.258,1.73,0,0
MTR-000357,CUS-000357,Karachi,Residential,97.9,103.2,1.055,0.165,2.29,0,0
MTR-000967,CUS-000967,Peshawar,Residential,194.1,172.0,0.886,0.189,0.41,0,0
MTR-001353,CUS-001353,Multan,Residential,214.0,259.6,1.213,0.491,1.6,1,0
MTR-001035,CUS-001035,Peshawar,Residential,293.0,282.6,0.965,0.326,1.14,1,0
MTR-000470,CUS-000470,Multan,Residential,156.6,139.4,0.89,0.28,0.93,0,0
MTR-001396,CUS-001396,Karachi,Residential,169.7,153.9,0.907,0.401,1.74,0,0
MTR-002620,CUS-002620,Rawalpindi,Residential,80.9,68.0,0.84,0.24,2.05,0,0
MTR-001549,CUS-001549,Islamabad,Residential,224.9,164.2,0.73,0.347,0.75,0,0
MTR-001256,CUS-001256,Peshawar,Residential,148.6,146.5,0.986,0.306,1.63,0,0
MTR-002094,CUS-002094,Rawalpindi,Residential,106.3,86.5,0.813,0.337,2.08,1,0
MTR-001555,CUS-001555,Peshawar,Residential,119.7,124.2,1.038,0.273,2.45,1,0
MTR-002589,CUS-002589,Faisalabad,Residential,166.3,185.9,1.118,0.223,1.73,0,0
MTR-001250,CUS-001250,Karachi,Commercial,467.2,488.3,1.045,0.234,2.33,0,0
MTR-001699,CUS-001699,Peshawar,Residential,199.5,65.7,0.329,0.615,5.94,1,1
MTR-001252,CUS-001252,Faisalabad,Residential,136.3,111.1,0.815,0.3,3.28,0,0
MTR-002780,CUS-002780,Rawalpindi,Residential,154.9,170.6,1.102,0.176,2.54,0,0
MTR-000079,CUS-000079,Karachi,Commercial,689.8,850.9,1.234,0.2,1.33,0,0
MTR-001172,CUS-001172,Karachi,Commercial,584.9,683.7,1.169,0.311,1.5,0,0
MTR-000814,CUS-000814,Lahore,Residential,216.7,182.1,0.84,0.29,2.39,0,0
MTR-001852,CUS-001852,Peshawar,Residential,128.0,126.8,0.991,0.315,1.47,0,0
MTR-002220,CUS-002220,Peshawar,Commercial,426.7,412.2,0.966,0.296,0.1,1,0
MTR-002628,CUS-002628,Multan,Residential,146.1,139.1,0.952,0.502,2.3,0,0
MTR-002105,CUS-002105,Islamabad,Residential,56.8,57.0,1.003,0.31,1.62,0,0
MTR-000133,CUS-000133,Karachi,Commercial,1159.4,1460.6,1.26,0.27,2.68,1,0
MTR-001140,CUS-001140,Faisalabad,Residential,256.4,259.7,1.013,0.308,2.04,0,0
MTR-000933,CUS-000933,Islamabad,Residential,268.5,254.2,0.947,0.382,2.65,0,0
MTR-000928,CUS-000928,Faisalabad,Residential,128.4,133.0,1.036,0.296,4.52,1,0
MTR-000823,CUS-000823,Faisalabad,Residential,248.6,37.4,0.15,0.585,9.17,1,1
MTR-001531,CUS-001531,Karachi,Residential,181.5,165.9,0.914,0.332,1.65,0,0
MTR-001214,CUS-001214,Peshawar,Residential,185.3,207.2,1.118,0.277,2.42,0,0
MTR-000504,CUS-000504,Lahore,Residential,167.2,171.0,1.023,0.309,2.12,0,0
MTR-002964,CUS-002964,Rawalpindi,Residential,247.9,310.4,1.252,0.428,2.27,1,0
MTR-002395,CUS-002395,Multan,Residential,179.4,185.2,1.032,0.319,0.43,0,0
MTR-001996,CUS-001996,Peshawar,Residential,202.3,172.1,0.851,0.221,3.05,0,0
MTR-001958,CUS-001958,Rawalpindi,Residential,160.3,129.8,0.81,0.274,0.1,0,0
MTR-001384,CUS-001384,Rawalpindi,Residential,50.0,56.0,1.12,0.131,1.98,0,0
MTR-000894,CUS-000894,Karachi,Industrial,5704.1,4991.2,0.875,0.311,0.24,0,0
MTR-000828,CUS-000828,Faisalabad,Residential,102.9,88.9,0.864,0.405,1.3,1,0
MTR-002920,CUS-002920,Islamabad,Residential,267.1,250.6,0.938,0.193,2.21,0,0
MTR-001683,CUS-001683,Rawalpindi,Industrial,4247.5,4755.3,1.12,0.312,2.87,0,0
MTR-002574,CUS-002574,Peshawar,Residential,113.7,108.7,0.956,0.379,3.02,1,0
MTR-002969,CUS-002969,Islamabad,Residential,206.9,186.0,0.899,0.387,1.81,0,0
MTR-002512,CUS-002512,Multan,Residential,116.0,132.9,1.146,0.402,2.99,0,0
MTR-000652,CUS-000652,Karachi,Residential,259.5,291.9,1.125,0.151,1.94,0,0
MTR-000172,CUS-000172,Lahore,Commercial,745.4,894.5,1.2,0.34,1.29,0,0
MTR-000038,CUS-000038,Peshawar,Residential,150.8,175.3,1.162,0.18,2.37,0,0
MTR-002860,CUS-002860,Peshawar,Residential,158.7,178.9,1.127,0.22,1.08,0,0
MTR-000713,CUS-000713,Karachi,Residential,15.0,13.6,0.91,0.366,1.87,1,0
MTR-000090,CUS-000090,Lahore,Residential,81.6,88.1,1.079,0.313,1.52,0,0
MTR-002954,CUS-002954,Multan,Residential,74.7,85.6,1.146,0.358,0.45,0,0
MTR-001205,CUS-001205,Peshawar,Residential,174.6,213.5,1.223,0.226,2.33,0,0
MTR-002585,CUS-002585,Faisalabad,Residential,216.4,220.8,1.021,0.418,2.14,0,0
MTR-001827,CUS-001827,Karachi,Residential,208.2,47.4,0.227,0.745,8.54,1,1
MTR-001155,CUS-001155,Islamabad,Residential,138.7,124.0,0.894,0.371,0.13,0,0
MTR-001324,CUS-001324,Peshawar,Commercial,748.7,836.7,1.118,0.214,1.29,2,0
MTR-000216,CUS-000216,Lahore,Commercial,1233.8,1135.1,0.92,0.394,3.13,0,0
MTR-000510,CUS-000510,Lahore,Residential,73.8,31.7,0.429,0.675,6.31,2,1
MTR-001680,CUS-001680,Lahore,Residential,206.6,184.8,0.894,0.251,2.72,0,0
MTR-000499,CUS-000499,Faisalabad,Residential,280.4,275.1,0.981,0.35,3.45,1,0
MTR-002548,CUS-002548,Faisalabad,Residential,189.7,199.7,1.053,0.347,1.24,0,0
MTR-001856,CUS-001856,Peshawar,Residential,144.2,148.9,1.032,0.232,1.14,0,0
MTR-001388,CUS-001388,Islamabad,Residential,319.4,347.7,1.089,0.465,2.86,0,0
MTR-001519,CUS-001519,Rawalpindi,Commercial,1051.6,878.2,0.835,0.445,2.63,0,0
MTR-002386,CUS-002386,Multan,Residential,171.9,169.5,0.986,0.348,1.87,0,0
MTR-002721,CUS-002721,Karachi,Residential,160.0,151.0,0.944,0.334,1.85,1,0
MTR-002076,CUS-002076,Faisalabad,Residential,236.3,208.4,0.882,0.326,1.03,0,0
MTR-001540,CUS-001540,Multan,Residential,204.2,185.8,0.91,0.176,3.58,1,0
MTR-001217,CUS-001217,Islamabad,Residential,154.7,138.1,0.893,0.309,4.03,1,0
MTR-001416,CUS-001416,Islamabad,Residential,223.7,233.1,1.042,0.308,3.12,1,0
MTR-002217,CUS-002217,Lahore,Residential,240.8,252.4,1.048,0.254,2.65,0,0
MTR-002621,CUS-002621,Faisalabad,Residential,119.9,132.5,1.105,0.275,2.59,1,0
MTR-001676,CUS-001676,Faisalabad,Residential,209.7,218.0,1.039,0.109,2.33,0,0
MTR-001197,CUS-001197,Karachi,Residential,75.2,17.8,0.237,0.706,4.9,1,1
MTR-001542,CUS-001542,Lahore,Residential,74.9,75.6,1.009,0.374,1.52,1,0
MTR-000953,CUS-000953,Peshawar,Residential,248.9,269.1,1.081,0.438,2.82,0,0
MTR-000750,CUS-000750,Rawalpindi,Residential,130.7,97.7,0.747,0.225,1.15,0,0
MTR-000234,CUS-000234,Multan,Residential,162.8,161.6,0.993,0.315,2.16,0,0
MTR-000732,CUS-000732,Islamabad,Residential,228.4,237.1,1.038,0.388,3.16,0,0
MTR-002992,CUS-002992,Islamabad,Residential,205.7,249.9,1.215,0.258,3.17,1,0
MTR-001156,CUS-001156,Lahore,Commercial,359.1,311.2,0.867,0.354,2.94,1,0
MTR-002573,CUS-002573,Peshawar,Residential,206.9,178.4,0.862,0.297,2.28,0,0
MTR-002445,CUS-002445,Peshawar,Residential,209.1,152.1,0.727,0.395,2.8,0,0
MTR-001209,CUS-001209,Multan,Residential,109.3,91.1,0.833,0.197,1.76,0,0
MTR-001065,CUS-001065,Islamabad,Residential,162.2,45.6,0.281,0.758,8.84,2,1
MTR-002156,CUS-002156,Peshawar,Residential,123.1,112.4,0.913,0.322,0.41,0,0
MTR-001062,CUS-001062,Faisalabad,Residential,141.8,129.1,0.911,0.308,2.07,0,0
MTR-001167,CUS-001167,Faisalabad,Residential,59.4,59.6,1.003,0.295,1.53,0,0
MTR-001492,CUS-001492,Faisalabad,Residential,198.0,211.8,1.07,0.346,2.68,0,0
MTR-002474,CUS-002474,Multan,Residential,210.5,210.8,1.002,0.226,1.66,1,0
MTR-000884,CUS-000884,Islamabad,Residential,202.3,202.9,1.003,0.19,4.42,1,0
MTR-000143,CUS-000143,Islamabad,Residential,187.6,196.7,1.048,0.26,2.92,0,0
MTR-002942,CUS-002942,Faisalabad,Industrial,3942.9,3075.8,0.78,0.269,1.0,0,0
MTR-000850,CUS-000850,Peshawar,Residential,171.6,174.3,1.015,0.277,0.1,1,0
MTR-000717,CUS-000717,Multan,Residential,149.0,147.7,0.991,0.402,0.86,1,0
MTR-002864,CUS-002864,Islamabad,Industrial,5902.3,5897.3,0.999,0.362,2.56,0,0
MTR-000264,CUS-000264,Rawalpindi,Residential,154.2,143.4,0.93,0.343,1.74,0,0
MTR-000075,CUS-000075,Karachi,Commercial,738.0,719.8,0.975,0.318,1.43,0,0
MTR-000395,CUS-000395,Peshawar,Residential,192.0,201.3,1.048,0.265,1.28,0,0
MTR-002545,CUS-002545,Multan,Residential,182.1,217.3,1.193,0.232,2.83,0,0
MTR-002224,CUS-002224,Faisalabad,Residential,271.3,216.2,0.797,0.204,1.67,0,0
MTR-002799,CUS-002799,Rawalpindi,Industrial,3393.6,699.1,0.206,0.781,3.66,2,1
MTR-000396,CUS-000396,Rawalpindi,Industrial,8062.9,9241.2,1.146,0.297,2.99,2,0
MTR-001365,CUS-001365,Islamabad,Residential,76.4,64.8,0.848,0.208,3.56,0,0
MTR-002500,CUS-002500,Rawalpindi,Commercial,926.3,906.4,0.978,0.314,0.89,0,0
MTR-001903,CUS-001903,Rawalpindi,Residential,147.4,152.3,1.033,0.284,3.18,0,0
MTR-000595,CUS-000595,Islamabad,Residential,166.2,206.3,1.241,0.268,1.89,0,0
MTR-002109,CUS-002109,Islamabad,Residential,194.3,245.0,1.261,0.393,2.92,0,0
MTR-001296,CUS-001296,Faisalabad,Commercial,909.8,771.1,0.848,0.103,2.66,0,0
MTR-001821,CUS-001821,Lahore,Residential,188.3,181.5,0.964,0.269,2.02,0,0
MTR-000872,CUS-000872,Rawalpindi,Industrial,6164.9,6312.5,1.024,0.112,2.06,0,0
MTR-002911,CUS-002911,Faisalabad,Residential,184.7,197.0,1.067,0.319,2.67,0,0
MTR-002326,CUS-002326,Karachi,Residential,108.2,110.8,1.024,0.361,0.9,0,0
MTR-001548,CUS-001548,Karachi,Residential,242.1,214.6,0.886,0.192,0.86,1,0
MTR-000036,CUS-000036,Islamabad,Residential,192.3,169.4,0.881,0.202,4.08,1,0
MTR-002526,CUS-002526,Karachi,Residential,140.3,114.4,0.815,0.164,3.17,1,0
MTR-002143,CUS-002143,Islamabad,Industrial,6193.6,4691.8,0.758,0.305,2.99,0,0
MTR-002940,CUS-002940,Lahore,Residential,152.0,123.5,0.812,0.273,1.84,0,0
MTR-000977,CUS-000977,Rawalpindi,Residential,225.5,256.9,1.139,0.278,0.36,1,0
MTR-001571,CUS-001571,Lahore,Commercial,1276.7,1385.5,1.085,0.271,1.47,0,0
MTR-001122,CUS-001122,Karachi,Residential,166.8,177.9,1.066,0.222,2.41,0,0
MTR-002239,CUS-002239,Peshawar,Residential,99.4,19.0,0.192,0.777,7.5,1,1
MTR-001892,CUS-001892,Multan,Residential,327.8,326.2,0.995,0.322,2.43,0,0
MTR-000675,CUS-000675,Lahore,Residential,153.3,148.4,0.968,0.205,2.46,1,0
MTR-000728,CUS-000728,Islamabad,Residential,189.6,153.5,0.81,0.244,1.83,0,0
MTR-000412,CUS-000412,Rawalpindi,Commercial,1059.7,1142.1,1.078,0.23,2.65,0,0
MTR-001516,CUS-001516,Multan,Residential,258.2,284.6,1.102,0.412,1.09,0,0
MTR-001649,CUS-001649,Multan,Residential,213.5,45.4,0.213,0.641,8.06,2,1
MTR-000825,CUS-000825,Multan,Residential,126.4,108.9,0.862,0.29,1.77,0,0
MTR-000616,CUS-000616,Karachi,Residential,119.5,124.5,1.042,0.437,3.45,0,0
MTR-000114,CUS-000114,Lahore,Residential,286.0,297.8,1.041,0.416,0.1,0,0
MTR-000417,CUS-000417,Karachi,Residential,263.8,287.0,1.088,0.282,1.85,0,0
MTR-001625,CUS-001625,Peshawar,Residential,332.0,388.3,1.17,0.267,2.25,0,0
MTR-002939,CUS-002939,Islamabad,Residential,225.8,197.1,0.873,0.271,0.15,1,0
MTR-000089,CUS-000089,Islamabad,Residential,202.3,200.3,0.99,0.224,2.74,0,0
MTR-002082,CUS-002082,Islamabad,Residential,175.7,154.6,0.88,0.439,1.87,0,0
MTR-000753,CUS-000753,Rawalpindi,Residential,157.2,139.7,0.889,0.219,1.05,0,0
MTR-001630,CUS-001630,Faisalabad,Residential,202.6,192.2,0.948,0.369,3.02,0,0
MTR-000011,CUS-000011,Karachi,Residential,86.4,101.3,1.173,0.355,1.26,0,0
MTR-002444,CUS-002444,Rawalpindi,Residential,195.3,221.2,1.133,0.276,2.81,0,0
MTR-000284,CUS-000284,Karachi,Residential,296.3,293.6,0.991,0.445,2.19,1,0
MTR-001066,CUS-001066,Lahore,Commercial,657.4,487.3,0.741,0.175,1.59,2,0
MTR-001191,CUS-001191,Karachi,Industrial,5174.9,5418.8,1.047,0.294,0.99,0,0
MTR-001440,CUS-001440,Karachi,Commercial,1285.1,1342.1,1.044,0.261,1.29,0,0
MTR-002801,CUS-002801,Karachi,Residential,283.4,251.7,0.888,0.377,2.88,0,0
MTR-002800,CUS-002800,Karachi,Residential,119.6,131.5,1.1,0.328,3.15,1,0
MTR-002710,CUS-002710,Faisalabad,Residential,246.4,218.2,0.886,0.162,2.69,0,0
MTR-001568,CUS-001568,Peshawar,Residential,65.2,20.6,0.316,0.833,7.76,1,1
MTR-002427,CUS-002427,Lahore,Residential,252.0,107.3,0.426,0.871,8.02,2,1
MTR-002577,CUS-002577,Peshawar,Residential,156.9,129.4,0.825,0.217,2.32,0,0
MTR-001687,CUS-001687,Multan,Commercial,1096.3,1048.7,0.957,0.272,1.4,0,0
MTR-000851,CUS-000851,Lahore,Residential,148.5,151.1,1.017,0.196,1.08,0,0
MTR-002207,CUS-002207,Lahore,Residential,164.8,170.7,1.036,0.286,1.69,0,0
MTR-000895,CUS-000895,Faisalabad,Commercial,1224.0,1375.8,1.124,0.312,1.37,1,0
MTR-000496,CUS-000496,Faisalabad,Residential,274.5,312.6,1.139,0.273,2.13,0,0
MTR-002305,CUS-002305,Karachi,Residential,126.4,122.8,0.971,0.264,3.61,0,0
MTR-001782,CUS-001782,Karachi,Industrial,5695.4,6077.7,1.067,0.171,2.28,1,0
MTR-000335,CUS-000335,Multan,Residential,195.2,232.9,1.193,0.327,3.47,0,0
MTR-000515,CUS-000515,Multan,Residential,303.6,266.5,0.878,0.146,2.0,0,0
MTR-001348,CUS-001348,Rawalpindi,Industrial,4274.9,3963.0,0.927,0.302,1.83,1,0
MTR-001015,CUS-001015,Lahore,Residential,259.5,208.0,0.801,0.156,0.48,0,0
MTR-002808,CUS-002808,Rawalpindi,Commercial,1192.1,1101.8,0.924,0.304,2.64,0,0
MTR-002803,CUS-002803,Karachi,Commercial,870.8,892.3,1.025,0.3,1.34,1,0
MTR-001781,CUS-001781,Peshawar,Residential,142.1,106.0,0.746,0.332,1.14,0,0
MTR-001785,CUS-001785,Peshawar,Residential,180.3,189.8,1.052,0.369,0.99,0,0
MTR-002070,CUS-002070,Rawalpindi,Residential,201.0,189.6,0.943,0.384,2.35,0,0
MTR-000356,CUS-000356,Karachi,Residential,247.1,245.2,0.992,0.171,1.42,0,0
MTR-002852,CUS-002852,Islamabad,Residential,240.4,206.7,0.86,0.295,3.65,1,0
MTR-001312,CUS-001312,Multan,Residential,234.9,232.0,0.988,0.461,3.12,0,0
MTR-001635,CUS-001635,Peshawar,Residential,154.9,186.1,1.202,0.31,1.47,0,0
MTR-000550,CUS-000550,Peshawar,Residential,194.7,185.4,0.952,0.233,0.1,1,0
MTR-002388,CUS-002388,Peshawar,Residential,163.5,120.1,0.734,0.294,2.12,0,0
MTR-002479,CUS-002479,Karachi,Residential,118.1,135.3,1.146,0.269,1.69,2,0
MTR-002521,CUS-002521,Rawalpindi,Residential,157.6,167.9,1.065,0.206,2.89,0,0
MTR-002265,CUS-002265,Rawalpindi,Industrial,2454.0,2481.7,1.011,0.37,2.01,0,0
MTR-001227,CUS-001227,Islamabad,Commercial,562.7,601.1,1.068,0.347,3.15,2,0
MTR-002822,CUS-002822,Islamabad,Residential,316.8,319.9,1.01,0.193,2.49,1,0
MTR-000957,CUS-000957,Multan,Industrial,5058.6,6056.1,1.197,0.293,0.72,0,0
MTR-001773,CUS-001773,Karachi,Industrial,2989.0,3258.7,1.09,0.255,1.25,0,0
MTR-002141,CUS-002141,Peshawar,Residential,185.3,175.2,0.945,0.172,1.55,0,0
MTR-001008,CUS-001008,Karachi,Residential,119.0,140.3,1.179,0.187,1.83,1,0
MTR-001092,CUS-001092,Faisalabad,Residential,61.6,75.1,1.218,0.199,1.73,0,0
MTR-002674,CUS-002674,Islamabad,Commercial,769.9,854.0,1.109,0.295,2.72,0,0
MTR-000996,CUS-000996,Islamabad,Residential,178.8,187.5,1.049,0.263,2.5,0,0
MTR-001679,CUS-001679,Karachi,Residential,238.1,213.7,0.898,0.223,1.58,0,0
MTR-000153,CUS-000153,Rawalpindi,Residential,217.3,235.2,1.082,0.269,2.66,0,0
MTR-002782,CUS-002782,Faisalabad,Residential,207.1,216.7,1.047,0.36,0.83,0,0
MTR-000580,CUS-000580,Peshawar,Industrial,5248.3,5231.4,0.997,0.329,2.7,0,0
MTR-001470,CUS-001470,Multan,Residential,161.2,174.7,1.084,0.38,2.87,0,0
MTR-000703,CUS-000703,Lahore,Commercial,958.0,968.0,1.01,0.282,2.28,0,0
MTR-001212,CUS-001212,Peshawar,Residential,112.4,119.8,1.066,0.428,2.53,0,0
MTR-000896,CUS-000896,Peshawar,Residential,237.1,266.6,1.124,0.328,2.66,0,0
MTR-000487,CUS-000487,Peshawar,Residential,153.4,128.9,0.84,0.261,3.05,0,0
MTR-000559,CUS-000559,Karachi,Residential,177.5,155.7,0.877,0.307,2.74,0,0
MTR-001141,CUS-001141,Islamabad,Residential,132.4,117.9,0.891,0.2,3.21,0,0
MTR-001119,CUS-001119,Karachi,Residential,318.7,392.9,1.233,0.276,0.43,0,0
MTR-000512,CUS-000512,Faisalabad,Industrial,5453.1,5867.6,1.076,0.334,2.13,0,0
MTR-000633,CUS-000633,Lahore,Residential,252.9,275.0,1.087,0.349,1.95,0,0
MTR-002584,CUS-002584,Rawalpindi,Residential,343.4,389.9,1.136,0.267,2.15,0,0
MTR-001664,CUS-001664,Multan,Residential,92.5,80.9,0.874,0.519,2.9,0,0
MTR-001012,CUS-001012,Peshawar,Residential,312.1,235.8,0.755,0.286,2.13,0,0
MTR-001931,CUS-001931,Lahore,Residential,105.7,104.9,0.992,0.166,2.09,0,0
MTR-001150,CUS-001150,Faisalabad,Residential,282.5,312.9,1.108,0.397,2.47,0,0
MTR-002805,CUS-002805,Faisalabad,Residential,216.4,211.3,0.976,0.349,0.49,1,0
MTR-000116,CUS-000116,Peshawar,Residential,146.8,122.7,0.836,0.319,3.56,0,0
MTR-000740,CUS-000740,Karachi,Residential,166.2,148.1,0.891,0.263,1.9,1,0
MTR-002763,CUS-002763,Rawalpindi,Commercial,708.5,608.2,0.858,0.331,3.48,0,0
MTR-001974,CUS-001974,Karachi,Industrial,3134.7,777.0,0.248,0.661,3.57,2,1
MTR-001081,CUS-001081,Multan,Residential,237.7,204.6,0.861,0.316,1.09,0,0
MTR-001810,CUS-001810,Peshawar,Residential,236.4,240.6,1.018,0.182,1.77,0,0
MTR-000830,CUS-000830,Multan,Residential,57.0,53.3,0.934,0.05,2.04,0,0
MTR-000119,CUS-000119,Multan,Residential,112.4,120.9,1.076,0.331,1.49,0,0
MTR-000656,CUS-000656,Peshawar,Industrial,6996.9,6177.0,0.883,0.221,1.2,1,0
MTR-002732,CUS-002732,Islamabad,Residential,176.8,182.2,1.031,0.292,2.37,1,0
MTR-002692,CUS-002692,Karachi,Residential,116.1,28.7,0.247,0.556,9.43,1,1
MTR-002932,CUS-002932,Multan,Residential,279.0,292.3,1.048,0.23,3.66,2,0
MTR-000635,CUS-000635,Multan,Residential,88.4,94.1,1.064,0.239,1.71,0,0
MTR-000369,CUS-000369,Karachi,Residential,276.5,297.9,1.077,0.246,0.92,1,0
MTR-000268,CUS-000268,Islamabad,Residential,134.8,148.2,1.1,0.362,1.74,0,0
MTR-000046,CUS-000046,Peshawar,Residential,244.2,260.1,1.065,0.346,3.71,1,0
MTR-000991,CUS-000991,Faisalabad,Residential,233.2,241.5,1.036,0.203,3.03,0,0
MTR-000876,CUS-000876,Faisalabad,Residential,187.5,172.5,0.92,0.214,2.39,1,0
MTR-000773,CUS-000773,Lahore,Residential,233.6,257.4,1.102,0.33,1.53,0,0
MTR-001219,CUS-001219,Faisalabad,Commercial,1199.9,1099.6,0.916,0.384,2.91,0,0
MTR-001126,CUS-001126,Karachi,Residential,227.0,219.0,0.965,0.383,4.26,0,0
MTR-000004,CUS-000004,Islamabad,Residential,242.0,217.0,0.897,0.22,1.86,0,0
MTR-001595,CUS-001595,Rawalpindi,Residential,191.3,171.0,0.894,0.379,0.1,0,0
MTR-002311,CUS-002311,Lahore,Residential,138.1,44.1,0.319,0.865,5.41,1,1
MTR-002491,CUS-002491,Lahore,Residential,234.1,227.6,0.972,0.284,2.06,0,0
MTR-001077,CUS-001077,Faisalabad,Residential,168.5,152.0,0.902,0.339,1.84,0,0
MTR-000837,CUS-000837,Rawalpindi,Residential,182.8,183.3,1.003,0.134,3.36,0,0
MTR-000681,CUS-000681,Karachi,Residential,159.5,162.5,1.019,0.467,1.41,1,0
MTR-001715,CUS-001715,Karachi,Residential,151.9,142.0,0.935,0.406,1.83,1,0
MTR-002352,CUS-002352,Lahore,Residential,265.1,337.9,1.275,0.352,1.35,0,0
MTR-002361,CUS-002361,Peshawar,Residential,136.3,141.7,1.04,0.223,2.78,0,0
MTR-002197,CUS-002197,Multan,Residential,214.3,217.3,1.014,0.295,1.14,1,0
MTR-001148,CUS-001148,Peshawar,Residential,150.6,138.4,0.919,0.363,1.77,0,0
MTR-000574,CUS-000574,Karachi,Residential,170.3,173.1,1.017,0.21,0.48,0,0
MTR-000050,CUS-000050,Faisalabad,Residential,234.5,241.3,1.029,0.286,1.47,0,0
MTR-000853,CUS-000853,Lahore,Residential,124.0,123.9,1.0,0.373,3.66,0,0
MTR-001982,CUS-001982,Rawalpindi,Residential,230.9,270.2,1.17,0.18,3.78,0,0
MTR-001823,CUS-001823,Lahore,Residential,127.4,101.4,0.796,0.327,2.67,0,0
MTR-000833,CUS-000833,Multan,Residential,149.0,142.2,0.954,0.16,2.44,0,0
MTR-001115,CUS-001115,Peshawar,Residential,150.0,162.8,1.086,0.224,1.37,1,0
MTR-001166,CUS-001166,Multan,Residential,160.1,142.9,0.892,0.26,2.2,0,0
MTR-002518,CUS-002518,Lahore,Residential,285.5,232.5,0.814,0.341,2.17,0,0
MTR-001906,CUS-001906,Karachi,Residential,183.0,171.6,0.938,0.244,2.02,0,0
MTR-000971,CUS-000971,Multan,Commercial,476.9,536.6,1.125,0.31,2.81,0,0
MTR-000399,CUS-000399,Karachi,Residential,118.4,106.0,0.895,0.245,1.06,1,0
MTR-002559,CUS-002559,Lahore,Residential,188.7,180.6,0.957,0.258,4.56,0,0
MTR-002368,CUS-002368,Peshawar,Industrial,4874.0,5120.5,1.051,0.4,3.62,0,0
MTR-000019,CUS-000019,Peshawar,Residential,209.1,194.6,0.93,0.208,1.19,0,0
MTR-000684,CUS-000684,Lahore,Residential,192.8,182.6,0.947,0.361,2.11,0,0
MTR-000035,CUS-000035,Peshawar,Commercial,648.6,597.8,0.922,0.3,1.4,0,0
MTR-002829,CUS-002829,Islamabad,Residential,193.9,180.7,0.932,0.254,2.64,0,0
MTR-000524,CUS-000524,Faisalabad,Residential,255.7,220.0,0.86,0.203,1.91,0,0
MTR-002455,CUS-002455,Multan,Residential,256.5,248.6,0.969,0.208,0.12,0,0
MTR-000920,CUS-000920,Faisalabad,Residential,186.5,210.3,1.128,0.241,1.08,0,0
MTR-001841,CUS-001841,Karachi,Residential,93.9,111.7,1.19,0.288,3.33,2,0
MTR-001890,CUS-001890,Lahore,Residential,112.0,128.8,1.15,0.348,1.78,0,0
MTR-000537,CUS-000537,Multan,Residential,138.3,140.6,1.017,0.276,1.77,0,0
MTR-001705,CUS-001705,Lahore,Residential,279.6,335.3,1.199,0.281,2.67,0,0
MTR-002931,CUS-002931,Multan,Residential,140.4,179.2,1.276,0.293,2.94,0,0
MTR-000245,CUS-000245,Rawalpindi,Residential,68.0,69.5,1.022,0.338,1.91,0,0
MTR-000784,CUS-000784,Karachi,Residential,172.6,152.1,0.881,0.352,0.1,0,0
MTR-001409,CUS-001409,Rawalpindi,Residential,195.4,226.2,1.157,0.189,1.2,0,0
MTR-002537,CUS-002537,Lahore,Commercial,649.1,555.4,0.856,0.277,0.1,1,0
MTR-000154,CUS-000154,Multan,Residential,238.5,213.1,0.894,0.398,0.6,0,0
MTR-001686,CUS-001686,Karachi,Residential,173.4,130.1,0.75,0.195,2.08,0,0
MTR-000625,CUS-000625,Faisalabad,Residential,182.2,198.1,1.087,0.306,2.05,0,0
MTR-002876,CUS-002876,Lahore,Residential,261.9,189.1,0.722,0.286,3.28,0,0
MTR-001346,CUS-001346,Peshawar,Residential,206.1,230.7,1.119,0.255,1.97,1,0
MTR-000569,CUS-000569,Lahore,Residential,59.7,72.7,1.217,0.427,1.12,1,0
MTR-002933,CUS-002933,Lahore,Residential,238.6,288.1,1.207,0.303,3.2,0,0
MTR-001758,CUS-001758,Multan,Industrial,7979.3,6767.3,0.848,0.421,3.75,1,0
MTR-001816,CUS-001816,Lahore,Residential,203.4,157.9,0.776,0.3,2.92,1,0
MTR-002065,CUS-002065,Faisalabad,Residential,157.1,145.0,0.923,0.337,1.93,0,0
MTR-000127,CUS-000127,Lahore,Residential,243.6,269.3,1.106,0.254,1.69,0,0
MTR-002977,CUS-002977,Faisalabad,Residential,201.1,230.1,1.144,0.255,0.81,0,0
MTR-002006,CUS-002006,Karachi,Industrial,5149.8,5560.4,1.08,0.333,1.21,0,0
MTR-000980,CUS-000980,Islamabad,Residential,141.5,150.5,1.063,0.334,1.55,0,0
MTR-002974,CUS-002974,Islamabad,Residential,207.3,266.0,1.283,0.348,0.68,1,0
MTR-000190,CUS-000190,Peshawar,Residential,142.6,134.4,0.943,0.33,1.67,0,0
MTR-001139,CUS-001139,Faisalabad,Residential,149.3,135.4,0.907,0.193,1.72,0,0
MTR-000992,CUS-000992,Rawalpindi,Commercial,598.4,513.0,0.857,0.235,3.27,0,0
MTR-000699,CUS-000699,Rawalpindi,Residential,116.5,122.6,1.052,0.368,0.38,1,0
MTR-000606,CUS-000606,Lahore,Commercial,1082.2,1058.9,0.978,0.143,2.17,3,0
MTR-000180,CUS-000180,Islamabad,Residential,281.5,309.4,1.099,0.323,0.64,0,0
MTR-000301,CUS-000301,Multan,Residential,247.4,234.0,0.946,0.291,0.1,0,0
MTR-002544,CUS-002544,Rawalpindi,Residential,262.9,282.7,1.075,0.368,1.51,0,0
MTR-002775,CUS-002775,Lahore,Residential,163.9,156.4,0.954,0.333,2.02,0,0
MTR-001060,CUS-001060,Multan,Residential,200.6,196.7,0.98,0.247,3.27,1,0
MTR-002819,CUS-002819,Lahore,Residential,114.6,113.7,0.992,0.243,1.73,0,0
MTR-002878,CUS-002878,Islamabad,Residential,149.9,119.3,0.796,0.258,1.46,0,0
MTR-002565,CUS-002565,Rawalpindi,Residential,253.2,248.9,0.983,0.346,1.3,0,0
MTR-001069,CUS-001069,Islamabad,Residential,183.4,195.8,1.067,0.116,1.48,0,0
MTR-002524,CUS-002524,Faisalabad,Residential,198.6,175.1,0.881,0.313,0.1,0,0
MTR-002205,CUS-002205,Rawalpindi,Residential,218.2,268.2,1.229,0.229,1.18,0,0
MTR-001243,CUS-001243,Karachi,Residential,198.7,198.8,1.001,0.315,2.8,0,0
MTR-000016,CUS-000016,Islamabad,Residential,151.8,140.4,0.925,0.328,0.1,0,0
MTR-002980,CUS-002980,Islamabad,Commercial,1010.9,931.2,0.921,0.167,1.58,0,0
MTR-000546,CUS-000546,Lahore,Residential,238.1,61.2,0.257,0.873,4.6,2,1
MTR-000658,CUS-000658,Rawalpindi,Residential,127.4,114.8,0.901,0.312,2.72,0,0
MTR-002704,CUS-002704,Karachi,Residential,84.9,87.9,1.036,0.307,2.12,1,0
MTR-002735,CUS-002735,Karachi,Residential,305.4,337.8,1.106,0.29,2.42,0,0
MTR-001504,CUS-001504,Multan,Residential,151.6,161.7,1.067,0.202,1.25,1,0
MTR-000959,CUS-000959,Islamabad,Residential,217.7,203.0,0.932,0.215,0.24,0,0
MTR-002331,CUS-002331,Peshawar,Residential,147.5,162.4,1.101,0.19,1.47,0,0
MTR-000797,CUS-000797,Multan,Residential,219.0,223.1,1.019,0.344,1.86,0,0
MTR-000225,CUS-000225,Faisalabad,Industrial,5080.0,4031.5,0.794,0.291,3.16,0,0
MTR-002074,CUS-002074,Multan,Residential,109.9,126.0,1.147,0.296,0.57,0,0
MTR-001799,CUS-001799,Islamabad,Residential,136.2,126.2,0.926,0.164,4.09,0,0
MTR-002485,CUS-002485,Karachi,Commercial,698.9,684.2,0.979,0.297,2.17,0,0
MTR-002962,CUS-002962,Rawalpindi,Residential,113.2,117.4,1.037,0.351,1.24,0,0
MTR-002277,CUS-002277,Peshawar,Residential,196.6,184.1,0.936,0.153,1.19,0,0
MTR-002085,CUS-002085,Islamabad,Residential,185.7,202.6,1.091,0.257,1.84,0,0
MTR-001693,CUS-001693,Islamabad,Residential,100.5,87.2,0.868,0.174,1.93,0,0
MTR-001045,CUS-001045,Faisalabad,Residential,142.2,132.4,0.931,0.266,2.01,0,0
MTR-000469,CUS-000469,Faisalabad,Residential,293.8,337.0,1.147,0.228,2.64,0,0
MTR-000954,CUS-000954,Faisalabad,Residential,88.6,88.9,1.003,0.33,1.34,0,0
MTR-002976,CUS-002976,Rawalpindi,Residential,172.7,150.8,0.873,0.314,2.11,0,0
MTR-000639,CUS-000639,Peshawar,Residential,185.4,187.2,1.009,0.403,1.67,0,0
MTR-002778,CUS-002778,Multan,Residential,167.7,175.8,1.048,0.296,3.65,0,0
MTR-001218,CUS-001218,Multan,Residential,258.9,209.6,0.81,0.327,0.19,1,0
MTR-001158,CUS-001158,Peshawar,Residential,95.1,114.0,1.199,0.255,4.15,0,0
MTR-001415,CUS-001415,Islamabad,Residential,337.8,410.3,1.215,0.212,1.12,0,0
MTR-002713,CUS-002713,Peshawar,Commercial,1484.1,1505.5,1.014,0.367,0.91,0,0
MTR-001527,CUS-001527,Faisalabad,Residential,177.6,173.3,0.976,0.399,1.7,0,0
MTR-002921,CUS-002921,Faisalabad,Industrial,15.0,15.0,1.003,0.356,2.22,1,0
MTR-001300,CUS-001300,Faisalabad,Residential,166.8,184.7,1.107,0.31,1.64,1,0
MTR-002866,CUS-002866,Multan,Residential,136.5,143.9,1.054,0.222,2.6,0,0
MTR-001603,CUS-001603,Rawalpindi,Industrial,4480.4,4609.0,1.029,0.391,1.55,1,0
MTR-000160,CUS-000160,Peshawar,Residential,222.2,259.1,1.166,0.346,1.36,0,0
MTR-001704,CUS-001704,Peshawar,Commercial,556.7,632.3,1.136,0.462,1.08,0,0
MTR-000956,CUS-000956,Karachi,Residential,193.2,170.9,0.885,0.208,3.26,1,0
MTR-002915,CUS-002915,Lahore,Residential,190.1,210.3,1.106,0.369,2.38,0,0
MTR-000877,CUS-000877,Karachi,Residential,157.8,179.6,1.138,0.344,0.84,0,0
MTR-001919,CUS-001919,Lahore,Residential,287.5,297.1,1.033,0.273,1.55,0,0
MTR-001884,CUS-001884,Lahore,Residential,247.4,265.2,1.072,0.409,0.68,0,0
MTR-002200,CUS-002200,Islamabad,Residential,145.7,140.3,0.963,0.332,4.73,0,0
MTR-000098,CUS-000098,Rawalpindi,Residential,142.8,122.2,0.855,0.225,2.18,0,0
MTR-002827,CUS-002827,Multan,Residential,137.5,168.6,1.226,0.291,0.1,1,0
MTR-002557,CUS-002557,Lahore,Residential,156.9,131.7,0.839,0.224,0.64,1,0
MTR-000253,CUS-000253,Peshawar,Residential,104.9,126.1,1.202,0.263,0.75,0,0
MTR-000103,CUS-000103,Karachi,Residential,251.3,249.3,0.992,0.356,2.29,1,0
MTR-001445,CUS-001445,Rawalpindi,Industrial,6105.7,7019.7,1.15,0.379,0.3,0,0
MTR-001443,CUS-001443,Karachi,Residential,154.5,154.9,1.003,0.318,0.63,0,0
MTR-001648,CUS-001648,Islamabad,Commercial,780.6,868.4,1.112,0.24,1.75,0,0
MTR-000586,CUS-000586,Faisalabad,Industrial,9075.8,9564.6,1.054,0.331,1.92,1,0
MTR-000627,CUS-000627,Rawalpindi,Residential,133.6,122.9,0.92,0.358,1.45,2,0
MTR-001696,CUS-001696,Karachi,Residential,141.6,143.9,1.016,0.142,1.58,0,0
MTR-002101,CUS-002101,Islamabad,Residential,198.5,195.1,0.983,0.309,0.56,0,0
MTR-002199,CUS-002199,Karachi,Commercial,769.2,828.5,1.077,0.285,2.45,0,0
MTR-000403,CUS-000403,Lahore,Residential,217.2,220.9,1.017,0.376,0.1,1,0
MTR-001154,CUS-001154,Multan,Residential,174.7,180.7,1.034,0.331,1.84,0,0
MTR-002255,CUS-002255,Karachi,Residential,251.0,220.1,0.877,0.339,3.78,0,0
MTR-001682,CUS-001682,Islamabad,Commercial,506.3,428.6,0.847,0.261,1.63,0,0
MTR-002056,CUS-002056,Multan,Commercial,564.8,569.6,1.008,0.3,0.6,0,0
MTR-002844,CUS-002844,Multan,Residential,169.0,172.7,1.022,0.375,1.88,0,0
MTR-000452,CUS-000452,Faisalabad,Commercial,728.2,636.3,0.874,0.295,1.69,0,0
MTR-002301,CUS-002301,Islamabad,Residential,184.1,196.7,1.069,0.314,2.18,1,0
MTR-001327,CUS-001327,Islamabad,Residential,201.0,215.8,1.074,0.177,2.17,0,0
MTR-002049,CUS-002049,Karachi,Residential,210.9,214.9,1.019,0.295,2.96,0,0
MTR-000880,CUS-000880,Karachi,Commercial,743.1,314.4,0.423,0.568,6.2,2,1
MTR-002918,CUS-002918,Peshawar,Residential,261.0,221.3,0.848,0.259,1.16,0,0
MTR-000623,CUS-000623,Rawalpindi,Residential,121.3,102.6,0.846,0.305,1.19,1,0
MTR-002393,CUS-002393,Islamabad,Commercial,793.4,831.0,1.047,0.361,1.34,0,0
MTR-002772,CUS-002772,Islamabad,Residential,155.7,140.2,0.901,0.22,2.29,0,0
MTR-001787,CUS-001787,Peshawar,Residential,237.7,216.1,0.909,0.33,0.62,0,0
MTR-000262,CUS-000262,Faisalabad,Residential,185.8,192.0,1.033,0.417,1.05,0,0
MTR-001634,CUS-001634,Islamabad,Commercial,1312.7,1633.7,1.245,0.249,2.05,0,0
MTR-001438,CUS-001438,Faisalabad,Residential,149.5,142.4,0.952,0.176,3.2,0,0
MTR-002198,CUS-002198,Peshawar,Residential,92.2,114.9,1.246,0.323,1.12,1,0
MTR-001969,CUS-001969,Karachi,Residential,158.3,156.9,0.991,0.205,2.35,0,0
MTR-002520,CUS-002520,Karachi,Residential,103.1,110.1,1.068,0.234,1.79,1,0
MTR-001802,CUS-001802,Lahore,Residential,256.7,286.3,1.115,0.374,2.5,0,0
MTR-000640,CUS-000640,Karachi,Residential,163.7,184.0,1.124,0.45,2.06,0,0
MTR-002385,CUS-002385,Karachi,Residential,191.8,199.6,1.041,0.22,2.03,0,0
MTR-002598,CUS-002598,Peshawar,Residential,216.8,210.8,0.972,0.241,4.55,1,0
MTR-002830,CUS-002830,Lahore,Commercial,866.2,952.3,1.099,0.265,4.93,0,0
MTR-001959,CUS-001959,Islamabad,Residential,171.8,180.5,1.051,0.256,1.74,0,0
MTR-000488,CUS-000488,Peshawar,Residential,325.6,308.6,0.948,0.455,1.08,0,0
MTR-001843,CUS-001843,Islamabad,Residential,233.6,273.1,1.169,0.258,2.24,0,0
MTR-001734,CUS-001734,Faisalabad,Industrial,4640.4,4895.1,1.055,0.269,2.6,0,0
MTR-000146,CUS-000146,Islamabad,Residential,132.7,120.8,0.91,0.429,3.32,0,0
MTR-001534,CUS-001534,Faisalabad,Residential,250.2,224.2,0.896,0.346,0.1,1,0
MTR-001986,CUS-001986,Lahore,Residential,194.8,240.6,1.235,0.379,1.59,0,0
MTR-001369,CUS-001369,Lahore,Residential,126.6,119.1,0.941,0.228,1.49,0,0
MTR-002450,CUS-002450,Multan,Residential,159.3,173.7,1.09,0.258,1.19,0,0
MTR-002936,CUS-002936,Karachi,Residential,79.9,83.5,1.045,0.217,0.5,0,0
MTR-000659,CUS-000659,Karachi,Residential,220.8,239.8,1.086,0.364,1.78,2,0
MTR-001794,CUS-001794,Rawalpindi,Commercial,1229.0,1511.0,1.229,0.398,2.7,0,0
MTR-002511,CUS-002511,Lahore,Commercial,1177.5,1318.4,1.12,0.252,0.76,0,0
MTR-000186,CUS-000186,Peshawar,Residential,108.5,119.4,1.1,0.271,2.09,1,0
MTR-001147,CUS-001147,Multan,Residential,342.8,334.7,0.976,0.274,2.42,0,0
MTR-000608,CUS-000608,Multan,Residential,298.8,275.0,0.92,0.176,3.64,2,0
MTR-002191,CUS-002191,Lahore,Industrial,1912.3,2467.5,1.29,0.246,2.64,0,0
MTR-001930,CUS-001930,Islamabad,Residential,153.4,152.6,0.995,0.362,1.91,0,0
MTR-000197,CUS-000197,Lahore,Residential,179.6,177.3,0.987,0.23,2.31,1,0
MTR-002327,CUS-002327,Multan,Residential,196.5,203.3,1.035,0.307,2.76,0,0
MTR-000293,CUS-000293,Lahore,Industrial,6803.4,6959.7,1.023,0.195,2.12,0,0
MTR-000766,CUS-000766,Peshawar,Commercial,1101.7,1312.3,1.191,0.288,2.79,0,0
MTR-000400,CUS-000400,Faisalabad,Residential,176.1,187.5,1.065,0.255,1.67,0,0
MTR-000122,CUS-000122,Peshawar,Residential,197.6,166.5,0.843,0.202,3.2,0,0
MTR-000202,CUS-000202,Multan,Residential,164.0,151.0,0.921,0.363,1.49,1,0
MTR-000835,CUS-000835,Lahore,Industrial,6402.0,6410.2,1.001,0.368,1.31,1,0
MTR-002294,CUS-002294,Multan,Residential,132.3,148.6,1.123,0.222,1.53,0,0
MTR-001439,CUS-001439,Peshawar,Residential,15.0,12.3,0.818,0.283,1.03,1,0
MTR-001733,CUS-001733,Islamabad,Residential,99.6,105.5,1.059,0.304,2.75,0,0
MTR-001695,CUS-001695,Multan,Residential,119.0,129.4,1.088,0.155,0.43,0,0
MTR-002928,CUS-002928,Islamabad,Residential,119.8,132.5,1.106,0.188,1.57,0,0
MTR-001707,CUS-001707,Peshawar,Residential,69.9,18.4,0.263,0.552,7.75,2,1
MTR-002913,CUS-002913,Islamabad,Residential,222.0,250.0,1.126,0.215,2.01,0,0
MTR-001153,CUS-001153,Lahore,Commercial,1279.5,1154.4,0.902,0.401,1.96,0,0
MTR-001661,CUS-001661,Faisalabad,Industrial,1998.3,2225.0,1.113,0.192,1.86,0,0
MTR-002432,CUS-002432,Rawalpindi,Commercial,986.1,978.8,0.993,0.353,2.16,1,0
MTR-001759,CUS-001759,Karachi,Residential,305.6,307.2,1.005,0.275,1.0,0,0
MTR-000854,CUS-000854,Multan,Residential,136.5,137.0,1.004,0.286,1.52,0,0
MTR-001589,CUS-001589,Karachi,Residential,128.6,138.6,1.078,0.448,1.74,2,0
MTR-002267,CUS-002267,Karachi,Residential,164.9,143.0,0.867,0.2,2.46,0,0
MTR-000641,CUS-000641,Karachi,Residential,152.2,168.4,1.106,0.348,2.94,0,0
MTR-000001,CUS-000001,Islamabad,Residential,240.1,265.2,1.105,0.344,1.87,1,0
MTR-002160,CUS-002160,Peshawar,Residential,280.6,83.4,0.297,0.836,5.18,3,1
MTR-000698,CUS-000698,Lahore,Commercial,1254.3,1254.7,1.0,0.214,2.09,0,0
MTR-001636,CUS-001636,Multan,Residential,206.2,184.9,0.897,0.25,1.93,0,0
MTR-001291,CUS-001291,Lahore,Residential,153.5,132.1,0.861,0.365,2.78,1,0
MTR-002856,CUS-002856,Islamabad,Residential,98.0,100.3,1.024,0.284,0.55,0,0
MTR-002489,CUS-002489,Karachi,Commercial,836.0,856.5,1.024,0.263,2.44,1,0
MTR-001520,CUS-001520,Peshawar,Residential,134.9,129.4,0.96,0.377,1.31,0,0
MTR-001853,CUS-001853,Faisalabad,Residential,180.8,153.7,0.85,0.279,3.04,0,0
MTR-001136,CUS-001136,Peshawar,Residential,118.2,124.7,1.055,0.229,1.34,0,0
MTR-002898,CUS-002898,Rawalpindi,Residential,54.2,51.9,0.957,0.358,1.69,0,0
MTR-001631,CUS-001631,Karachi,Residential,150.6,137.1,0.91,0.33,0.44,0,0
MTR-001998,CUS-001998,Lahore,Residential,245.3,282.9,1.153,0.275,2.37,0,0
MTR-000663,CUS-000663,Islamabad,Residential,162.8,143.7,0.883,0.271,1.58,0,0
MTR-000683,CUS-000683,Rawalpindi,Commercial,1275.2,1361.2,1.067,0.227,1.46,2,0
MTR-001257,CUS-001257,Faisalabad,Residential,136.0,111.5,0.82,0.358,2.03,2,0
MTR-000317,CUS-000317,Multan,Residential,260.4,215.5,0.828,0.271,0.33,1,0
MTR-000648,CUS-000648,Faisalabad,Commercial,711.5,752.7,1.058,0.238,1.31,0,0
MTR-001434,CUS-001434,Multan,Residential,113.5,108.9,0.96,0.197,1.81,0,0
MTR-001479,CUS-001479,Multan,Residential,312.5,268.7,0.86,0.331,3.46,1,0
MTR-000709,CUS-000709,Rawalpindi,Residential,184.2,205.2,1.114,0.259,2.18,1,0
MTR-001282,CUS-001282,Faisalabad,Residential,220.7,230.5,1.045,0.139,2.4,1,0
MTR-001768,CUS-001768,Karachi,Commercial,829.9,257.3,0.31,0.656,7.73,1,1
MTR-000972,CUS-000972,Peshawar,Residential,90.0,100.4,1.115,0.281,5.41,1,0
MTR-002675,CUS-002675,Islamabad,Residential,211.0,184.1,0.872,0.284,2.9,0,0
MTR-002680,CUS-002680,Karachi,Residential,152.1,120.9,0.795,0.281,0.1,0,0
MTR-001306,CUS-001306,Islamabad,Residential,182.5,164.5,0.902,0.269,2.22,0,0
MTR-001400,CUS-001400,Islamabad,Commercial,863.4,859.1,0.995,0.182,3.09,0,0
MTR-001408,CUS-001408,Peshawar,Commercial,777.5,784.7,1.009,0.23,0.55,0,0
MTR-002237,CUS-002237,Peshawar,Residential,168.8,135.7,0.804,0.395,2.1,1,0
MTR-001496,CUS-001496,Multan,Residential,170.8,141.8,0.83,0.383,1.46,0,0
MTR-002038,CUS-002038,Faisalabad,Residential,255.1,231.8,0.909,0.346,1.15,1,0
MTR-001529,CUS-001529,Karachi,Residential,383.9,351.8,0.916,0.339,3.34,0,0
MTR-001663,CUS-001663,Faisalabad,Residential,207.1,226.0,1.091,0.372,1.34,0,0
MTR-001354,CUS-001354,Lahore,Commercial,368.5,350.2,0.95,0.21,1.35,0,0
MTR-002924,CUS-002924,Islamabad,Commercial,1494.5,1627.7,1.089,0.303,1.1,0,0
MTR-002944,CUS-002944,Faisalabad,Residential,189.8,214.8,1.131,0.21,0.91,1,0
MTR-001643,CUS-001643,Peshawar,Residential,113.1,120.6,1.067,0.212,1.45,0,0
MTR-001051,CUS-001051,Peshawar,Residential,94.7,59.8,0.631,0.329,1.4,0,0
MTR-000795,CUS-000795,Rawalpindi,Residential,279.2,269.0,0.964,0.376,0.81,0,0
MTR-002693,CUS-002693,Islamabad,Residential,202.9,198.9,0.98,0.284,1.97,0,0
MTR-001597,CUS-001597,Faisalabad,Residential,173.4,172.3,0.993,0.432,0.1,0,0
MTR-002604,CUS-002604,Lahore,Residential,168.1,126.1,0.75,0.317,2.1,0,0
MTR-002729,CUS-002729,Rawalpindi,Residential,138.4,125.7,0.908,0.238,2.98,0,0
MTR-002625,CUS-002625,Islamabad,Residential,117.7,98.5,0.837,0.213,1.47,1,0
MTR-001819,CUS-001819,Lahore,Industrial,885.8,787.3,0.889,0.381,2.35,1,0
MTR-001722,CUS-001722,Karachi,Residential,188.6,182.7,0.969,0.31,1.75,0,0
MTR-001183,CUS-001183,Multan,Commercial,487.1,443.8,0.911,0.354,4.35,0,0
MTR-002572,CUS-002572,Peshawar,Commercial,830.3,745.3,0.898,0.087,2.97,1,0
MTR-001059,CUS-001059,Peshawar,Residential,125.3,122.3,0.976,0.32,1.13,0,0
MTR-000540,CUS-000540,Peshawar,Residential,179.3,168.7,0.941,0.259,3.29,0,0
MTR-001678,CUS-001678,Peshawar,Residential,176.3,180.5,1.024,0.188,4.41,1,0
MTR-002796,CUS-002796,Lahore,Residential,152.0,144.3,0.95,0.295,1.78,0,0
MTR-002955,CUS-002955,Peshawar,Residential,240.6,195.3,0.812,0.387,2.49,0,0
MTR-002532,CUS-002532,Peshawar,Residential,260.9,228.6,0.876,0.481,3.01,0,0
MTR-001757,CUS-001757,Lahore,Residential,163.3,156.9,0.961,0.319,0.88,0,0
MTR-001923,CUS-001923,Faisalabad,Residential,353.5,334.5,0.946,0.243,0.17,1,0
MTR-000095,CUS-000095,Multan,Residential,74.3,61.7,0.83,0.238,2.16,0,0
MTR-001020,CUS-001020,Peshawar,Residential,166.2,179.7,1.081,0.377,1.18,0,0
MTR-000563,CUS-000563,Multan,Residential,219.2,227.4,1.037,0.22,1.78,0,0
MTR-002790,CUS-002790,Peshawar,Commercial,867.9,805.3,0.928,0.35,3.02,0,0
MTR-000863,CUS-000863,Lahore,Residential,268.2,262.9,0.98,0.323,2.57,0,0
MTR-001484,CUS-001484,Rawalpindi,Commercial,1138.9,992.4,0.871,0.315,2.56,0,0
MTR-001881,CUS-001881,Karachi,Residential,61.7,68.0,1.102,0.175,1.87,1,0
MTR-001038,CUS-001038,Rawalpindi,Residential,119.9,149.7,1.248,0.271,1.36,0,0
MTR-000206,CUS-000206,Faisalabad,Industrial,6709.6,6190.6,0.923,0.183,1.29,0,0
MTR-000392,CUS-000392,Karachi,Commercial,474.7,544.4,1.147,0.253,3.74,1,0
MTR-002842,CUS-002842,Peshawar,Residential,236.0,211.6,0.897,0.373,4.26,0,0
MTR-000870,CUS-000870,Rawalpindi,Residential,107.2,100.4,0.936,0.398,3.08,0,0
MTR-000397,CUS-000397,Multan,Residential,121.1,141.9,1.172,0.317,1.72,0,0
MTR-002814,CUS-002814,Lahore,Residential,215.1,212.0,0.986,0.254,0.89,0,0
MTR-002882,CUS-002882,Rawalpindi,Residential,157.1,170.1,1.082,0.427,4.72,1,0
MTR-001028,CUS-001028,Karachi,Residential,225.2,217.9,0.968,0.253,2.45,0,0
MTR-002690,CUS-002690,Lahore,Residential,120.7,94.6,0.784,0.209,2.43,0,0
MTR-001485,CUS-001485,Lahore,Industrial,4925.1,6306.5,1.28,0.356,1.4,0,0
MTR-002660,CUS-002660,Multan,Residential,157.9,153.8,0.974,0.337,2.69,1,0
MTR-000960,CUS-000960,Peshawar,Residential,222.0,226.2,1.019,0.257,1.79,0,0
MTR-001570,CUS-001570,Islamabad,Residential,300.0,273.6,0.912,0.308,0.94,0,0
MTR-002773,CUS-002773,Rawalpindi,Residential,61.4,67.1,1.094,0.335,1.66,0,0
MTR-001895,CUS-001895,Peshawar,Residential,120.7,130.9,1.085,0.316,2.4,0,0
MTR-002731,CUS-002731,Islamabad,Residential,194.4,158.1,0.813,0.337,3.53,0,0
MTR-002146,CUS-002146,Multan,Residential,102.4,104.5,1.021,0.26,0.43,0,0
MTR-000804,CUS-000804,Peshawar,Residential,131.9,145.8,1.105,0.342,0.76,1,0
MTR-001751,CUS-001751,Faisalabad,Industrial,2775.4,3175.2,1.144,0.301,1.57,0,0
MTR-002454,CUS-002454,Lahore,Residential,164.5,177.3,1.078,0.262,1.06,1,0
MTR-000502,CUS-000502,Rawalpindi,Commercial,895.7,974.6,1.088,0.28,2.0,1,0
MTR-000779,CUS-000779,Peshawar,Residential,217.4,203.3,0.935,0.292,1.51,0,0
MTR-001863,CUS-001863,Multan,Residential,69.4,59.2,0.853,0.184,2.12,0,0
MTR-000200,CUS-000200,Rawalpindi,Residential,214.3,206.3,0.963,0.249,2.17,0,0
MTR-002182,CUS-002182,Lahore,Industrial,6143.5,5220.7,0.85,0.305,0.65,1,0
MTR-002088,CUS-002088,Peshawar,Residential,308.1,280.8,0.911,0.192,1.79,1,0
MTR-002278,CUS-002278,Rawalpindi,Residential,256.3,233.1,0.91,0.25,1.2,0,0
MTR-001796,CUS-001796,Faisalabad,Residential,253.4,224.8,0.887,0.491,3.14,0,0
MTR-000378,CUS-000378,Lahore,Residential,250.6,266.6,1.064,0.21,1.32,0,0
MTR-002336,CUS-002336,Lahore,Commercial,1153.0,1012.9,0.878,0.269,1.5,1,0
MTR-000418,CUS-000418,Lahore,Residential,169.7,207.1,1.22,0.233,1.09,0,0
MTR-001698,CUS-001698,Islamabad,Residential,206.9,79.6,0.385,0.87,7.65,4,1
MTR-000391,CUS-000391,Faisalabad,Residential,167.1,191.0,1.143,0.235,1.85,0,0
MTR-002640,CUS-002640,Faisalabad,Residential,198.8,182.4,0.917,0.281,3.48,1,0
MTR-001522,CUS-001522,Karachi,Commercial,803.5,822.8,1.024,0.243,1.97,0,0
MTR-001162,CUS-001162,Faisalabad,Residential,66.3,58.0,0.875,0.384,3.35,1,0
MTR-001495,CUS-001495,Rawalpindi,Residential,233.5,239.6,1.026,0.307,3.54,0,0
MTR-002695,CUS-002695,Multan,Commercial,1035.6,815.9,0.788,0.22,1.65,0,0
MTR-002027,CUS-002027,Faisalabad,Residential,116.5,131.4,1.127,0.367,1.82,0,0
MTR-001152,CUS-001152,Faisalabad,Residential,197.8,182.5,0.923,0.223,1.43,0,0
MTR-001367,CUS-001367,Lahore,Residential,90.9,94.2,1.036,0.175,0.77,0,0
MTR-002568,CUS-002568,Islamabad,Residential,245.9,260.3,1.059,0.3,4.36,0,0
MTR-000064,CUS-000064,Multan,Residential,170.0,158.7,0.934,0.453,1.43,0,0
MTR-002062,CUS-002062,Lahore,Residential,158.1,143.0,0.904,0.154,1.1,0,0
MTR-001180,CUS-001180,Faisalabad,Residential,206.8,203.8,0.986,0.194,0.94,0,0
MTR-000492,CUS-000492,Multan,Residential,166.0,53.0,0.319,0.626,3.43,1,1
MTR-000379,CUS-000379,Faisalabad,Industrial,6034.0,5927.6,0.982,0.249,1.7,0,0
MTR-002235,CUS-002235,Rawalpindi,Residential,160.0,171.6,1.072,0.349,3.24,0,0
MTR-000763,CUS-000763,Multan,Commercial,765.3,838.2,1.095,0.233,3.81,0,0
MTR-002264,CUS-002264,Faisalabad,Residential,191.9,187.5,0.977,0.311,0.1,1,0
MTR-000791,CUS-000791,Islamabad,Residential,174.7,172.3,0.986,0.44,3.59,1,0
MTR-001076,CUS-001076,Peshawar,Residential,191.6,194.8,1.017,0.204,3.68,0,0
MTR-000878,CUS-000878,Lahore,Residential,218.6,248.6,1.137,0.382,1.38,1,0
MTR-000337,CUS-000337,Karachi,Residential,149.6,143.4,0.959,0.354,1.09,0,0
MTR-002767,CUS-002767,Peshawar,Residential,261.9,297.7,1.137,0.181,2.52,0,0
MTR-002343,CUS-002343,Rawalpindi,Residential,224.6,231.5,1.031,0.345,1.36,0,0
MTR-001016,CUS-001016,Islamabad,Residential,274.5,250.2,0.912,0.306,3.5,0,0
MTR-001275,CUS-001275,Faisalabad,Residential,295.7,294.2,0.995,0.307,2.49,0,0
MTR-000455,CUS-000455,Karachi,Residential,235.9,204.2,0.866,0.327,1.25,0,0
MTR-000815,CUS-000815,Lahore,Residential,189.2,158.6,0.838,0.272,2.29,0,0
MTR-002317,CUS-002317,Multan,Residential,145.4,156.0,1.073,0.306,2.07,0,0
MTR-000995,CUS-000995,Rawalpindi,Commercial,120.0,131.5,1.096,0.319,0.1,0,0
MTR-001981,CUS-001981,Lahore,Commercial,871.0,867.5,0.996,0.36,1.01,1,0
MTR-000201,CUS-000201,Multan,Residential,215.8,217.0,1.006,0.178,1.34,0,0
MTR-000161,CUS-000161,Peshawar,Industrial,4999.5,4653.5,0.931,0.403,2.38,0,0
MTR-001579,CUS-001579,Lahore,Commercial,1033.4,1054.5,1.02,0.208,2.57,0,0
MTR-002777,CUS-002777,Karachi,Residential,210.3,260.3,1.238,0.361,3.21,0,0
MTR-002449,CUS-002449,Islamabad,Commercial,872.8,978.6,1.121,0.306,1.3,1,0
MTR-000702,CUS-000702,Karachi,Commercial,846.8,839.1,0.991,0.198,0.52,1,0
MTR-001500,CUS-001500,Faisalabad,Residential,310.0,303.9,0.98,0.342,1.15,0,0
MTR-001129,CUS-001129,Karachi,Residential,238.1,227.3,0.955,0.224,1.29,1,0
MTR-002613,CUS-002613,Islamabad,Residential,117.8,97.9,0.831,0.386,1.2,1,0
MTR-001021,CUS-001021,Islamabad,Commercial,472.0,444.6,0.942,0.243,1.98,0,0
MTR-001585,CUS-001585,Islamabad,Residential,144.5,156.2,1.081,0.18,2.7,1,0
MTR-001955,CUS-001955,Islamabad,Residential,328.4,291.7,0.888,0.423,1.59,1,0
MTR-002253,CUS-002253,Karachi,Residential,133.2,128.7,0.966,0.315,2.5,0,0
MTR-000034,CUS-000034,Peshawar,Residential,219.6,190.1,0.866,0.369,2.97,0,0
MTR-000775,CUS-000775,Multan,Residential,50.2,54.9,1.094,0.232,1.99,1,0
MTR-002556,CUS-002556,Faisalabad,Industrial,4583.5,3883.2,0.847,0.149,0.86,0,0
MTR-001478,CUS-001478,Islamabad,Commercial,722.5,773.9,1.071,0.434,1.72,0,0
MTR-001390,CUS-001390,Multan,Residential,153.1,172.0,1.123,0.299,3.02,1,0
MTR-002139,CUS-002139,Peshawar,Residential,134.2,129.0,0.961,0.339,2.63,0,0
MTR-001363,CUS-001363,Islamabad,Residential,150.5,138.1,0.918,0.353,0.93,0,0
MTR-002612,CUS-002612,Karachi,Residential,185.2,195.8,1.057,0.273,3.18,0,0
MTR-002824,CUS-002824,Karachi,Residential,123.6,147.4,1.192,0.318,1.67,1,0
MTR-002041,CUS-002041,Lahore,Commercial,801.8,930.9,1.161,0.428,0.93,0,0
MTR-000241,CUS-000241,Faisalabad,Commercial,1236.3,1225.4,0.991,0.297,1.97,0,0
MTR-002061,CUS-002061,Rawalpindi,Industrial,6048.7,5407.6,0.894,0.375,0.48,0,0
MTR-002363,CUS-002363,Islamabad,Residential,197.4,191.9,0.972,0.141,2.65,0,0
MTR-000600,CUS-000600,Faisalabad,Industrial,4173.3,3327.0,0.797,0.39,3.14,1,0
MTR-002435,CUS-002435,Multan,Residential,243.9,227.6,0.933,0.178,1.0,0,0
MTR-001297,CUS-001297,Multan,Commercial,908.0,957.1,1.054,0.381,1.83,0,0
MTR-002214,CUS-002214,Islamabad,Residential,163.6,156.4,0.956,0.331,2.87,1,0
MTR-002888,CUS-002888,Islamabad,Residential,195.5,181.4,0.928,0.292,0.67,1,0
MTR-002068,CUS-002068,Rawalpindi,Residential,251.5,249.8,0.993,0.292,0.78,0,0
MTR-000646,CUS-000646,Multan,Industrial,7442.3,7201.7,0.968,0.28,1.76,0,0
MTR-001528,CUS-001528,Lahore,Residential,223.0,243.2,1.091,0.234,1.72,0,0
MTR-002879,CUS-002879,Multan,Commercial,1148.6,965.7,0.841,0.284,2.05,1,0
MTR-001267,CUS-001267,Karachi,Residential,259.8,276.2,1.063,0.477,1.89,0,0
MTR-001899,CUS-001899,Karachi,Residential,152.1,151.3,0.994,0.404,0.67,0,0
MTR-000562,CUS-000562,Rawalpindi,Commercial,825.7,868.7,1.052,0.23,0.38,0,0
MTR-002734,CUS-002734,Faisalabad,Residential,79.7,66.4,0.833,0.321,0.68,1,0
MTR-000189,CUS-000189,Lahore,Residential,129.7,143.4,1.106,0.308,2.5,0,0
MTR-001806,CUS-001806,Karachi,Residential,151.5,161.4,1.065,0.289,2.95,0,0
MTR-000975,CUS-000975,Rawalpindi,Commercial,592.4,711.3,1.201,0.22,1.91,0,0
MTR-002747,CUS-002747,Multan,Residential,105.6,95.0,0.9,0.336,2.71,3,0
MTR-002047,CUS-002047,Karachi,Residential,107.1,99.6,0.93,0.368,1.39,0,0
MTR-002558,CUS-002558,Rawalpindi,Commercial,599.8,471.4,0.786,0.233,1.63,0,0
MTR-001082,CUS-001082,Peshawar,Residential,147.0,132.5,0.901,0.456,2.92,0,0
MTR-000474,CUS-000474,Faisalabad,Commercial,654.8,767.5,1.172,0.422,2.47,0,0
MTR-002904,CUS-002904,Multan,Residential,171.7,177.8,1.035,0.344,2.18,0,0
MTR-000747,CUS-000747,Faisalabad,Residential,116.6,106.4,0.913,0.201,1.85,0,0
MTR-002300,CUS-002300,Karachi,Residential,163.8,166.4,1.016,0.332,0.84,0,0
MTR-000021,CUS-000021,Faisalabad,Residential,202.8,201.3,0.993,0.323,2.09,0,0
MTR-000459,CUS-000459,Karachi,Residential,158.2,122.0,0.771,0.341,2.31,0,0
MTR-001184,CUS-001184,Karachi,Residential,182.4,144.6,0.793,0.427,4.21,1,0
MTR-002324,CUS-002324,Multan,Residential,245.2,277.8,1.133,0.286,1.92,0,0
MTR-000955,CUS-000955,Multan,Residential,197.7,215.2,1.088,0.464,1.63,0,0
MTR-001215,CUS-001215,Faisalabad,Residential,150.5,123.7,0.822,0.333,2.28,1,0
MTR-002433,CUS-002433,Faisalabad,Industrial,5377.7,5295.8,0.985,0.277,3.45,0,0
MTR-002853,CUS-002853,Islamabad,Residential,199.1,182.0,0.914,0.492,2.35,0,0
MTR-001515,CUS-001515,Peshawar,Commercial,625.6,707.3,1.131,0.366,1.82,1,0
MTR-002391,CUS-002391,Karachi,Commercial,668.1,704.0,1.054,0.264,1.21,0,0
MTR-000769,CUS-000769,Rawalpindi,Residential,113.4,98.4,0.867,0.307,1.17,1,0
MTR-001685,CUS-001685,Islamabad,Residential,249.3,252.9,1.014,0.351,2.78,0,0
MTR-000130,CUS-000130,Islamabad,Commercial,1442.6,1435.5,0.995,0.288,1.71,2,0
MTR-002919,CUS-002919,Peshawar,Residential,327.7,72.7,0.222,0.851,9.61,3,1
MTR-002135,CUS-002135,Rawalpindi,Commercial,737.3,692.2,0.939,0.235,2.08,0,0
MTR-001482,CUS-001482,Karachi,Residential,134.2,134.6,1.003,0.165,2.49,0,0
MTR-000330,CUS-000330,Lahore,Residential,160.1,143.8,0.898,0.309,1.45,0,0
MTR-001238,CUS-001238,Faisalabad,Residential,137.3,117.7,0.857,0.311,1.18,0,0
MTR-000466,CUS-000466,Karachi,Residential,178.7,152.0,0.85,0.342,2.76,1,0
MTR-002169,CUS-002169,Faisalabad,Residential,121.3,106.0,0.874,0.254,3.2,0,0
MTR-001638,CUS-001638,Multan,Residential,132.7,139.4,1.051,0.193,1.01,0,0
MTR-001095,CUS-001095,Rawalpindi,Residential,199.2,209.9,1.054,0.223,1.27,0,0
MTR-001130,CUS-001130,Islamabad,Residential,131.3,154.3,1.175,0.384,1.34,0,0
MTR-001294,CUS-001294,Lahore,Residential,191.9,186.6,0.973,0.247,2.68,0,0
MTR-000860,CUS-000860,Lahore,Residential,75.9,82.3,1.084,0.265,2.36,2,0
