meter_id,consumer_id,transformer_id,meter_type,install_date
MTR-000000,CUS-000000,TRF-00147,Smart,2026-05-28
MTR-000001,CUS-000001,TRF-00363,Smart,2022-04-16
MTR-000002,CUS-000002,TRF-00158,Smart-Prepaid,2023-02-25
MTR-000003,CUS-000003,TRF-00323,Smart,2019-01-10
MTR-000004,CUS-000004,TRF-00473,Smart,2023-07-04
MTR-000005,CUS-000005,TRF-00267,Smart-Prepaid,2022-07-17
MTR-000006,CUS-000006,TRF-00149,Smart,2022-01-22
MTR-000007,CUS-000007,TRF-00128,Smart,2026-02-25
MTR-000008,CUS-000008,TRF-00125,Smart,2019-12-18
MTR-000009,CUS-000009,TRF-00000,Smart,2023-01-15
MTR-000010,CUS-000010,TRF-00386,Smart-Prepaid,2023-01-12
MTR-000011,CUS-000011,TRF-00116,Smart,2019-01-23
MTR-000012,CUS-000012,TRF-00459,Smart,2021-05-11
MTR-000013,CUS-000013,TRF-00148,Smart,2025-06-23
MTR-000014,CUS-000014,TRF-00268,Smart-Prepaid,2019-10-11
MTR-000015,CUS-000015,TRF-00188,Smart,2024-01-03
MTR-000016,CUS-000016,TRF-00140,Smart,2019-02-15
MTR-000017,CUS-000017,TRF-00104,Smart,2024-04-18
MTR-000018,CUS-000018,TRF-00465,Smart,2023-02-12
MTR-000019,CUS-000019,TRF-00251,Smart,2026-02-08
MTR-000020,CUS-000020,TRF-00416,Smart,2024-05-14
MTR-000021,CUS-000021,TRF-00389,Smart,2024-04-03
MTR-000022,CUS-000022,TRF-00280,Smart,2022-06-29
MTR-000023,CUS-000023,TRF-00406,Smart,2024-03-07
MTR-000024,CUS-000024,TRF-00343,Smart,2026-01-26
MTR-000025,CUS-000025,TRF-00100,Smart-Prepaid,2026-06-01
MTR-000026,CUS-000026,TRF-00281,Smart,2020-04-23
MTR-000027,CUS-000027,TRF-00387,Smart,2022-03-09
MTR-000028,CUS-000028,TRF-00357,Smart,2022-11-14
MTR-000029,CUS-000029,TRF-00162,Smart,2023-12-13
MTR-000030,CUS-000030,TRF-00496,Smart,2021-03-22
MTR-000031,CUS-000031,TRF-00202,Smart-Prepaid,2023-02-13
MTR-000032,CUS-000032,TRF-00099,Smart,2025-07-17
MTR-000033,CUS-000033,TRF-00280,Smart-Prepaid,2026-02-05
MTR-000034,CUS-000034,TRF-00403,Smart-Prepaid,2019-10-01
MTR-000035,CUS-000035,TRF-00256,Smart,2022-11-17
MTR-000036,CUS-000036,TRF-00093,Smart-Prepaid,2024-01-01
MTR-000037,CUS-000037,TRF-00323,Smart,2021-02-04
MTR-000038,CUS-000038,TRF-00278,Smart,2018-08-29
MTR-000039,CUS-000039,TRF-00226,Smart,2023-06-07
MTR-000040,CUS-000040,TRF-00361,Smart,2024-03-30
MTR-000041,CUS-000041,TRF-00149,Smart-Prepaid,2021-06-11
MTR-000042,CUS-000042,TRF-00350,Smart-Prepaid,2019-07-22
MTR-000043,CUS-000043,TRF-00061,Smart-Prepaid,2026-05-06
MTR-000044,CUS-000044,TRF-00128,Smart,2023-06-20
MTR-000045,CUS-000045,TRF-00186,Smart,2022-10-20
MTR-000046,CUS-000046,TRF-00067,Smart,2024-05-22
MTR-000047,CUS-000047,TRF-00402,Smart,2024-05-28
MTR-000048,CUS-000048,TRF-00029,Smart,2020-07-29
MTR-000049,CUS-000049,TRF-00384,Smart,2023-05-15
MTR-000050,CUS-000050,TRF-00303,Smart,2024-08-12
MTR-000051,CUS-000051,TRF-00274,Smart,2020-01-10
MTR-000052,CUS-000052,TRF-00126,Smart,2020-01-16
MTR-000053,CUS-000053,TRF-00435,Smart,2023-10-01
MTR-000054,CUS-000054,TRF-00212,Smart-Prepaid,2022-07-11
MTR-000055,CUS-000055,TRF-00405,Smart,2019-07-21
MTR-000056,CUS-000056,TRF-00305,Smart,2019-04-24
MTR-000057,CUS-000057,TRF-00449,Smart-Prepaid,2026-02-05
MTR-000058,CUS-000058,TRF-00133,Smart-Prepaid,2023-02-25
MTR-000059,CUS-000059,TRF-00447,Smart-Prepaid,2026-02-13
MTR-000060,CUS-000060,TRF-00404,Smart,2021-09-03
MTR-000061,CUS-000061,TRF-00480,Smart,2021-10-31
MTR-000062,CUS-000062,TRF-00402,Smart-Prepaid,2024-02-14
MTR-000063,CUS-000063,TRF-00218,Smart-Prepaid,2019-09-14
MTR-000064,CUS-000064,TRF-00420,Smart,2021-04-28
MTR-000065,CUS-000065,TRF-00318,Smart,2019-05-14
MTR-000066,CUS-000066,TRF-00156,Smart,2021-06-02
MTR-000067,CUS-000067,TRF-00187,Smart,2024-03-16
MTR-000068,CUS-000068,TRF-00475,Smart,2025-07-26
MTR-000069,CUS-000069,TRF-00161,Smart,2022-07-25
MTR-000070,CUS-000070,TRF-00128,Smart-Prepaid,2020-01-25
MTR-000071,CUS-000071,TRF-00303,Smart,2021-10-13
MTR-000072,CUS-000072,TRF-00088,Smart-Prepaid,2020-05-26
MTR-000073,CUS-000073,TRF-00382,Smart,2026-05-30
MTR-000074,CUS-000074,TRF-00404,Smart,2023-08-14
MTR-000075,CUS-000075,TRF-00161,Smart,2021-04-18
MTR-000076,CUS-000076,TRF-00409,Smart-Prepaid,2024-07-23
MTR-000077,CUS-000077,TRF-00035,Smart,2022-10-03
MTR-000078,CUS-000078,TRF-00226,Smart,2018-10-07
MTR-000079,CUS-000079,TRF-00150,Smart-Prepaid,2023-05-29
MTR-000080,CUS-000080,TRF-00080,Smart,2026-05-19
MTR-000081,CUS-000081,TRF-00046,Smart-Prepaid,2019-01-28
MTR-000082,CUS-000082,TRF-00489,Smart-Prepaid,2021-07-24
MTR-000083,CUS-000083,TRF-00203,Smart-Prepaid,2019-12-10
MTR-000084,CUS-000084,TRF-00427,Smart,2026-03-27
MTR-000085,CUS-000085,TRF-00147,Smart,2022-10-18
MTR-000086,CUS-000086,TRF-00230,Smart-Prepaid,2018-08-23
MTR-000087,CUS-000087,TRF-00026,Smart,2021-08-26
MTR-000088,CUS-000088,TRF-00489,Smart,2018-10-28
MTR-000089,CUS-000089,TRF-00188,Smart-Prepaid,2025-10-09
MTR-000090,CUS-000090,TRF-00164,Smart,2023-01-25
MTR-000091,CUS-000091,TRF-00211,Smart-Prepaid,2025-05-30
MTR-000092,CUS-000092,TRF-00307,Smart-Prepaid,2026-03-04
MTR-000093,CUS-000093,TRF-00074,Smart-Prepaid,2020-02-06
MTR-000094,CUS-000094,TRF-00091,Smart,2023-07-10
MTR-000095,CUS-000095,TRF-00061,Smart,2020-01-17
MTR-000096,CUS-000096,TRF-00065,Smart,2020-05-02
MTR-000097,CUS-000097,TRF-00407,Smart,2021-05-04
MTR-000098,CUS-000098,TRF-00079,Smart,2025-07-06
MTR-000099,CUS-000099,TRF-00139,Smart,2025-10-31
MTR-000100,CUS-000100,TRF-00399,Smart,2023-05-10
MTR-000101,CUS-000101,TRF-00419,Smart,2023-02-24
MTR-000102,CUS-000102,TRF-00129,Smart-Prepaid,2025-08-31
MTR-000103,CUS-000103,TRF-00472,Smart,2024-03-13
MTR-000104,CUS-000104,TRF-00253,Smart,2025-07-28
MTR-000105,CUS-000105,TRF-00445,Smart,2020-01-05
MTR-000106,CUS-000106,TRF-00319,Smart-Prepaid,2019-10-14
MTR-000107,CUS-000107,TRF-00028,Smart,2025-02-02
MTR-000108,CUS-000108,TRF-00475,Smart,2018-11-05
MTR-000109,CUS-000109,TRF-00201,Smart,2018-11-30
MTR-000110,CUS-000110,TRF-00236,Smart,2022-11-11
MTR-000111,CUS-000111,TRF-00086,Smart-Prepaid,2026-03-11
MTR-000112,CUS-000112,TRF-00095,Smart-Prepaid,2026-01-20
MTR-000113,CUS-000113,TRF-00286,Smart,2024-12-30
MTR-000114,CUS-000114,TRF-00338,Smart-Prepaid,2021-01-27
MTR-000115,CUS-000115,TRF-00398,Smart-Prepaid,2020-11-29
MTR-000116,CUS-000116,TRF-00438,Smart-Prepaid,2021-05-15
MTR-000117,CUS-000117,TRF-00288,Smart,2020-01-13
MTR-000118,CUS-000118,TRF-00251,Smart,2022-09-17
MTR-000119,CUS-000119,TRF-00464,Smart,2025-09-25
MTR-000120,CUS-000120,TRF-00179,Smart,2022-07-19
MTR-000121,CUS-000121,TRF-00099,Smart,2023-05-21
MTR-000122,CUS-000122,TRF-00403,Smart-Prepaid,2026-07-03
MTR-000123,CUS-000123,TRF-00072,Smart-Prepaid,2025-11-21
MTR-000124,CUS-000124,TRF-00421,Smart-Prepaid,2026-01-12
MTR-000125,CUS-000125,TRF-00130,Smart,2025-12-16
MTR-000126,CUS-000126,TRF-00181,Smart,2022-12-11
MTR-000127,CUS-000127,TRF-00193,Smart,2021-09-07
MTR-000128,CUS-000128,TRF-00017,Smart,2022-02-25
MTR-000129,CUS-000129,TRF-00470,Smart-Prepaid,2019-07-12
MTR-000130,CUS-000130,TRF-00125,Smart,2022-12-30
MTR-000131,CUS-000131,TRF-00210,Smart-Prepaid,2021-04-14
MTR-000132,CUS-000132,TRF-00006,Smart,2021-07-02
MTR-000133,CUS-000133,TRF-00418,Smart,2020-07-02
MTR-000134,CUS-000134,TRF-00379,Smart,2025-01-29
MTR-000135,CUS-000135,TRF-00113,Smart,2020-02-05
MTR-000136,CUS-000136,TRF-00339,Smart,2021-10-22
MTR-000137,CUS-000137,TRF-00083,Smart,2021-06-11
MTR-000138,CUS-000138,TRF-00338,Smart,2025-11-11
MTR-000139,CUS-000139,TRF-00360,Smart-Prepaid,2025-11-24
MTR-000140,CUS-000140,TRF-00463,Smart-Prepaid,2025-01-10
MTR-000141,CUS-000141,TRF-00101,Smart-Prepaid,2025-10-22
MTR-000142,CUS-000142,TRF-00468,Smart-Prepaid,2024-03-17
MTR-000143,CUS-000143,TRF-00092,Smart-Prepaid,2025-04-01
MTR-000144,CUS-000144,TRF-00491,Smart,2019-05-22
MTR-000145,CUS-000145,TRF-00315,Smart,2022-09-21
MTR-000146,CUS-000146,TRF-00101,Smart,2023-11-10
MTR-000147,CUS-000147,TRF-00492,Smart-Prepaid,2021-02-22
MTR-000148,CUS-000148,TRF-00250,Smart,2022-10-13
MTR-000149,CUS-000149,TRF-00023,Smart,2023-02-28
MTR-000150,CUS-000150,TRF-00484,Smart-Prepaid,2022-10-26
MTR-000151,CUS-000151,TRF-00476,Smart,2021-09-22
MTR-000152,CUS-000152,TRF-00478,Smart-Prepaid,2022-12-07
MTR-000153,CUS-000153,TRF-00364,Smart-Prepaid,2020-03-13
MTR-000154,CUS-000154,TRF-00499,Smart,2021-02-21
MTR-000155,CUS-000155,TRF-00166,Smart,2022-02-25
MTR-000156,CUS-000156,TRF-00139,Smart-Prepaid,2020-03-04
MTR-000157,CUS-000157,TRF-00093,Smart,2026-01-30
MTR-000158,CUS-000158,TRF-00180,Smart-Prepaid,2021-12-24
MTR-000159,CUS-000159,TRF-00063,Smart-Prepaid,2022-01-19
MTR-000160,CUS-000160,TRF-00003,Smart,2019-04-05
MTR-000161,CUS-000161,TRF-00093,Smart,2018-10-17
MTR-000162,CUS-000162,TRF-00388,Smart,2019-06-07
MTR-000163,CUS-000163,TRF-00271,Smart,2023-01-19
MTR-000164,CUS-000164,TRF-00282,Smart,2023-06-08
MTR-000165,CUS-000165,TRF-00131,Smart-Prepaid,2021-01-10
MTR-000166,CUS-000166,TRF-00071,Smart,2026-06-18
MTR-000167,CUS-000167,TRF-00303,Smart-Prepaid,2024-09-15
MTR-000168,CUS-000168,TRF-00391,Smart,2024-09-16
MTR-000169,CUS-000169,TRF-00080,Smart,2024-02-21
MTR-000170,CUS-000170,TRF-00173,Smart,2022-10-13
MTR-000171,CUS-000171,TRF-00299,Smart-Prepaid,2018-12-08
MTR-000172,CUS-000172,TRF-00450,Smart,2026-02-07
MTR-000173,CUS-000173,TRF-00474,Smart,2021-01-14
MTR-000174,CUS-000174,TRF-00051,Smart-Prepaid,2023-04-04
MTR-000175,CUS-000175,TRF-00289,Smart,2025-09-25
MTR-000176,CUS-000176,TRF-00445,Smart,2022-11-26
MTR-000177,CUS-000177,TRF-00236,Smart,2023-09-06
MTR-000178,CUS-000178,TRF-00276,Smart-Prepaid,2024-06-16
MTR-000179,CUS-000179,TRF-00490,Smart,2022-11-02
MTR-000180,CUS-000180,TRF-00279,Smart,2018-12-24
MTR-000181,CUS-000181,TRF-00043,Smart,2021-01-02
MTR-000182,CUS-000182,TRF-00369,Smart-Prepaid,2020-02-05
MTR-000183,CUS-000183,TRF-00253,Smart,2026-03-29
MTR-000184,CUS-000184,TRF-00424,Smart,2019-01-08
MTR-000185,CUS-000185,TRF-00412,Smart,2025-02-21
MTR-000186,CUS-000186,TRF-00358,Smart,2025-07-10
MTR-000187,CUS-000187,TRF-00133,Smart-Prepaid,2024-06-14
MTR-000188,CUS-000188,TRF-00055,Smart,2022-10-03
MTR-000189,CUS-000189,TRF-00013,Smart-Prepaid,2020-01-07
MTR-000190,CUS-000190,TRF-00177,Smart-Prepaid,2021-07-17
MTR-000191,CUS-000191,TRF-00461,Smart-Prepaid,2024-02-22
MTR-000192,CUS-000192,TRF-00100,Smart,2025-10-25
MTR-000193,CUS-000193,TRF-00179,Smart-Prepaid,2019-05-22
MTR-000194,CUS-000194,TRF-00471,Smart,2026-02-16
MTR-000195,CUS-000195,TRF-00460,Smart-Prepaid,2025-09-02
MTR-000196,CUS-000196,TRF-00256,Smart,2024-03-31
MTR-000197,CUS-000197,TRF-00267,Smart-Prepaid,2019-03-09
MTR-000198,CUS-000198,TRF-00370,Smart,2020-03-20
MTR-000199,CUS-000199,TRF-00361,Smart-Prepaid,2020-03-29
MTR-000200,CUS-000200,TRF-00407,Smart-Prepaid,2023-09-05
MTR-000201,CUS-000201,TRF-00036,Smart-Prepaid,2018-09-24
MTR-000202,CUS-000202,TRF-00467,Smart-Prepaid,2025-11-27
MTR-000203,CUS-000203,TRF-00453,Smart,2020-03-27
MTR-000204,CUS-000204,TRF-00203,Smart,2024-01-24
MTR-000205,CUS-000205,TRF-00468,Smart-Prepaid,2025-12-04
MTR-000206,CUS-000206,TRF-00258,Smart,2018-08-23
MTR-000207,CUS-000207,TRF-00154,Smart,2020-07-05
MTR-000208,CUS-000208,TRF-00237,Smart,2025-01-18
MTR-000209,CUS-000209,TRF-00308,Smart,2025-03-10
MTR-000210,CUS-000210,TRF-00099,Smart,2026-05-26
MTR-000211,CUS-000211,TRF-00272,Smart,2026-06-03
MTR-000212,CUS-000212,TRF-00112,Smart,2025-02-24
MTR-000213,CUS-000213,TRF-00109,Smart,2021-07-20
MTR-000214,CUS-000214,TRF-00142,Smart,2025-03-28
MTR-000215,CUS-000215,TRF-00166,Smart,2018-12-17
MTR-000216,CUS-000216,TRF-00259,Smart,2019-09-23
MTR-000217,CUS-000217,TRF-00144,Smart,2020-07-21
MTR-000218,CUS-000218,TRF-00229,Smart-Prepaid,2023-11-25
MTR-000219,CUS-000219,TRF-00394,Smart,2025-08-03
MTR-000220,CUS-000220,TRF-00267,Smart-Prepaid,2021-12-14
MTR-000221,CUS-000221,TRF-00494,Smart-Prepaid,2023-02-15
MTR-000222,CUS-000222,TRF-00031,Smart,2025-06-11
MTR-000223,CUS-000223,TRF-00410,Smart,2023-07-25
MTR-000224,CUS-000224,TRF-00427,Smart,2020-03-24
MTR-000225,CUS-000225,TRF-00298,Smart,2025-07-25
MTR-000226,CUS-000226,TRF-00218,Smart,2024-06-09
MTR-000227,CUS-000227,TRF-00176,Smart,2020-10-06
MTR-000228,CUS-000228,TRF-00103,Smart,2024-01-27
MTR-000229,CUS-000229,TRF-00235,Smart,2021-11-24
MTR-000230,CUS-000230,TRF-00092,Smart-Prepaid,2021-11-18
MTR-000231,CUS-000231,TRF-00200,Smart,2020-10-22
MTR-000232,CUS-000232,TRF-00298,Smart-Prepaid,2025-09-27
MTR-000233,CUS-000233,TRF-00386,Smart,2025-01-26
MTR-000234,CUS-000234,TRF-00230,Smart,2022-06-21
MTR-000235,CUS-000235,TRF-00412,Smart,2023-05-11
MTR-000236,CUS-000236,TRF-00254,Smart-Prepaid,2023-07-26
MTR-000237,CUS-000237,TRF-00084,Smart,2021-09-26
MTR-000238,CUS-000238,TRF-00034,Smart,2024-02-12
MTR-000239,CUS-000239,TRF-00116,Smart-Prepaid,2022-02-28
MTR-000240,CUS-000240,TRF-00175,Smart,2023-11-09
MTR-000241,CUS-000241,TRF-00457,Smart,2020-05-15
MTR-000242,CUS-000242,TRF-00470,Smart-Prepaid,2023-08-27
MTR-000243,CUS-000243,TRF-00422,Smart-Prepaid,2019-07-09
MTR-000244,CUS-000244,TRF-00472,Smart,2025-10-01
MTR-000245,CUS-000245,TRF-00407,Smart,2022-06-22
MTR-000246,CUS-000246,TRF-00275,Smart-Prepaid,2020-01-22
MTR-000247,CUS-000247,TRF-00398,Smart-Prepaid,2021-03-13
MTR-000248,CUS-000248,TRF-00084,Smart,2026-01-28
MTR-000249,CUS-000249,TRF-00116,Smart-Prepaid,2020-08-20
MTR-000250,CUS-000250,TRF-00361,Smart,2023-12-31
MTR-000251,CUS-000251,TRF-00203,Smart,2025-12-22
MTR-000252,CUS-000252,TRF-00145,Smart,2021-10-04
MTR-000253,CUS-000253,TRF-00443,Smart,2022-11-07
MTR-000254,CUS-000254,TRF-00214,Smart,2020-11-10
MTR-000255,CUS-000255,TRF-00104,Smart,2023-02-13
MTR-000256,CUS-000256,TRF-00348,Smart,2019-06-19
MTR-000257,CUS-000257,TRF-00296,Smart,2019-07-21
MTR-000258,CUS-000258,TRF-00355,Smart,2025-02-13
MTR-000259,CUS-000259,TRF-00068,Smart-Prepaid,2025-08-09
MTR-000260,CUS-000260,TRF-00486,Smart-Prepaid,2026-02-17
MTR-000261,CUS-000261,TRF-00473,Smart,2022-12-31
MTR-000262,CUS-000262,TRF-00254,Smart-Prepaid,2022-07-20
MTR-000263,CUS-000263,TRF-00230,Smart,2019-08-12
MTR-000264,CUS-000264,TRF-00202,Smart,2026-06-28
MTR-000265,CUS-000265,TRF-00361,Smart-Prepaid,2022-04-27
MTR-000266,CUS-000266,TRF-00394,Smart,2019-06-22
MTR-000267,CUS-000267,TRF-00247,Smart,2020-06-01
MTR-000268,CUS-000268,TRF-00439,Smart,2025-03-15
MTR-000269,CUS-000269,TRF-00401,Smart,2020-01-25
MTR-000270,CUS-000270,TRF-00395,Smart,2024-08-23
MTR-000271,CUS-000271,TRF-00248,Smart-Prepaid,2024-12-28
MTR-000272,CUS-000272,TRF-00143,Smart,2020-07-09
MTR-000273,CUS-000273,TRF-00282,Smart-Prepaid,2023-06-24
MTR-000274,CUS-000274,TRF-00355,Smart-Prepaid,2022-01-28
MTR-000275,CUS-000275,TRF-00400,Smart,2019-09-26
MTR-000276,CUS-000276,TRF-00240,Smart,2023-05-02
MTR-000277,CUS-000277,TRF-00340,Smart,2018-12-06
MTR-000278,CUS-000278,TRF-00374,Smart,2025-12-31
MTR-000279,CUS-000279,TRF-00228,Smart,2024-09-04
MTR-000280,CUS-000280,TRF-00030,Smart-Prepaid,2020-02-07
MTR-000281,CUS-000281,TRF-00108,Smart-Prepaid,2020-04-09
MTR-000282,CUS-000282,TRF-00418,Smart,2021-02-14
MTR-000283,CUS-000283,TRF-00026,Smart,2023-02-09
MTR-000284,CUS-000284,TRF-00342,Smart,2026-02-12
MTR-000285,CUS-000285,TRF-00159,Smart,2021-04-23
MTR-000286,CUS-000286,TRF-00016,Smart-Prepaid,2026-02-17
MTR-000287,CUS-000287,TRF-00266,Smart-Prepaid,2025-11-26
MTR-000288,CUS-000288,TRF-00128,Smart,2021-05-18
MTR-000289,CUS-000289,TRF-00219,Smart,2020-03-12
MTR-000290,CUS-000290,TRF-00081,Smart,2023-09-15
MTR-000291,CUS-000291,TRF-00048,Smart,2021-09-14
MTR-000292,CUS-000292,TRF-00040,Smart,2019-10-26
MTR-000293,CUS-000293,TRF-00019,Smart,2020-11-30
MTR-000294,CUS-000294,TRF-00326,Smart,2019-02-10
MTR-000295,CUS-000295,TRF-00036,Smart,2020-01-24
MTR-000296,CUS-000296,TRF-00381,Smart,2020-02-23
MTR-000297,CUS-000297,TRF-00399,Smart,2023-10-25
MTR-000298,CUS-000298,TRF-00038,Smart,2022-01-30
MTR-000299,CUS-000299,TRF-00108,Smart,2025-07-03
MTR-000300,CUS-000300,TRF-00428,Smart,2019-02-26
MTR-000301,CUS-000301,TRF-00063,Smart,2020-07-20
MTR-000302,CUS-000302,TRF-00174,Smart-Prepaid,2022-10-16
MTR-000303,CUS-000303,TRF-00278,Smart,2023-01-06
MTR-000304,CUS-000304,TRF-00031,Smart,2019-09-28
MTR-000305,CUS-000305,TRF-00432,Smart-Prepaid,2026-03-29
MTR-000306,CUS-000306,TRF-00208,Smart,2019-01-21
MTR-000307,CUS-000307,TRF-00378,Smart-Prepaid,2024-01-11
MTR-000308,CUS-000308,TRF-00018,Smart,2021-11-07
MTR-000309,CUS-000309,TRF-00105,Smart,2022-11-02
MTR-000310,CUS-000310,TRF-00481,Smart,2023-07-03
MTR-000311,CUS-000311,TRF-00205,Smart,2019-12-14
MTR-000312,CUS-000312,TRF-00246,Smart,2025-12-28
MTR-000313,CUS-000313,TRF-00322,Smart,2021-07-16
MTR-000314,CUS-000314,TRF-00166,Smart-Prepaid,2019-09-28
MTR-000315,CUS-000315,TRF-00088,Smart,2019-06-06
MTR-000316,CUS-000316,TRF-00315,Smart,2020-06-15
MTR-000317,CUS-000317,TRF-00010,Smart,2021-08-16
MTR-000318,CUS-000318,TRF-00048,Smart-Prepaid,2023-01-23
MTR-000319,CUS-000319,TRF-00398,Smart-Prepaid,2025-01-18
MTR-000320,CUS-000320,TRF-00383,Smart-Prepaid,2024-09-10
MTR-000321,CUS-000321,TRF-00466,Smart,2019-07-22
MTR-000322,CUS-000322,TRF-00060,Smart,2020-05-20
MTR-000323,CUS-000323,TRF-00170,Smart,2023-08-01
MTR-000324,CUS-000324,TRF-00142,Smart,2023-01-26
MTR-000325,CUS-000325,TRF-00206,Smart-Prepaid,2019-03-11
MTR-000326,CUS-000326,TRF-00485,Smart-Prepaid,2023-09-29
MTR-000327,CUS-000327,TRF-00462,Smart,2025-10-26
MTR-000328,CUS-000328,TRF-00200,Smart,2026-01-10
MTR-000329,CUS-000329,TRF-00004,Smart,2023-09-17
MTR-000330,CUS-000330,TRF-00210,Smart,2020-11-03
MTR-000331,CUS-000331,TRF-00471,Smart,2023-06-26
MTR-000332,CUS-000332,TRF-00028,Smart,2022-03-02
MTR-000333,CUS-000333,TRF-00189,Smart-Prepaid,2024-07-12
MTR-000334,CUS-000334,TRF-00187,Smart,2024-01-05
MTR-000335,CUS-000335,TRF-00324,Smart-Prepaid,2023-06-16
MTR-000336,CUS-000336,TRF-00254,Smart,2021-05-04
MTR-000337,CUS-000337,TRF-00149,Smart,2026-06-06
MTR-000338,CUS-000338,TRF-00012,Smart,2022-03-17
MTR-000339,CUS-000339,TRF-00433,Smart,2025-11-19
MTR-000340,CUS-000340,TRF-00371,Smart,2019-10-26
MTR-000341,CUS-000341,TRF-00496,Smart,2022-11-08
MTR-000342,CUS-000342,TRF-00430,Smart,2021-06-16
MTR-000343,CUS-000343,TRF-00365,Smart-Prepaid,2019-10-01
MTR-000344,CUS-000344,TRF-00156,Smart,2023-08-26
MTR-000345,CUS-000345,TRF-00079,Smart-Prepaid,2019-12-27
MTR-000346,CUS-000346,TRF-00355,Smart,2026-04-07
MTR-000347,CUS-000347,TRF-00272,Smart,2026-07-08
MTR-000348,CUS-000348,TRF-00147,Smart,2025-08-03
MTR-000349,CUS-000349,TRF-00205,Smart-Prepaid,2021-07-09
MTR-000350,CUS-000350,TRF-00113,Smart,2018-10-09
MTR-000351,CUS-000351,TRF-00005,Smart,2024-12-25
MTR-000352,CUS-000352,TRF-00277,Smart,2019-09-30
MTR-000353,CUS-000353,TRF-00231,Smart,2022-04-01
MTR-000354,CUS-000354,TRF-00136,Smart-Prepaid,2024-03-26
MTR-000355,CUS-000355,TRF-00159,Smart,2022-11-23
MTR-000356,CUS-000356,TRF-00343,Smart,2020-05-27
MTR-000357,CUS-000357,TRF-00288,Smart-Prepaid,2021-10-16
MTR-000358,CUS-000358,TRF-00204,Smart,2025-04-04
MTR-000359,CUS-000359,TRF-00482,Smart,2021-05-26
MTR-000360,CUS-000360,TRF-00325,Smart,2026-01-23
MTR-000361,CUS-000361,TRF-00304,Smart-Prepaid,2021-12-09
MTR-000362,CUS-000362,TRF-00359,Smart-Prepaid,2021-11-30
MTR-000363,CUS-000363,TRF-00157,Smart,2024-05-31
MTR-000364,CUS-000364,TRF-00357,Smart-Prepaid,2022-02-13
MTR-000365,CUS-000365,TRF-00399,Smart,2021-09-06
MTR-000366,CUS-000366,TRF-00448,Smart,2021-06-26
MTR-000367,CUS-000367,TRF-00105,Smart,2021-03-09
MTR-000368,CUS-000368,TRF-00081,Smart,2021-10-06
MTR-000369,CUS-000369,TRF-00341,Smart,2024-05-01
MTR-000370,CUS-000370,TRF-00473,Smart-Prepaid,2020-03-27
MTR-000371,CUS-000371,TRF-00269,Smart,2020-04-28
MTR-000372,CUS-000372,TRF-00439,Smart-Prepaid,2020-02-13
MTR-000373,CUS-000373,TRF-00420,Smart,2020-02-23
MTR-000374,CUS-000374,TRF-00048,Smart,2025-07-10
MTR-000375,CUS-000375,TRF-00205,Smart,2023-10-29
MTR-000376,CUS-000376,TRF-00217,Smart,2023-07-04
MTR-000377,CUS-000377,TRF-00305,Smart-Prepaid,2025-09-25
MTR-000378,CUS-000378,TRF-00163,Smart,2022-12-12
MTR-000379,CUS-000379,TRF-00435,Smart-Prepaid,2024-08-27
MTR-000380,CUS-000380,TRF-00278,Smart-Prepaid,2021-11-02
MTR-000381,CUS-000381,TRF-00321,Smart,2023-09-15
MTR-000382,CUS-000382,TRF-00230,Smart,2020-04-18
MTR-000383,CUS-000383,TRF-00198,Smart,2019-09-22
MTR-000384,CUS-000384,TRF-00486,Smart,2019-06-20
MTR-000385,CUS-000385,TRF-00428,Smart,2023-10-09
MTR-000386,CUS-000386,TRF-00370,Smart,2020-12-25
MTR-000387,CUS-000387,TRF-00213,Smart,2025-03-14
MTR-000388,CUS-000388,TRF-00283,Smart-Prepaid,2024-09-27
MTR-000389,CUS-000389,TRF-00485,Smart,2023-07-18
MTR-000390,CUS-000390,TRF-00275,Smart,2019-01-04
MTR-000391,CUS-000391,TRF-00432,Smart,2020-04-29
MTR-000392,CUS-000392,TRF-00184,Smart-Prepaid,2022-12-22
MTR-000393,CUS-000393,TRF-00209,Smart,2019-11-06
MTR-000394,CUS-000394,TRF-00120,Smart,2021-08-25
MTR-000395,CUS-000395,TRF-00215,Smart-Prepaid,2022-09-14
MTR-000396,CUS-000396,TRF-00096,Smart-Prepaid,2020-01-13
MTR-000397,CUS-000397,TRF-00442,Smart-Prepaid,2022-02-11
MTR-000398,CUS-000398,TRF-00118,Smart,2024-02-06
MTR-000399,CUS-000399,TRF-00364,Smart-Prepaid,2021-08-30
MTR-000400,CUS-000400,TRF-00281,Smart,2023-11-20
MTR-000401,CUS-000401,TRF-00402,Smart-Prepaid,2020-10-08
MTR-000402,CUS-000402,TRF-00495,Smart,2024-07-06
MTR-000403,CUS-000403,TRF-00105,Smart-Prepaid,2023-01-25
MTR-000404,CUS-000404,TRF-00396,Smart-Prepaid,2019-11-03
MTR-000405,CUS-000405,TRF-00457,Smart,2021-10-15
MTR-000406,CUS-000406,TRF-00317,Smart-Prepaid,2024-10-18
MTR-000407,CUS-000407,TRF-00381,Smart,2020-03-04
MTR-000408,CUS-000408,TRF-00141,Smart,2021-11-11
MTR-000409,CUS-000409,TRF-00456,Smart,2022-04-26
MTR-000410,CUS-000410,TRF-00394,Smart-Prepaid,2025-06-24
MTR-000411,CUS-000411,TRF-00322,Smart,2019-08-22
MTR-000412,CUS-000412,TRF-00487,Smart,2025-12-24
MTR-000413,CUS-000413,TRF-00267,Smart,2021-02-09
MTR-000414,CUS-000414,TRF-00290,Smart-Prepaid,2025-12-29
MTR-000415,CUS-000415,TRF-00486,Smart-Prepaid,2023-06-15
MTR-000416,CUS-000416,TRF-00365,Smart,2024-06-05
MTR-000417,CUS-000417,TRF-00166,Smart,2025-07-17
MTR-000418,CUS-000418,TRF-00159,Smart,2023-12-17
MTR-000419,CUS-000419,TRF-00230,Smart,2024-11-01
MTR-000420,CUS-000420,TRF-00013,Smart,2019-04-14
MTR-000421,CUS-000421,TRF-00491,Smart,2018-09-04
MTR-000422,CUS-000422,TRF-00192,Smart-Prepaid,2025-06-07
MTR-000423,CUS-000423,TRF-00154,Smart,2019-01-09
MTR-000424,CUS-000424,TRF-00100,Smart,2025-05-10
MTR-000425,CUS-000425,TRF-00059,Smart,2021-02-01
MTR-000426,CUS-000426,TRF-00042,Smart,2025-09-30
MTR-000427,CUS-000427,TRF-00192,Smart,2020-03-19
MTR-000428,CUS-000428,TRF-00310,Smart,2019-10-19
MTR-000429,CUS-000429,TRF-00108,Smart-Prepaid,2020-04-17
MTR-000430,CUS-000430,TRF-00092,Smart,2025-04-06
MTR-000431,CUS-000431,TRF-00215,Smart,2021-06-24
MTR-000432,CUS-000432,TRF-00464,Smart-Prepaid,2025-10-21
MTR-000433,CUS-000433,TRF-00162,Smart-Prepaid,2023-03-24
MTR-000434,CUS-000434,TRF-00350,Smart-Prepaid,2025-03-01
MTR-000435,CUS-000435,TRF-00233,Smart-Prepaid,2022-05-14
MTR-000436,CUS-000436,TRF-00415,Smart-Prepaid,2024-03-05
MTR-000437,CUS-000437,TRF-00402,Smart,2020-11-24
MTR-000438,CUS-000438,TRF-00350,Smart-Prepaid,2019-05-30
MTR-000439,CUS-000439,TRF-00166,Smart,2023-01-20
MTR-000440,CUS-000440,TRF-00147,Smart,2025-09-27
MTR-000441,CUS-000441,TRF-00027,Smart,2019-10-23
MTR-000442,CUS-000442,TRF-00258,Smart,2021-11-22
MTR-000443,CUS-000443,TRF-00415,Smart,2022-10-27
MTR-000444,CUS-000444,TRF-00085,Smart,2023-07-03
MTR-000445,CUS-000445,TRF-00107,Smart,2019-11-10
MTR-000446,CUS-000446,TRF-00441,Smart-Prepaid,2022-12-24
MTR-000447,CUS-000447,TRF-00437,Smart-Prepaid,2022-04-28
MTR-000448,CUS-000448,TRF-00425,Smart,2026-05-23
MTR-000449,CUS-000449,TRF-00116,Smart-Prepaid,2024-01-26
MTR-000450,CUS-000450,TRF-00363,Smart,2025-10-05
MTR-000451,CUS-000451,TRF-00014,Smart-Prepaid,2026-05-02
MTR-000452,CUS-000452,TRF-00485,Smart,2023-11-11
MTR-000453,CUS-000453,TRF-00210,Smart,2019-10-08
MTR-000454,CUS-000454,TRF-00317,Smart,2022-02-16
MTR-000455,CUS-000455,TRF-00030,Smart,2024-08-03
MTR-000456,CUS-000456,TRF-00444,Smart,2019-09-06
MTR-000457,CUS-000457,TRF-00281,Smart,2021-08-15
MTR-000458,CUS-000458,TRF-00452,Smart,2021-08-11
MTR-000459,CUS-000459,TRF-00184,Smart,2019-12-15
MTR-000460,CUS-000460,TRF-00403,Smart,2018-10-06
MTR-000461,CUS-000461,TRF-00065,Smart-Prepaid,2024-01-21
MTR-000462,CUS-000462,TRF-00404,Smart,2025-01-30
MTR-000463,CUS-000463,TRF-00370,Smart,2025-12-23
MTR-000464,CUS-000464,TRF-00315,Smart,2023-03-28
MTR-000465,CUS-000465,TRF-00062,Smart-Prepaid,2020-01-17
MTR-000466,CUS-000466,TRF-00434,Smart,2025-09-07
MTR-000467,CUS-000467,TRF-00227,Smart-Prepaid,2026-04-16
MTR-000468,CUS-000468,TRF-00475,Smart,2026-02-06
MTR-000469,CUS-000469,TRF-00467,Smart,2023-02-04
MTR-000470,CUS-000470,TRF-00100,Smart,2025-08-14
MTR-000471,CUS-000471,TRF-00422,Smart,2026-06-05
MTR-000472,CUS-000472,TRF-00355,Smart,2025-08-16
MTR-000473,CUS-000473,TRF-00138,Smart,2019-02-25
MTR-000474,CUS-000474,TRF-00118,Smart,2019-09-04
MTR-000475,CUS-000475,TRF-00056,Smart-Prepaid,2020-12-24
MTR-000476,CUS-000476,TRF-00130,Smart,2021-09-21
MTR-000477,CUS-000477,TRF-00036,Smart,2019-10-16
MTR-000478,CUS-000478,TRF-00467,Smart,2026-06-20
MTR-000479,CUS-000479,TRF-00479,Smart,2024-11-13
MTR-000480,CUS-000480,TRF-00110,Smart,2023-11-26
MTR-000481,CUS-000481,TRF-00152,Smart-Prepaid,2026-03-21
MTR-000482,CUS-000482,TRF-00404,Smart-Prepaid,2021-02-22
MTR-000483,CUS-000483,TRF-00249,Smart,2024-03-28
MTR-000484,CUS-000484,TRF-00241,Smart-Prepaid,2026-02-12
MTR-000485,CUS-000485,TRF-00207,Smart,2019-04-07
MTR-000486,CUS-000486,TRF-00367,Smart,2023-05-19
MTR-000487,CUS-000487,TRF-00169,Smart,2024-12-07
MTR-000488,CUS-000488,TRF-00256,Smart,2018-09-25
MTR-000489,CUS-000489,TRF-00278,Smart,2025-08-29
MTR-000490,CUS-000490,TRF-00362,Smart,2021-11-30
MTR-000491,CUS-000491,TRF-00112,Smart,2019-12-11
MTR-000492,CUS-000492,TRF-00407,Smart-Prepaid,2025-05-06
MTR-000493,CUS-000493,TRF-00174,Smart,2020-02-16
MTR-000494,CUS-000494,TRF-00088,Smart-Prepaid,2020-10-28
MTR-000495,CUS-000495,TRF-00134,Smart,2022-09-23
MTR-000496,CUS-000496,TRF-00293,Smart,2025-11-09
MTR-000497,CUS-000497,TRF-00494,Smart-Prepaid,2022-06-25
MTR-000498,CUS-000498,TRF-00302,Smart,2025-10-11
MTR-000499,CUS-000499,TRF-00358,Smart,2019-01-07
MTR-000500,CUS-000500,TRF-00418,Smart,2020-06-30
MTR-000501,CUS-000501,TRF-00205,Smart,2021-01-12
MTR-000502,CUS-000502,TRF-00317,Smart,2022-02-28
MTR-000503,CUS-000503,TRF-00072,Smart,2022-01-13
MTR-000504,CUS-000504,TRF-00258,Smart-Prepaid,2018-12-04
MTR-000505,CUS-000505,TRF-00357,Smart,2024-07-17
MTR-000506,CUS-000506,TRF-00147,Smart,2024-08-15
MTR-000507,CUS-000507,TRF-00488,Smart,2022-03-26
MTR-000508,CUS-000508,TRF-00224,Smart,2019-03-30
MTR-000509,CUS-000509,TRF-00104,Smart,2022-12-21
MTR-000510,CUS-000510,TRF-00043,Smart,2019-08-22
MTR-000511,CUS-000511,TRF-00415,Smart,2026-05-09
MTR-000512,CUS-000512,TRF-00355,Smart-Prepaid,2023-07-20
MTR-000513,CUS-000513,TRF-00025,Smart,2024-06-03
MTR-000514,CUS-000514,TRF-00303,Smart-Prepaid,2018-10-04
MTR-000515,CUS-000515,TRF-00260,Smart,2021-08-14
MTR-000516,CUS-000516,TRF-00058,Smart,2025-10-07
MTR-000517,CUS-000517,TRF-00060,Smart,2021-08-13
MTR-000518,CUS-000518,TRF-00304,Smart-Prepaid,2018-11-22
MTR-000519,CUS-000519,TRF-00413,Smart,2023-12-05
MTR-000520,CUS-000520,TRF-00400,Smart-Prepaid,2024-02-15
MTR-000521,CUS-000521,TRF-00069,Smart-Prepaid,2021-04-06
MTR-000522,CUS-000522,TRF-00441,Smart-Prepaid,2024-12-18
MTR-000523,CUS-000523,TRF-00446,Smart,2025-05-13
MTR-000524,CUS-000524,TRF-00444,Smart-Prepaid,2024-10-24
MTR-000525,CUS-000525,TRF-00446,Smart-Prepaid,2021-10-30
MTR-000526,CUS-000526,TRF-00270,Smart,2021-04-25
MTR-000527,CUS-000527,TRF-00256,Smart-Prepaid,2026-01-26
MTR-000528,CUS-000528,TRF-00396,Smart-Prepaid,2024-04-19
MTR-000529,CUS-000529,TRF-00431,Smart,2022-12-24
MTR-000530,CUS-000530,TRF-00383,Smart,2022-06-23
MTR-000531,CUS-000531,TRF-00417,Smart,2020-09-19
MTR-000532,CUS-000532,TRF-00124,Smart,2025-11-02
MTR-000533,CUS-000533,TRF-00413,Smart,2025-11-18
MTR-000534,CUS-000534,TRF-00018,Smart,2019-04-12
MTR-000535,CUS-000535,TRF-00118,Smart,2023-11-18
MTR-000536,CUS-000536,TRF-00319,Smart,2021-02-16
MTR-000537,CUS-000537,TRF-00065,Smart-Prepaid,2022-08-20
MTR-000538,CUS-000538,TRF-00244,Smart,2019-07-04
MTR-000539,CUS-000539,TRF-00056,Smart-Prepaid,2025-01-09
MTR-000540,CUS-000540,TRF-00043,Smart,2024-12-27
MTR-000541,CUS-000541,TRF-00011,Smart-Prepaid,2019-06-15
MTR-000542,CUS-000542,TRF-00377,Smart-Prepaid,2019-03-13
MTR-000543,CUS-000543,TRF-00423,Smart,2021-07-24
MTR-000544,CUS-000544,TRF-00235,Smart,2019-10-29
MTR-000545,CUS-000545,TRF-00023,Smart,2024-12-13
MTR-000546,CUS-000546,TRF-00394,Smart-Prepaid,2024-10-09
MTR-000547,CUS-000547,TRF-00449,Smart-Prepaid,2025-06-11
MTR-000548,CUS-000548,TRF-00256,Smart,2018-09-06
MTR-000549,CUS-000549,TRF-00441,Smart,2018-09-17
MTR-000550,CUS-000550,TRF-00283,Smart,2024-12-29
MTR-000551,CUS-000551,TRF-00323,Smart,2025-06-30
MTR-000552,CUS-000552,TRF-00360,Smart-Prepaid,2023-06-30
MTR-000553,CUS-000553,TRF-00250,Smart,2019-11-04
MTR-000554,CUS-000554,TRF-00093,Smart-Prepaid,2023-07-25
MTR-000555,CUS-000555,TRF-00379,Smart-Prepaid,2025-07-03
MTR-000556,CUS-000556,TRF-00442,Smart-Prepaid,2022-04-03
MTR-000557,CUS-000557,TRF-00454,Smart,2025-07-09
MTR-000558,CUS-000558,TRF-00379,Smart,2024-10-30
MTR-000559,CUS-000559,TRF-00021,Smart,2019-06-12
MTR-000560,CUS-000560,TRF-00473,Smart-Prepaid,2019-07-28
MTR-000561,CUS-000561,TRF-00156,Smart,2024-03-07
MTR-000562,CUS-000562,TRF-00088,Smart,2020-03-09
MTR-000563,CUS-000563,TRF-00201,Smart-Prepaid,2024-07-06
MTR-000564,CUS-000564,TRF-00467,Smart,2019-04-01
MTR-000565,CUS-000565,TRF-00461,Smart,2019-05-02
MTR-000566,CUS-000566,TRF-00480,Smart,2026-02-20
MTR-000567,CUS-000567,TRF-00196,Smart,2018-08-21
MTR-000568,CUS-000568,TRF-00044,Smart,2024-11-15
MTR-000569,CUS-000569,TRF-00453,Smart,2020-06-14
MTR-000570,CUS-000570,TRF-00469,Smart-Prepaid,2019-01-01
MTR-000571,CUS-000571,TRF-00379,Smart-Prepaid,2019-03-27
MTR-000572,CUS-000572,TRF-00400,Smart,2021-02-21
MTR-000573,CUS-000573,TRF-00078,Smart-Prepaid,2022-10-18
MTR-000574,CUS-000574,TRF-00038,Smart,2022-05-17
MTR-000575,CUS-000575,TRF-00423,Smart,2020-03-02
MTR-000576,CUS-000576,TRF-00283,Smart-Prepaid,2026-06-06
MTR-000577,CUS-000577,TRF-00385,Smart,2023-05-26
MTR-000578,CUS-000578,TRF-00465,Smart,2020-01-30
MTR-000579,CUS-000579,TRF-00154,Smart,2020-11-20
MTR-000580,CUS-000580,TRF-00148,Smart,2023-12-17
MTR-000581,CUS-000581,TRF-00342,Smart,2025-06-15
MTR-000582,CUS-000582,TRF-00390,Smart-Prepaid,2019-02-03
MTR-000583,CUS-000583,TRF-00444,Smart,2020-01-26
MTR-000584,CUS-000584,TRF-00051,Smart-Prepaid,2018-08-28
MTR-000585,CUS-000585,TRF-00250,Smart,2019-12-31
MTR-000586,CUS-000586,TRF-00431,Smart,2020-03-03
MTR-000587,CUS-000587,TRF-00381,Smart,2019-09-30
MTR-000588,CUS-000588,TRF-00146,Smart,2022-11-24
MTR-000589,CUS-000589,TRF-00328,Smart-Prepaid,2026-04-23
MTR-000590,CUS-000590,TRF-00395,Smart,2024-02-24
MTR-000591,CUS-000591,TRF-00493,Smart,2024-03-03
MTR-000592,CUS-000592,TRF-00349,Smart,2019-03-17
MTR-000593,CUS-000593,TRF-00454,Smart,2020-02-01
MTR-000594,CUS-000594,TRF-00257,Smart,2021-02-24
MTR-000595,CUS-000595,TRF-00272,Smart,2026-06-17
MTR-000596,CUS-000596,TRF-00458,Smart,2019-11-22
MTR-000597,CUS-000597,TRF-00497,Smart,2023-08-21
MTR-000598,CUS-000598,TRF-00124,Smart-Prepaid,2023-04-18
MTR-000599,CUS-000599,TRF-00203,Smart,2023-05-15
MTR-000600,CUS-000600,TRF-00255,Smart-Prepaid,2022-08-14
MTR-000601,CUS-000601,TRF-00130,Smart,2020-11-12
MTR-000602,CUS-000602,TRF-00020,Smart,2021-12-25
MTR-000603,CUS-000603,TRF-00077,Smart,2025-02-18
MTR-000604,CUS-000604,TRF-00334,Smart,2024-06-05
MTR-000605,CUS-000605,TRF-00050,Smart,2022-10-22
MTR-000606,CUS-000606,TRF-00361,Smart,2023-10-16
MTR-000607,CUS-000607,TRF-00360,Smart,2026-04-09
MTR-000608,CUS-000608,TRF-00265,Smart-Prepaid,2020-08-06
MTR-000609,CUS-000609,TRF-00115,Smart-Prepaid,2024-07-30
MTR-000610,CUS-000610,TRF-00054,Smart-Prepaid,2019-02-12
MTR-000611,CUS-000611,TRF-00291,Smart,2019-02-07
MTR-000612,CUS-000612,TRF-00050,Smart,2021-05-01
MTR-000613,CUS-000613,TRF-00329,Smart,2024-05-29
MTR-000614,CUS-000614,TRF-00272,Smart,2023-07-07
MTR-000615,CUS-000615,TRF-00253,Smart,2025-01-29
MTR-000616,CUS-000616,TRF-00491,Smart,2019-03-29
MTR-000617,CUS-000617,TRF-00472,Smart,2024-08-28
MTR-000618,CUS-000618,TRF-00060,Smart-Prepaid,2024-04-10
MTR-000619,CUS-000619,TRF-00346,Smart-Prepaid,2018-09-13
MTR-000620,CUS-000620,TRF-00480,Smart,2024-07-01
MTR-000621,CUS-000621,TRF-00458,Smart,2019-04-22
MTR-000622,CUS-000622,TRF-00396,Smart-Prepaid,2023-04-06
MTR-000623,CUS-000623,TRF-00448,Smart,2025-11-11
MTR-000624,CUS-000624,TRF-00350,Smart,2021-06-20
MTR-000625,CUS-000625,TRF-00224,Smart,2023-12-31
MTR-000626,CUS-000626,TRF-00468,Smart,2023-12-23
MTR-000627,CUS-000627,TRF-00335,Smart,2019-02-16
MTR-000628,CUS-000628,TRF-00102,Smart-Prepaid,2020-09-06
MTR-000629,CUS-000629,TRF-00470,Smart,2025-04-03
MTR-000630,CUS-000630,TRF-00457,Smart,2022-03-05
MTR-000631,CUS-000631,TRF-00047,Smart,2024-06-25
MTR-000632,CUS-000632,TRF-00224,Smart-Prepaid,2022-05-30
MTR-000633,CUS-000633,TRF-00341,Smart,2022-07-25
MTR-000634,CUS-000634,TRF-00232,Smart,2024-08-25
MTR-000635,CUS-000635,TRF-00069,Smart,2021-02-01
MTR-000636,CUS-000636,TRF-00046,Smart,2026-07-08
MTR-000637,CUS-000637,TRF-00227,Smart,2020-02-11
MTR-000638,CUS-000638,TRF-00494,Smart,2023-04-04
MTR-000639,CUS-000639,TRF-00009,Smart-Prepaid,2018-12-11
MTR-000640,CUS-000640,TRF-00184,Smart-Prepaid,2021-05-26
MTR-000641,CUS-000641,TRF-00079,Smart,2022-04-15
MTR-000642,CUS-000642,TRF-00012,Smart,2022-04-06
MTR-000643,CUS-000643,TRF-00498,Smart,2025-12-01
MTR-000644,CUS-000644,TRF-00444,Smart-Prepaid,2025-04-23
MTR-000645,CUS-000645,TRF-00313,Smart,2026-04-21
MTR-000646,CUS-000646,TRF-00339,Smart-Prepaid,2022-04-11
MTR-000647,CUS-000647,TRF-00323,Smart,2025-09-22
MTR-000648,CUS-000648,TRF-00083,Smart-Prepaid,2022-03-09
MTR-000649,CUS-000649,TRF-00085,Smart-Prepaid,2019-09-24
MTR-000650,CUS-000650,TRF-00156,Smart-Prepaid,2024-07-19
MTR-000651,CUS-000651,TRF-00143,Smart,2021-12-05
MTR-000652,CUS-000652,TRF-00490,Smart,2018-10-19
MTR-000653,CUS-000653,TRF-00062,Smart,2019-09-17
MTR-000654,CUS-000654,TRF-00430,Smart,2021-02-10
MTR-000655,CUS-000655,TRF-00042,Smart,2026-06-11
MTR-000656,CUS-000656,TRF-00406,Smart,2023-08-12
MTR-000657,CUS-000657,TRF-00157,Smart,2021-10-08
MTR-000658,CUS-000658,TRF-00184,Smart,2018-09-19
MTR-000659,CUS-000659,TRF-00285,Smart,2024-11-14
MTR-000660,CUS-000660,TRF-00490,Smart,2023-11-05
MTR-000661,CUS-000661,TRF-00322,Smart,2019-12-22
MTR-000662,CUS-000662,TRF-00439,Smart,2023-04-20
MTR-000663,CUS-000663,TRF-00023,Smart-Prepaid,2020-01-23
MTR-000664,CUS-000664,TRF-00496,Smart,2019-05-11
MTR-000665,CUS-000665,TRF-00356,Smart,2021-09-14
MTR-000666,CUS-000666,TRF-00204,Smart,2019-10-17
MTR-000667,CUS-000667,TRF-00361,Smart,2021-04-11
MTR-000668,CUS-000668,TRF-00223,Smart,2018-10-11
MTR-000669,CUS-000669,TRF-00100,Smart-Prepaid,2021-09-17
MTR-000670,CUS-000670,TRF-00203,Smart,2021-01-03
MTR-000671,CUS-000671,TRF-00007,Smart,2026-03-03
MTR-000672,CUS-000672,TRF-00471,Smart,2022-12-15
MTR-000673,CUS-000673,TRF-00171,Smart,2020-05-29
MTR-000674,CUS-000674,TRF-00207,Smart-Prepaid,2022-06-17
MTR-000675,CUS-000675,TRF-00095,Smart,2024-05-03
MTR-000676,CUS-000676,TRF-00161,Smart-Prepaid,2022-01-12
MTR-000677,CUS-000677,TRF-00290,Smart,2026-02-08
MTR-000678,CUS-000678,TRF-00095,Smart-Prepaid,2019-11-15
MTR-000679,CUS-000679,TRF-00305,Smart,2026-04-12
MTR-000680,CUS-000680,TRF-00144,Smart,2019-01-29
MTR-000681,CUS-000681,TRF-00257,Smart-Prepaid,2026-03-21
MTR-000682,CUS-000682,TRF-00473,Smart,2019-02-19
MTR-000683,CUS-000683,TRF-00437,Smart,2021-03-01
MTR-000684,CUS-000684,TRF-00299,Smart,2022-05-19
MTR-000685,CUS-000685,TRF-00464,Smart,2020-11-23
MTR-000686,CUS-000686,TRF-00101,Smart,2020-06-20
MTR-000687,CUS-000687,TRF-00176,Smart,2026-01-28
MTR-000688,CUS-000688,TRF-00385,Smart,2024-12-20
MTR-000689,CUS-000689,TRF-00327,Smart,2021-11-26
MTR-000690,CUS-000690,TRF-00109,Smart,2018-09-16
MTR-000691,CUS-000691,TRF-00197,Smart,2021-01-16
MTR-000692,CUS-000692,TRF-00392,Smart-Prepaid,2019-11-11
MTR-000693,CUS-000693,TRF-00128,Smart,2023-08-07
MTR-000694,CUS-000694,TRF-00452,Smart-Prepaid,2024-01-09
MTR-000695,CUS-000695,TRF-00358,Smart,2022-01-01
MTR-000696,CUS-000696,TRF-00136,Smart,2019-07-28
MTR-000697,CUS-000697,TRF-00397,Smart,2019-08-19
MTR-000698,CUS-000698,TRF-00026,Smart,2020-11-02
MTR-000699,CUS-000699,TRF-00136,Smart,2024-05-05
MTR-000700,CUS-000700,TRF-00163,Smart,2024-12-30
MTR-000701,CUS-000701,TRF-00348,Smart,2025-06-12
MTR-000702,CUS-000702,TRF-00467,Smart-Prepaid,2021-07-13
MTR-000703,CUS-000703,TRF-00462,Smart-Prepaid,2026-04-16
MTR-000704,CUS-000704,TRF-00355,Smart,2019-02-08
MTR-000705,CUS-000705,TRF-00130,Smart,2022-02-22
MTR-000706,CUS-000706,TRF-00372,Smart,2021-11-27
MTR-000707,CUS-000707,TRF-00150,Smart,2020-04-06
MTR-000708,CUS-000708,TRF-00377,Smart,2021-03-10
MTR-000709,CUS-000709,TRF-00245,Smart,2020-06-15
MTR-000710,CUS-000710,TRF-00109,Smart-Prepaid,2025-07-05
MTR-000711,CUS-000711,TRF-00072,Smart,2021-01-29
MTR-000712,CUS-000712,TRF-00285,Smart,2025-11-09
MTR-000713,CUS-000713,TRF-00274,Smart-Prepaid,2026-04-22
MTR-000714,CUS-000714,TRF-00357,Smart,2024-11-01
MTR-000715,CUS-000715,TRF-00066,Smart,2023-01-01
MTR-000716,CUS-000716,TRF-00049,Smart-Prepaid,2023-03-06
MTR-000717,CUS-000717,TRF-00303,Smart,2021-03-24
MTR-000718,CUS-000718,TRF-00002,Smart,2020-02-23
MTR-000719,CUS-000719,TRF-00225,Smart,2019-08-12
MTR-000720,CUS-000720,TRF-00065,Smart,2021-02-25
MTR-000721,CUS-000721,TRF-00154,Smart-Prepaid,2023-08-13
MTR-000722,CUS-000722,TRF-00470,Smart,2026-04-18
MTR-000723,CUS-000723,TRF-00361,Smart,2020-06-02
MTR-000724,CUS-000724,TRF-00479,Smart,2023-04-20
MTR-000725,CUS-000725,TRF-00110,Smart-Prepaid,2020-06-25
MTR-000726,CUS-000726,TRF-00482,Smart,2025-02-04
MTR-000727,CUS-000727,TRF-00295,Smart,2022-06-22
MTR-000728,CUS-000728,TRF-00380,Smart-Prepaid,2022-04-29
MTR-000729,CUS-000729,TRF-00255,Smart-Prepaid,2018-10-05
MTR-000730,CUS-000730,TRF-00273,Smart,2022-08-26
MTR-000731,CUS-000731,TRF-00154,Smart,2019-05-13
MTR-000732,CUS-000732,TRF-00138,Smart,2024-07-18
MTR-000733,CUS-000733,TRF-00166,Smart,2023-07-18
MTR-000734,CUS-000734,TRF-00018,Smart,2019-04-02
MTR-000735,CUS-000735,TRF-00344,Smart,2022-06-29
MTR-000736,CUS-000736,TRF-00390,Smart,2023-05-18
MTR-000737,CUS-000737,TRF-00222,Smart,2025-08-29
MTR-000738,CUS-000738,TRF-00056,Smart-Prepaid,2026-03-12
MTR-000739,CUS-000739,TRF-00385,Smart,2020-09-17
MTR-000740,CUS-000740,TRF-00293,Smart,2022-03-01
MTR-000741,CUS-000741,TRF-00132,Smart-Prepaid,2024-10-05
MTR-000742,CUS-000742,TRF-00461,Smart,2024-11-14
MTR-000743,CUS-000743,TRF-00337,Smart,2020-10-16
MTR-000744,CUS-000744,TRF-00291,Smart,2019-09-27
MTR-000745,CUS-000745,TRF-00451,Smart,2025-04-26
MTR-000746,CUS-000746,TRF-00343,Smart,2019-01-27
MTR-000747,CUS-000747,TRF-00204,Smart,2020-07-23
MTR-000748,CUS-000748,TRF-00118,Smart,2023-08-14
MTR-000749,CUS-000749,TRF-00252,Smart,2021-03-13
MTR-000750,CUS-000750,TRF-00084,Smart,2025-02-19
MTR-000751,CUS-000751,TRF-00184,Smart,2022-06-05
MTR-000752,CUS-000752,TRF-00224,Smart,2019-10-06
MTR-000753,CUS-000753,TRF-00147,Smart,2020-10-06
MTR-000754,CUS-000754,TRF-00388,Smart-Prepaid,2021-02-20
MTR-000755,CUS-000755,TRF-00279,Smart,2026-05-29
MTR-000756,CUS-000756,TRF-00226,Smart,2023-05-24
MTR-000757,CUS-000757,TRF-00285,Smart,2022-11-08
MTR-000758,CUS-000758,TRF-00283,Smart,2025-02-17
MTR-000759,CUS-000759,TRF-00180,Smart-Prepaid,2023-09-20
MTR-000760,CUS-000760,TRF-00434,Smart-Prepaid,2026-03-10
MTR-000761,CUS-000761,TRF-00108,Smart,2023-05-04
MTR-000762,CUS-000762,TRF-00134,Smart-Prepaid,2019-07-24
MTR-000763,CUS-000763,TRF-00425,Smart,2024-05-31
MTR-000764,CUS-000764,TRF-00290,Smart-Prepaid,2024-06-06
MTR-000765,CUS-000765,TRF-00374,Smart,2020-02-24
MTR-000766,CUS-000766,TRF-00477,Smart,2024-12-06
MTR-000767,CUS-000767,TRF-00289,Smart-Prepaid,2020-11-03
MTR-000768,CUS-000768,TRF-00102,Smart,2024-11-12
MTR-000769,CUS-000769,TRF-00200,Smart-Prepaid,2021-12-15
MTR-000770,CUS-000770,TRF-00116,Smart,2025-02-01
MTR-000771,CUS-000771,TRF-00331,Smart,2018-09-10
MTR-000772,CUS-000772,TRF-00309,Smart,2020-09-02
MTR-000773,CUS-000773,TRF-00028,Smart,2019-09-30
MTR-000774,CUS-000774,TRF-00393,Smart,2018-10-22
MTR-000775,CUS-000775,TRF-00026,Smart,2023-10-07
MTR-000776,CUS-000776,TRF-00466,Smart,2024-08-22
MTR-000777,CUS-000777,TRF-00012,Smart-Prepaid,2019-03-25
MTR-000778,CUS-000778,TRF-00041,Smart,2022-04-15
MTR-000779,CUS-000779,TRF-00420,Smart-Prepaid,2025-10-23
MTR-000780,CUS-000780,TRF-00444,Smart,2019-10-10
MTR-000781,CUS-000781,TRF-00223,Smart,2023-07-25
MTR-000782,CUS-000782,TRF-00462,Smart,2023-01-01
MTR-000783,CUS-000783,TRF-00020,Smart-Prepaid,2023-04-23
MTR-000784,CUS-000784,TRF-00386,Smart,2024-08-11
MTR-000785,CUS-000785,TRF-00135,Smart,2019-06-17
MTR-000786,CUS-000786,TRF-00325,Smart-Prepaid,2020-10-09
MTR-000787,CUS-000787,TRF-00220,Smart,2020-10-16
MTR-000788,CUS-000788,TRF-00466,Smart-Prepaid,2024-03-13
MTR-000789,CUS-000789,TRF-00144,Smart,2022-03-13
MTR-000790,CUS-000790,TRF-00009,Smart,2019-11-24
MTR-000791,CUS-000791,TRF-00224,Smart,2019-08-16
MTR-000792,CUS-000792,TRF-00140,Smart,2026-03-06
MTR-000793,CUS-000793,TRF-00474,Smart-Prepaid,2019-08-03
MTR-000794,CUS-000794,TRF-00105,Smart-Prepaid,2025-06-23
MTR-000795,CUS-000795,TRF-00267,Smart,2022-12-25
MTR-000796,CUS-000796,TRF-00193,Smart-Prepaid,2021-07-11
MTR-000797,CUS-000797,TRF-00457,Smart,2021-02-06
MTR-000798,CUS-000798,TRF-00127,Smart,2024-04-23
MTR-000799,CUS-000799,TRF-00212,Smart,2022-12-17
MTR-000800,CUS-000800,TRF-00150,Smart,2023-08-02
MTR-000801,CUS-000801,TRF-00448,Smart,2023-09-22
MTR-000802,CUS-000802,TRF-00480,Smart,2021-09-26
MTR-000803,CUS-000803,TRF-00383,Smart,2021-03-11
MTR-000804,CUS-000804,TRF-00179,Smart-Prepaid,2025-03-23
MTR-000805,CUS-000805,TRF-00316,Smart-Prepaid,2018-11-17
MTR-000806,CUS-000806,TRF-00025,Smart,2020-11-05
MTR-000807,CUS-000807,TRF-00014,Smart,2023-01-31
MTR-000808,CUS-000808,TRF-00021,Smart,2023-02-09
MTR-000809,CUS-000809,TRF-00344,Smart-Prepaid,2025-08-07
MTR-000810,CUS-000810,TRF-00064,Smart,2019-01-18
MTR-000811,CUS-000811,TRF-00250,Smart,2024-04-14
MTR-000812,CUS-000812,TRF-00409,Smart-Prepaid,2019-08-26
MTR-000813,CUS-000813,TRF-00020,Smart,2019-02-10
MTR-000814,CUS-000814,TRF-00232,Smart,2019-02-22
MTR-000815,CUS-000815,TRF-00407,Smart,2019-10-22
MTR-000816,CUS-000816,TRF-00486,Smart,2022-09-29
MTR-000817,CUS-000817,TRF-00015,Smart-Prepaid,2026-01-18
MTR-000818,CUS-000818,TRF-00415,Smart,2020-06-19
MTR-000819,CUS-000819,TRF-00271,Smart,2024-07-31
MTR-000820,CUS-000820,TRF-00204,Smart,2026-04-21
MTR-000821,CUS-000821,TRF-00297,Smart,2021-04-13
MTR-000822,CUS-000822,TRF-00159,Smart,2021-11-15
MTR-000823,CUS-000823,TRF-00433,Smart,2024-07-20
MTR-000824,CUS-000824,TRF-00040,Smart,2022-07-04
MTR-000825,CUS-000825,TRF-00107,Smart,2022-12-03
MTR-000826,CUS-000826,TRF-00124,Smart,2022-10-05
MTR-000827,CUS-000827,TRF-00151,Smart,2023-09-09
MTR-000828,CUS-000828,TRF-00012,Smart-Prepaid,2021-09-28
MTR-000829,CUS-000829,TRF-00202,Smart,2019-11-01
MTR-000830,CUS-000830,TRF-00078,Smart-Prepaid,2025-02-13
MTR-000831,CUS-000831,TRF-00393,Smart,2025-01-20
MTR-000832,CUS-000832,TRF-00041,Smart-Prepaid,2022-02-27
MTR-000833,CUS-000833,TRF-00168,Smart,2019-07-09
MTR-000834,CUS-000834,TRF-00248,Smart,2025-10-27
MTR-000835,CUS-000835,TRF-00120,Smart,2020-09-02
MTR-000836,CUS-000836,TRF-00386,Smart,2020-07-01
MTR-000837,CUS-000837,TRF-00438,Smart-Prepaid,2023-09-17
MTR-000838,CUS-000838,TRF-00271,Smart,2023-01-08
MTR-000839,CUS-000839,TRF-00299,Smart,2019-01-08
MTR-000840,CUS-000840,TRF-00208,Smart-Prepaid,2025-04-12
MTR-000841,CUS-000841,TRF-00472,Smart,2020-05-23
MTR-000842,CUS-000842,TRF-00157,Smart,2018-12-10
MTR-000843,CUS-000843,TRF-00494,Smart,2020-05-04
MTR-000844,CUS-000844,TRF-00120,Smart,2020-06-12
MTR-000845,CUS-000845,TRF-00226,Smart-Prepaid,2019-10-25
MTR-000846,CUS-000846,TRF-00420,Smart,2025-07-01
MTR-000847,CUS-000847,TRF-00443,Smart,2022-07-27
MTR-000848,CUS-000848,TRF-00460,Smart,2021-02-28
MTR-000849,CUS-000849,TRF-00023,Smart,2024-08-04
MTR-000850,CUS-000850,TRF-00229,Smart,2023-11-30
MTR-000851,CUS-000851,TRF-00025,Smart,2018-10-04
MTR-000852,CUS-000852,TRF-00057,Smart,2024-08-31
MTR-000853,CUS-000853,TRF-00264,Smart-Prepaid,2022-07-03
MTR-000854,CUS-000854,TRF-00125,Smart,2023-11-28
MTR-000855,CUS-000855,TRF-00444,Smart,2024-02-16
MTR-000856,CUS-000856,TRF-00274,Smart,2022-12-17
MTR-000857,CUS-000857,TRF-00027,Smart-Prepaid,2018-12-04
MTR-000858,CUS-000858,TRF-00390,Smart,2023-04-11
MTR-000859,CUS-000859,TRF-00300,Smart-Prepaid,2020-04-04
MTR-000860,CUS-000860,TRF-00469,Smart-Prepaid,2023-03-22
MTR-000861,CUS-000861,TRF-00127,Smart-Prepaid,2018-08-30
MTR-000862,CUS-000862,TRF-00093,Smart,2024-02-29
MTR-000863,CUS-000863,TRF-00190,Smart,2023-03-18
MTR-000864,CUS-000864,TRF-00420,Smart,2021-07-09
MTR-000865,CUS-000865,TRF-00271,Smart-Prepaid,2025-09-20
MTR-000866,CUS-000866,TRF-00483,Smart-Prepaid,2019-11-27
MTR-000867,CUS-000867,TRF-00004,Smart-Prepaid,2020-04-16
MTR-000868,CUS-000868,TRF-00156,Smart,2022-11-07
MTR-000869,CUS-000869,TRF-00051,Smart,2025-11-07
MTR-000870,CUS-000870,TRF-00242,Smart,2024-07-01
MTR-000871,CUS-000871,TRF-00150,Smart,2020-10-31
MTR-000872,CUS-000872,TRF-00261,Smart,2023-01-04
MTR-000873,CUS-000873,TRF-00419,Smart,2022-08-26
MTR-000874,CUS-000874,TRF-00440,Smart-Prepaid,2019-11-15
MTR-000875,CUS-000875,TRF-00416,Smart,2020-03-14
MTR-000876,CUS-000876,TRF-00304,Smart-Prepaid,2023-06-02
MTR-000877,CUS-000877,TRF-00424,Smart-Prepaid,2021-04-03
MTR-000878,CUS-000878,TRF-00079,Smart,2021-03-12
MTR-000879,CUS-000879,TRF-00182,Smart,2020-08-31
MTR-000880,CUS-000880,TRF-00353,Smart,2019-07-20
MTR-000881,CUS-000881,TRF-00106,Smart,2020-11-12
MTR-000882,CUS-000882,TRF-00153,Smart,2018-11-01
MTR-000883,CUS-000883,TRF-00292,Smart,2023-05-20
MTR-000884,CUS-000884,TRF-00204,Smart-Prepaid,2023-10-06
MTR-000885,CUS-000885,TRF-00115,Smart,2022-08-29
MTR-000886,CUS-000886,TRF-00016,Smart,2021-10-26
MTR-000887,CUS-000887,TRF-00479,Smart-Prepaid,2020-01-26
MTR-000888,CUS-000888,TRF-00287,Smart,2018-12-08
MTR-000889,CUS-000889,TRF-00155,Smart,2024-12-23
MTR-000890,CUS-000890,TRF-00476,Smart-Prepaid,2024-06-27
MTR-000891,CUS-000891,TRF-00024,Smart,2025-07-12
MTR-000892,CUS-000892,TRF-00430,Smart,2020-03-10
MTR-000893,CUS-000893,TRF-00277,Smart-Prepaid,2023-02-14
MTR-000894,CUS-000894,TRF-00474,Smart,2024-07-10
MTR-000895,CUS-000895,TRF-00316,Smart,2025-03-14
MTR-000896,CUS-000896,TRF-00125,Smart,2023-12-11
MTR-000897,CUS-000897,TRF-00299,Smart,2025-08-17
MTR-000898,CUS-000898,TRF-00357,Smart-Prepaid,2025-01-30
MTR-000899,CUS-000899,TRF-00275,Smart-Prepaid,2021-06-18
MTR-000900,CUS-000900,TRF-00364,Smart,2019-01-14
MTR-000901,CUS-000901,TRF-00177,Smart-Prepaid,2023-07-25
MTR-000902,CUS-000902,TRF-00343,Smart-Prepaid,2023-02-04
MTR-000903,CUS-000903,TRF-00430,Smart,2025-08-10
MTR-000904,CUS-000904,TRF-00046,Smart,2020-08-08
MTR-000905,CUS-000905,TRF-00199,Smart,2022-08-27
MTR-000906,CUS-000906,TRF-00050,Smart,2021-01-22
MTR-000907,CUS-000907,TRF-00438,Smart,2020-04-26
MTR-000908,CUS-000908,TRF-00461,Smart,2020-01-15
MTR-000909,CUS-000909,TRF-00294,Smart,2021-04-01
MTR-000910,CUS-000910,TRF-00269,Smart-Prepaid,2022-07-24
MTR-000911,CUS-000911,TRF-00196,Smart-Prepaid,2024-04-22
MTR-000912,CUS-000912,TRF-00430,Smart,2024-04-22
MTR-000913,CUS-000913,TRF-00020,Smart-Prepaid,2022-03-26
MTR-000914,CUS-000914,TRF-00142,Smart,2021-09-13
MTR-000915,CUS-000915,TRF-00247,Smart,2024-07-29
MTR-000916,CUS-000916,TRF-00355,Smart,2025-11-24
MTR-000917,CUS-000917,TRF-00352,Smart-Prepaid,2022-05-29
MTR-000918,CUS-000918,TRF-00464,Smart-Prepaid,2023-05-01
MTR-000919,CUS-000919,TRF-00467,Smart-Prepaid,2024-11-25
MTR-000920,CUS-000920,TRF-00000,Smart-Prepaid,2023-11-21
MTR-000921,CUS-000921,TRF-00463,Smart,2026-01-12
MTR-000922,CUS-000922,TRF-00364,Smart-Prepaid,2019-03-22
MTR-000923,CUS-000923,TRF-00337,Smart,2019-06-16
MTR-000924,CUS-000924,TRF-00393,Smart,2018-08-10
MTR-000925,CUS-000925,TRF-00406,Smart,2018-11-08
MTR-000926,CUS-000926,TRF-00273,Smart,2019-01-01
MTR-000927,CUS-000927,TRF-00240,Smart,2018-09-11
MTR-000928,CUS-000928,TRF-00057,Smart,2020-10-11
MTR-000929,CUS-000929,TRF-00125,Smart,2018-08-10
MTR-000930,CUS-000930,TRF-00328,Smart,2022-02-17
MTR-000931,CUS-000931,TRF-00365,Smart,2024-05-17
MTR-000932,CUS-000932,TRF-00477,Smart,2026-03-20
MTR-000933,CUS-000933,TRF-00460,Smart,2019-05-18
MTR-000934,CUS-000934,TRF-00051,Smart-Prepaid,2021-07-09
MTR-000935,CUS-000935,TRF-00499,Smart-Prepaid,2023-09-20
MTR-000936,CUS-000936,TRF-00222,Smart,2026-04-17
MTR-000937,CUS-000937,TRF-00301,Smart-Prepaid,2024-06-24
MTR-000938,CUS-000938,TRF-00362,Smart,2021-07-23
MTR-000939,CUS-000939,TRF-00268,Smart,2020-10-27
MTR-000940,CUS-000940,TRF-00095,Smart,2023-10-13
MTR-000941,CUS-000941,TRF-00272,Smart,2020-12-17
MTR-000942,CUS-000942,TRF-00322,Smart,2018-11-19
MTR-000943,CUS-000943,TRF-00060,Smart,2019-07-23
MTR-000944,CUS-000944,TRF-00320,Smart,2019-09-24
MTR-000945,CUS-000945,TRF-00180,Smart,2022-03-23
MTR-000946,CUS-000946,TRF-00132,Smart-Prepaid,2025-12-27
MTR-000947,CUS-000947,TRF-00415,Smart,2026-05-23
MTR-000948,CUS-000948,TRF-00088,Smart-Prepaid,2025-11-05
MTR-000949,CUS-000949,TRF-00172,Smart,2019-07-23
MTR-000950,CUS-000950,TRF-00311,Smart-Prepaid,2023-08-25
MTR-000951,CUS-000951,TRF-00004,Smart,2026-02-23
MTR-000952,CUS-000952,TRF-00356,Smart-Prepaid,2024-11-18
MTR-000953,CUS-000953,TRF-00342,Smart-Prepaid,2025-07-29
MTR-000954,CUS-000954,TRF-00203,Smart,2025-12-26
MTR-000955,CUS-000955,TRF-00161,Smart,2019-12-27
MTR-000956,CUS-000956,TRF-00060,Smart,2019-07-01
MTR-000957,CUS-000957,TRF-00470,Smart-Prepaid,2024-05-06
MTR-000958,CUS-000958,TRF-00463,Smart,2022-03-18
MTR-000959,CUS-000959,TRF-00496,Smart,2025-08-16
MTR-000960,CUS-000960,TRF-00189,Smart,2024-02-09
MTR-000961,CUS-000961,TRF-00324,Smart,2020-10-07
MTR-000962,CUS-000962,TRF-00062,Smart,2018-10-14
MTR-000963,CUS-000963,TRF-00043,Smart-Prepaid,2023-01-24
MTR-000964,CUS-000964,TRF-00238,Smart,2019-02-09
MTR-000965,CUS-000965,TRF-00027,Smart-Prepaid,2024-01-31
MTR-000966,CUS-000966,TRF-00197,Smart,2020-04-24
MTR-000967,CUS-000967,TRF-00268,Smart,2021-10-02
MTR-000968,CUS-000968,TRF-00170,Smart,2021-08-05
MTR-000969,CUS-000969,TRF-00029,Smart-Prepaid,2018-11-25
MTR-000970,CUS-000970,TRF-00153,Smart,2022-01-11
MTR-000971,CUS-000971,TRF-00208,Smart,2022-04-17
MTR-000972,CUS-000972,TRF-00062,Smart,2019-12-29
MTR-000973,CUS-000973,TRF-00328,Smart,2018-09-17
MTR-000974,CUS-000974,TRF-00056,Smart-Prepaid,2025-09-17
MTR-000975,CUS-000975,TRF-00319,Smart,2023-10-21
MTR-000976,CUS-000976,TRF-00207,Smart,2026-03-15
MTR-000977,CUS-000977,TRF-00432,Smart,2025-07-18
MTR-000978,CUS-000978,TRF-00307,Smart,2024-03-24
MTR-000979,CUS-000979,TRF-00062,Smart,2024-04-18
MTR-000980,CUS-000980,TRF-00247,Smart,2020-03-18
MTR-000981,CUS-000981,TRF-00465,Smart,2020-09-20
MTR-000982,CUS-000982,TRF-00140,Smart,2023-12-03
MTR-000983,CUS-000983,TRF-00092,Smart,2026-03-26
MTR-000984,CUS-000984,TRF-00106,Smart,2020-02-04
MTR-000985,CUS-000985,TRF-00364,Smart,2024-01-25
MTR-000986,CUS-000986,TRF-00087,Smart,2025-01-08
MTR-000987,CUS-000987,TRF-00300,Smart,2026-06-28
MTR-000988,CUS-000988,TRF-00107,Smart,2018-12-15
MTR-000989,CUS-000989,TRF-00045,Smart-Prepaid,2023-01-24
MTR-000990,CUS-000990,TRF-00076,Smart,2025-05-23
MTR-000991,CUS-000991,TRF-00216,Smart,2023-01-12
MTR-000992,CUS-000992,TRF-00168,Smart,2024-03-03
MTR-000993,CUS-000993,TRF-00301,Smart,2024-11-16
MTR-000994,CUS-000994,TRF-00128,Smart-Prepaid,2024-04-09
MTR-000995,CUS-000995,TRF-00200,Smart,2024-06-26
MTR-000996,CUS-000996,TRF-00195,Smart,2020-11-15
MTR-000997,CUS-000997,TRF-00347,Smart,2019-04-22
MTR-000998,CUS-000998,TRF-00267,Smart-Prepaid,2021-07-07
MTR-000999,CUS-000999,TRF-00087,Smart-Prepaid,2025-02-07
MTR-001000,CUS-001000,TRF-00252,Smart,2022-12-01
MTR-001001,CUS-001001,TRF-00237,Smart-Prepaid,2021-07-24
MTR-001002,CUS-001002,TRF-00072,Smart,2025-09-30
MTR-001003,CUS-001003,TRF-00418,Smart,2024-05-10
MTR-001004,CUS-001004,TRF-00357,Smart,2022-11-20
MTR-001005,CUS-001005,TRF-00354,Smart,2021-02-22
MTR-001006,CUS-001006,TRF-00160,Smart,2023-09-01
MTR-001007,CUS-001007,TRF-00057,Smart-Prepaid,2021-10-30
MTR-001008,CUS-001008,TRF-00383,Smart,2023-03-14
MTR-001009,CUS-001009,TRF-00372,Smart,2021-07-21
MTR-001010,CUS-001010,TRF-00290,Smart,2026-05-24
MTR-001011,CUS-001011,TRF-00429,Smart,2024-09-06
MTR-001012,CUS-001012,TRF-00339,Smart,2019-10-10
MTR-001013,CUS-001013,TRF-00065,Smart,2023-12-07
MTR-001014,CUS-001014,TRF-00427,Smart,2025-08-25
MTR-001015,CUS-001015,TRF-00025,Smart,2023-12-16
MTR-001016,CUS-001016,TRF-00297,Smart,2021-11-01
MTR-001017,CUS-001017,TRF-00076,Smart,2026-03-21
MTR-001018,CUS-001018,TRF-00285,Smart,2019-04-17
MTR-001019,CUS-001019,TRF-00371,Smart,2020-08-11
MTR-001020,CUS-001020,TRF-00415,Smart,2019-09-12
MTR-001021,CUS-001021,TRF-00035,Smart,2025-12-05
MTR-001022,CUS-001022,TRF-00018,Smart,2023-09-19
MTR-001023,CUS-001023,TRF-00277,Smart-Prepaid,2022-03-05
MTR-001024,CUS-001024,TRF-00320,Smart-Prepaid,2022-11-16
MTR-001025,CUS-001025,TRF-00312,Smart-Prepaid,2023-12-29
MTR-001026,CUS-001026,TRF-00266,Smart,2025-08-26
MTR-001027,CUS-001027,TRF-00281,Smart,2021-04-29
MTR-001028,CUS-001028,TRF-00431,Smart,2025-11-16
MTR-001029,CUS-001029,TRF-00018,Smart,2026-05-22
MTR-001030,CUS-001030,TRF-00338,Smart,2019-10-03
MTR-001031,CUS-001031,TRF-00139,Smart-Prepaid,2021-04-24
MTR-001032,CUS-001032,TRF-00066,Smart,2023-08-13
MTR-001033,CUS-001033,TRF-00311,Smart,2024-07-02
MTR-001034,CUS-001034,TRF-00017,Smart,2025-05-06
MTR-001035,CUS-001035,TRF-00368,Smart,2023-02-24
MTR-001036,CUS-001036,TRF-00260,Smart,2026-05-06
MTR-001037,CUS-001037,TRF-00111,Smart,2024-11-17
MTR-001038,CUS-001038,TRF-00407,Smart,2025-02-18
MTR-001039,CUS-001039,TRF-00461,Smart-Prepaid,2021-09-29
MTR-001040,CUS-001040,TRF-00114,Smart,2025-02-15
MTR-001041,CUS-001041,TRF-00165,Smart-Prepaid,2025-07-31
MTR-001042,CUS-001042,TRF-00066,Smart,2026-06-13
MTR-001043,CUS-001043,TRF-00254,Smart,2022-11-30
MTR-001044,CUS-001044,TRF-00069,Smart,2022-09-20
MTR-001045,CUS-001045,TRF-00459,Smart-Prepaid,2023-03-01
MTR-001046,CUS-001046,TRF-00307,Smart,2020-08-15
MTR-001047,CUS-001047,TRF-00202,Smart,2022-12-18
MTR-001048,CUS-001048,TRF-00126,Smart,2026-01-25
MTR-001049,CUS-001049,TRF-00422,Smart,2024-06-18
MTR-001050,CUS-001050,TRF-00442,Smart,2024-01-09
MTR-001051,CUS-001051,TRF-00409,Smart-Prepaid,2024-11-04
MTR-001052,CUS-001052,TRF-00320,Smart,2022-06-24
MTR-001053,CUS-001053,TRF-00079,Smart,2021-03-08
MTR-001054,CUS-001054,TRF-00175,Smart-Prepaid,2025-03-25
MTR-001055,CUS-001055,TRF-00112,Smart-Prepaid,2021-07-24
MTR-001056,CUS-001056,TRF-00110,Smart,2026-01-09
MTR-001057,CUS-001057,TRF-00308,Smart,2022-09-30
MTR-001058,CUS-001058,TRF-00136,Smart,2025-02-03
MTR-001059,CUS-001059,TRF-00132,Smart-Prepaid,2020-05-04
MTR-001060,CUS-001060,TRF-00371,Smart-Prepaid,2021-05-21
MTR-001061,CUS-001061,TRF-00327,Smart-Prepaid,2021-11-01
MTR-001062,CUS-001062,TRF-00188,Smart,2024-07-22
MTR-001063,CUS-001063,TRF-00276,Smart,2019-06-13
MTR-001064,CUS-001064,TRF-00224,Smart,2023-09-05
MTR-001065,CUS-001065,TRF-00102,Smart,2022-03-13
MTR-001066,CUS-001066,TRF-00106,Smart-Prepaid,2025-03-18
MTR-001067,CUS-001067,TRF-00062,Smart,2025-09-11
MTR-001068,CUS-001068,TRF-00403,Smart,2020-02-05
MTR-001069,CUS-001069,TRF-00441,Smart-Prepaid,2018-08-11
MTR-001070,CUS-001070,TRF-00244,Smart,2024-11-21
MTR-001071,CUS-001071,TRF-00172,Smart,2022-08-08
MTR-001072,CUS-001072,TRF-00405,Smart-Prepaid,2019-06-17
MTR-001073,CUS-001073,TRF-00332,Smart-Prepaid,2019-10-01
MTR-001074,CUS-001074,TRF-00486,Smart-Prepaid,2019-03-06
MTR-001075,CUS-001075,TRF-00330,Smart,2026-02-16
MTR-001076,CUS-001076,TRF-00209,Smart,2020-07-09
MTR-001077,CUS-001077,TRF-00190,Smart,2021-10-27
MTR-001078,CUS-001078,TRF-00157,Smart,2025-02-20
MTR-001079,CUS-001079,TRF-00318,Smart,2022-11-24
MTR-001080,CUS-001080,TRF-00224,Smart-Prepaid,2019-05-16
MTR-001081,CUS-001081,TRF-00171,Smart,2025-01-20
MTR-001082,CUS-001082,TRF-00322,Smart,2018-10-16
MTR-001083,CUS-001083,TRF-00441,Smart-Prepaid,2018-11-07
MTR-001084,CUS-001084,TRF-00448,Smart-Prepaid,2019-07-26
MTR-001085,CUS-001085,TRF-00035,Smart,2020-01-29
MTR-001086,CUS-001086,TRF-00133,Smart-Prepaid,2024-10-01
MTR-001087,CUS-001087,TRF-00036,Smart-Prepaid,2019-03-04
MTR-001088,CUS-001088,TRF-00092,Smart-Prepaid,2020-08-11
MTR-001089,CUS-001089,TRF-00074,Smart-Prepaid,2026-02-19
MTR-001090,CUS-001090,TRF-00243,Smart-Prepaid,2021-12-12
MTR-001091,CUS-001091,TRF-00182,Smart,2021-06-08
MTR-001092,CUS-001092,TRF-00204,Smart,2021-10-18
MTR-001093,CUS-001093,TRF-00458,Smart,2024-02-18
MTR-001094,CUS-001094,TRF-00186,Smart,2020-12-25
MTR-001095,CUS-001095,TRF-00165,Smart,2021-09-04
MTR-001096,CUS-001096,TRF-00114,Smart,2020-04-03
MTR-001097,CUS-001097,TRF-00408,Smart,2021-12-31
MTR-001098,CUS-001098,TRF-00206,Smart-Prepaid,2023-04-11
MTR-001099,CUS-001099,TRF-00244,Smart-Prepaid,2022-05-24
MTR-001100,CUS-001100,TRF-00332,Smart,2023-06-23
MTR-001101,CUS-001101,TRF-00489,Smart,2018-12-09
MTR-001102,CUS-001102,TRF-00160,Smart-Prepaid,2022-06-30
MTR-001103,CUS-001103,TRF-00012,Smart-Prepaid,2018-11-09
MTR-001104,CUS-001104,TRF-00293,Smart-Prepaid,2021-02-19
MTR-001105,CUS-001105,TRF-00441,Smart-Prepaid,2018-11-07
MTR-001106,CUS-001106,TRF-00471,Smart-Prepaid,2024-02-26
MTR-001107,CUS-001107,TRF-00403,Smart,2025-06-04
MTR-001108,CUS-001108,TRF-00235,Smart,2021-08-23
MTR-001109,CUS-001109,TRF-00272,Smart-Prepaid,2022-11-15
MTR-001110,CUS-001110,TRF-00378,Smart,2019-05-20
MTR-001111,CUS-001111,TRF-00113,Smart-Prepaid,2024-01-22
MTR-001112,CUS-001112,TRF-00151,Smart,2023-07-08
MTR-001113,CUS-001113,TRF-00025,Smart-Prepaid,2021-05-21
MTR-001114,CUS-001114,TRF-00167,Smart,2026-04-19
MTR-001115,CUS-001115,TRF-00031,Smart,2022-06-27
MTR-001116,CUS-001116,TRF-00220,Smart,2018-10-28
MTR-001117,CUS-001117,TRF-00205,Smart-Prepaid,2018-11-29
MTR-001118,CUS-001118,TRF-00420,Smart,2022-06-19
MTR-001119,CUS-001119,TRF-00341,Smart-Prepaid,2025-10-11
MTR-001120,CUS-001120,TRF-00097,Smart-Prepaid,2022-05-14
MTR-001121,CUS-001121,TRF-00090,Smart-Prepaid,2022-11-29
MTR-001122,CUS-001122,TRF-00475,Smart-Prepaid,2019-04-06
MTR-001123,CUS-001123,TRF-00376,Smart,2024-05-04
MTR-001124,CUS-001124,TRF-00213,Smart,2024-04-09
MTR-001125,CUS-001125,TRF-00187,Smart,2025-11-28
MTR-001126,CUS-001126,TRF-00056,Smart-Prepaid,2022-03-16
MTR-001127,CUS-001127,TRF-00106,Smart-Prepaid,2024-07-15
MTR-001128,CUS-001128,TRF-00441,Smart,2020-07-08
MTR-001129,CUS-001129,TRF-00194,Smart,2026-05-25
MTR-001130,CUS-001130,TRF-00021,Smart,2018-11-17
MTR-001131,CUS-001131,TRF-00185,Smart,2021-01-21
MTR-001132,CUS-001132,TRF-00367,Smart,2024-10-04
MTR-001133,CUS-001133,TRF-00084,Smart,2025-05-16
MTR-001134,CUS-001134,TRF-00079,Smart,2020-04-27
MTR-001135,CUS-001135,TRF-00328,Smart,2021-11-09
MTR-001136,CUS-001136,TRF-00076,Smart,2018-09-08
MTR-001137,CUS-001137,TRF-00329,Smart,2019-08-16
MTR-001138,CUS-001138,TRF-00382,Smart,2025-06-08
MTR-001139,CUS-001139,TRF-00432,Smart,2024-10-15
MTR-001140,CUS-001140,TRF-00376,Smart,2026-01-05
MTR-001141,CUS-001141,TRF-00340,Smart,2022-02-15
MTR-001142,CUS-001142,TRF-00176,Smart,2022-07-31
MTR-001143,CUS-001143,TRF-00425,Smart,2022-04-10
MTR-001144,CUS-001144,TRF-00423,Smart-Prepaid,2024-02-16
MTR-001145,CUS-001145,TRF-00454,Smart,2021-09-05
MTR-001146,CUS-001146,TRF-00173,Smart,2025-12-06
MTR-001147,CUS-001147,TRF-00405,Smart,2023-10-13
MTR-001148,CUS-001148,TRF-00081,Smart,2018-12-28
MTR-001149,CUS-001149,TRF-00020,Smart-Prepaid,2023-03-30
MTR-001150,CUS-001150,TRF-00178,Smart,2024-02-19
MTR-001151,CUS-001151,TRF-00497,Smart,2022-06-30
MTR-001152,CUS-001152,TRF-00397,Smart,2025-10-01
MTR-001153,CUS-001153,TRF-00329,Smart,2020-12-05
MTR-001154,CUS-001154,TRF-00224,Smart,2019-11-23
MTR-001155,CUS-001155,TRF-00264,Smart,2020-11-26
MTR-001156,CUS-001156,TRF-00401,Smart,2021-03-25
MTR-001157,CUS-001157,TRF-00268,Smart,2019-06-23
MTR-001158,CUS-001158,TRF-00250,Smart,2019-10-31
MTR-001159,CUS-001159,TRF-00272,Smart-Prepaid,2025-03-27
MTR-001160,CUS-001160,TRF-00381,Smart,2020-03-07
MTR-001161,CUS-001161,TRF-00342,Smart,2022-06-16
MTR-001162,CUS-001162,TRF-00408,Smart,2018-08-26
MTR-001163,CUS-001163,TRF-00437,Smart,2024-09-30
MTR-001164,CUS-001164,TRF-00271,Smart-Prepaid,2024-12-29
MTR-001165,CUS-001165,TRF-00279,Smart,2025-10-10
MTR-001166,CUS-001166,TRF-00222,Smart,2024-09-20
MTR-001167,CUS-001167,TRF-00074,Smart,2018-12-14
MTR-001168,CUS-001168,TRF-00150,Smart,2020-01-20
MTR-001169,CUS-001169,TRF-00424,Smart,2021-04-19
MTR-001170,CUS-001170,TRF-00358,Smart-Prepaid,2024-01-06
MTR-001171,CUS-001171,TRF-00341,Smart-Prepaid,2025-04-20
MTR-001172,CUS-001172,TRF-00416,Smart,2020-06-01
MTR-001173,CUS-001173,TRF-00104,Smart-Prepaid,2022-02-15
MTR-001174,CUS-001174,TRF-00041,Smart,2024-02-26
MTR-001175,CUS-001175,TRF-00175,Smart-Prepaid,2025-10-28
MTR-001176,CUS-001176,TRF-00244,Smart-Prepaid,2019-05-30
MTR-001177,CUS-001177,TRF-00252,Smart,2019-09-16
MTR-001178,CUS-001178,TRF-00273,Smart,2024-06-20
MTR-001179,CUS-001179,TRF-00446,Smart-Prepaid,2026-02-06
MTR-001180,CUS-001180,TRF-00333,Smart,2023-01-23
MTR-001181,CUS-001181,TRF-00091,Smart,2022-01-27
MTR-001182,CUS-001182,TRF-00010,Smart,2021-07-05
MTR-001183,CUS-001183,TRF-00151,Smart-Prepaid,2024-02-21
MTR-001184,CUS-001184,TRF-00188,Smart-Prepaid,2018-10-08
MTR-001185,CUS-001185,TRF-00447,Smart,2022-10-06
MTR-001186,CUS-001186,TRF-00163,Smart-Prepaid,2024-02-06
MTR-001187,CUS-001187,TRF-00125,Smart,2023-08-19
MTR-001188,CUS-001188,TRF-00210,Smart-Prepaid,2019-06-13
MTR-001189,CUS-001189,TRF-00460,Smart,2022-05-10
MTR-001190,CUS-001190,TRF-00096,Smart,2020-10-24
MTR-001191,CUS-001191,TRF-00308,Smart,2023-01-07
MTR-001192,CUS-001192,TRF-00338,Smart,2021-12-13
MTR-001193,CUS-001193,TRF-00046,Smart,2019-02-14
MTR-001194,CUS-001194,TRF-00307,Smart-Prepaid,2020-09-07
MTR-001195,CUS-001195,TRF-00223,Smart,2026-02-12
MTR-001196,CUS-001196,TRF-00462,Smart-Prepaid,2021-06-09
MTR-001197,CUS-001197,TRF-00056,Smart,2021-10-13
MTR-001198,CUS-001198,TRF-00074,Smart,2025-11-19
MTR-001199,CUS-001199,TRF-00253,Smart,2025-10-13
MTR-001200,CUS-001200,TRF-00150,Smart-Prepaid,2025-07-16
MTR-001201,CUS-001201,TRF-00058,Smart,2019-07-25
MTR-001202,CUS-001202,TRF-00324,Smart-Prepaid,2019-11-21
MTR-001203,CUS-001203,TRF-00439,Smart-Prepaid,2023-02-14
MTR-001204,CUS-001204,TRF-00085,Smart,2023-11-14
MTR-001205,CUS-001205,TRF-00169,Smart,2022-02-20
MTR-001206,CUS-001206,TRF-00145,Smart-Prepaid,2026-06-30
MTR-001207,CUS-001207,TRF-00326,Smart-Prepaid,2021-07-24
MTR-001208,CUS-001208,TRF-00032,Smart,2020-09-08
MTR-001209,CUS-001209,TRF-00002,Smart,2019-02-19
MTR-001210,CUS-001210,TRF-00283,Smart,2024-11-10
MTR-001211,CUS-001211,TRF-00256,Smart,2020-01-28
MTR-001212,CUS-001212,TRF-00125,Smart,2021-11-17
MTR-001213,CUS-001213,TRF-00446,Smart,2023-01-14
MTR-001214,CUS-001214,TRF-00112,Smart,2020-06-11
MTR-001215,CUS-001215,TRF-00302,Smart,2019-10-10
MTR-001216,CUS-001216,TRF-00292,Smart-Prepaid,2019-08-30
MTR-001217,CUS-001217,TRF-00341,Smart-Prepaid,2024-02-28
MTR-001218,CUS-001218,TRF-00047,Smart-Prepaid,2018-09-11
MTR-001219,CUS-001219,TRF-00363,Smart-Prepaid,2019-01-30
MTR-001220,CUS-001220,TRF-00274,Smart,2024-11-05
MTR-001221,CUS-001221,TRF-00397,Smart-Prepaid,2019-07-02
MTR-001222,CUS-001222,TRF-00194,Smart-Prepaid,2023-11-17
MTR-001223,CUS-001223,TRF-00338,Smart-Prepaid,2023-03-30
MTR-001224,CUS-001224,TRF-00224,Smart,2018-09-04
MTR-001225,CUS-001225,TRF-00212,Smart,2025-07-30
MTR-001226,CUS-001226,TRF-00320,Smart,2019-09-10
MTR-001227,CUS-001227,TRF-00281,Smart,2025-11-23
MTR-001228,CUS-001228,TRF-00137,Smart-Prepaid,2025-06-02
MTR-001229,CUS-001229,TRF-00354,Smart,2024-12-13
MTR-001230,CUS-001230,TRF-00332,Smart-Prepaid,2020-02-06
MTR-001231,CUS-001231,TRF-00069,Smart,2022-05-14
MTR-001232,CUS-001232,TRF-00298,Smart,2022-05-25
MTR-001233,CUS-001233,TRF-00069,Smart,2019-05-23
MTR-001234,CUS-001234,TRF-00482,Smart,2021-09-04
MTR-001235,CUS-001235,TRF-00207,Smart,2023-08-15
MTR-001236,CUS-001236,TRF-00488,Smart,2022-11-22
MTR-001237,CUS-001237,TRF-00199,Smart,2024-12-20
MTR-001238,CUS-001238,TRF-00058,Smart-Prepaid,2019-10-06
MTR-001239,CUS-001239,TRF-00258,Smart,2019-08-12
MTR-001240,CUS-001240,TRF-00388,Smart-Prepaid,2022-08-23
MTR-001241,CUS-001241,TRF-00340,Smart,2025-06-04
MTR-001242,CUS-001242,TRF-00350,Smart,2019-02-22
MTR-001243,CUS-001243,TRF-00333,Smart,2022-09-02
MTR-001244,CUS-001244,TRF-00356,Smart-Prepaid,2026-06-04
MTR-001245,CUS-001245,TRF-00338,Smart,2023-02-02
MTR-001246,CUS-001246,TRF-00164,Smart,2020-07-24
MTR-001247,CUS-001247,TRF-00244,Smart-Prepaid,2024-07-27
MTR-001248,CUS-001248,TRF-00083,Smart,2025-04-03
MTR-001249,CUS-001249,TRF-00435,Smart,2021-06-21
MTR-001250,CUS-001250,TRF-00449,Smart-Prepaid,2020-05-22
MTR-001251,CUS-001251,TRF-00376,Smart,2020-09-07
MTR-001252,CUS-001252,TRF-00446,Smart,2019-01-29
MTR-001253,CUS-001253,TRF-00390,Smart,2022-01-09
MTR-001254,CUS-001254,TRF-00480,Smart,2025-07-01
MTR-001255,CUS-001255,TRF-00308,Smart,2024-10-14
MTR-001256,CUS-001256,TRF-00113,Smart,2018-10-29
MTR-001257,CUS-001257,TRF-00233,Smart-Prepaid,2023-12-04
MTR-001258,CUS-001258,TRF-00261,Smart,2025-12-22
MTR-001259,CUS-001259,TRF-00390,Smart,2021-09-13
MTR-001260,CUS-001260,TRF-00171,Smart-Prepaid,2023-05-29
MTR-001261,CUS-001261,TRF-00017,Smart,2025-06-21
MTR-001262,CUS-001262,TRF-00234,Smart-Prepaid,2024-07-13
MTR-001263,CUS-001263,TRF-00309,Smart-Prepaid,2019-08-13
MTR-001264,CUS-001264,TRF-00382,Smart,2023-06-23
MTR-001265,CUS-001265,TRF-00156,Smart,2024-11-12
MTR-001266,CUS-001266,TRF-00210,Smart-Prepaid,2025-08-23
MTR-001267,CUS-001267,TRF-00280,Smart-Prepaid,2023-09-21
MTR-001268,CUS-001268,TRF-00318,Smart,2024-08-02
MTR-001269,CUS-001269,TRF-00195,Smart,2019-11-07
MTR-001270,CUS-001270,TRF-00114,Smart,2023-05-08
MTR-001271,CUS-001271,TRF-00396,Smart,2020-11-18
MTR-001272,CUS-001272,TRF-00159,Smart,2024-09-22
MTR-001273,CUS-001273,TRF-00154,Smart,2022-01-12
MTR-001274,CUS-001274,TRF-00050,Smart-Prepaid,2018-11-07
MTR-001275,CUS-001275,TRF-00417,Smart,2019-02-17
MTR-001276,CUS-001276,TRF-00283,Smart-Prepaid,2019-04-12
MTR-001277,CUS-001277,TRF-00072,Smart,2025-08-31
MTR-001278,CUS-001278,TRF-00327,Smart,2019-10-04
MTR-001279,CUS-001279,TRF-00340,Smart,2023-09-07
MTR-001280,CUS-001280,TRF-00109,Smart,2021-07-13
MTR-001281,CUS-001281,TRF-00285,Smart,2021-09-20
MTR-001282,CUS-001282,TRF-00220,Smart-Prepaid,2022-04-14
MTR-001283,CUS-001283,TRF-00008,Smart,2024-12-29
MTR-001284,CUS-001284,TRF-00396,Smart-Prepaid,2025-11-13
MTR-001285,CUS-001285,TRF-00081,Smart,2021-01-03
MTR-001286,CUS-001286,TRF-00319,Smart,2022-11-05
MTR-001287,CUS-001287,TRF-00293,Smart,2021-03-12
MTR-001288,CUS-001288,TRF-00374,Smart-Prepaid,2021-01-17
MTR-001289,CUS-001289,TRF-00021,Smart,2026-02-12
MTR-001290,CUS-001290,TRF-00414,Smart,2022-08-28
MTR-001291,CUS-001291,TRF-00098,Smart-Prepaid,2021-08-30
MTR-001292,CUS-001292,TRF-00169,Smart-Prepaid,2025-07-03
MTR-001293,CUS-001293,TRF-00189,Smart,2024-01-22
MTR-001294,CUS-001294,TRF-00105,Smart-Prepaid,2024-02-10
MTR-001295,CUS-001295,TRF-00319,Smart,2025-12-01
MTR-001296,CUS-001296,TRF-00457,Smart-Prepaid,2023-05-26
MTR-001297,CUS-001297,TRF-00264,Smart,2023-11-03
MTR-001298,CUS-001298,TRF-00381,Smart,2023-02-24
MTR-001299,CUS-001299,TRF-00350,Smart,2022-04-28
MTR-001300,CUS-001300,TRF-00427,Smart,2019-04-30
MTR-001301,CUS-001301,TRF-00446,Smart,2022-06-26
MTR-001302,CUS-001302,TRF-00167,Smart-Prepaid,2021-04-26
MTR-001303,CUS-001303,TRF-00343,Smart-Prepaid,2022-09-13
MTR-001304,CUS-001304,TRF-00424,Smart,2023-08-09
MTR-001305,CUS-001305,TRF-00112,Smart,2020-08-06
MTR-001306,CUS-001306,TRF-00327,Smart,2020-09-23
MTR-001307,CUS-001307,TRF-00305,Smart,2020-10-02
MTR-001308,CUS-001308,TRF-00147,Smart-Prepaid,2020-11-22
MTR-001309,CUS-001309,TRF-00336,Smart,2022-09-03
MTR-001310,CUS-001310,TRF-00219,Smart,2021-01-31
MTR-001311,CUS-001311,TRF-00453,Smart,2025-10-11
MTR-001312,CUS-001312,TRF-00425,Smart,2025-10-15
MTR-001313,CUS-001313,TRF-00032,Smart,2023-02-01
MTR-001314,CUS-001314,TRF-00219,Smart,2021-05-13
MTR-001315,CUS-001315,TRF-00318,Smart,2021-01-11
MTR-001316,CUS-001316,TRF-00184,Smart,2025-02-22
MTR-001317,CUS-001317,TRF-00192,Smart,2022-09-15
MTR-001318,CUS-001318,TRF-00360,Smart,2021-11-12
MTR-001319,CUS-001319,TRF-00179,Smart,2020-09-11
MTR-001320,CUS-001320,TRF-00354,Smart-Prepaid,2021-12-17
MTR-001321,CUS-001321,TRF-00471,Smart,2023-10-29
MTR-001322,CUS-001322,TRF-00005,Smart-Prepaid,2024-09-08
MTR-001323,CUS-001323,TRF-00390,Smart,2025-08-28
MTR-001324,CUS-001324,TRF-00008,Smart,2019-09-16
MTR-001325,CUS-001325,TRF-00356,Smart,2024-09-13
MTR-001326,CUS-001326,TRF-00060,Smart,2020-12-10
MTR-001327,CUS-001327,TRF-00463,Smart-Prepaid,2024-01-18
MTR-001328,CUS-001328,TRF-00417,Smart,2021-06-20
MTR-001329,CUS-001329,TRF-00162,Smart,2022-11-26
MTR-001330,CUS-001330,TRF-00098,Smart-Prepaid,2021-02-23
MTR-001331,CUS-001331,TRF-00147,Smart,2024-12-03
MTR-001332,CUS-001332,TRF-00057,Smart,2023-03-19
MTR-001333,CUS-001333,TRF-00214,Smart,2019-12-24
MTR-001334,CUS-001334,TRF-00315,Smart,2024-05-05
MTR-001335,CUS-001335,TRF-00489,Smart,2025-07-17
MTR-001336,CUS-001336,TRF-00181,Smart,2023-08-30
MTR-001337,CUS-001337,TRF-00034,Smart-Prepaid,2020-03-26
MTR-001338,CUS-001338,TRF-00302,Smart-Prepaid,2024-11-10
MTR-001339,CUS-001339,TRF-00045,Smart,2025-03-07
MTR-001340,CUS-001340,TRF-00086,Smart,2020-01-21
MTR-001341,CUS-001341,TRF-00003,Smart,2023-09-25
MTR-001342,CUS-001342,TRF-00265,Smart,2022-07-17
MTR-001343,CUS-001343,TRF-00106,Smart,2020-07-20
MTR-001344,CUS-001344,TRF-00074,Smart-Prepaid,2022-06-10
MTR-001345,CUS-001345,TRF-00039,Smart-Prepaid,2020-09-30
MTR-001346,CUS-001346,TRF-00126,Smart,2023-02-08
MTR-001347,CUS-001347,TRF-00182,Smart,2022-11-11
MTR-001348,CUS-001348,TRF-00118,Smart,2019-10-07
MTR-001349,CUS-001349,TRF-00072,Smart,2023-05-28
MTR-001350,CUS-001350,TRF-00039,Smart,2020-08-09
MTR-001351,CUS-001351,TRF-00203,Smart,2026-04-05
MTR-001352,CUS-001352,TRF-00464,Smart,2025-01-16
MTR-001353,CUS-001353,TRF-00095,Smart,2026-05-25
MTR-001354,CUS-001354,TRF-00278,Smart,2018-08-19
MTR-001355,CUS-001355,TRF-00142,Smart-Prepaid,2020-02-07
MTR-001356,CUS-001356,TRF-00114,Smart,2026-01-01
MTR-001357,CUS-001357,TRF-00475,Smart,2025-12-14
MTR-001358,CUS-001358,TRF-00371,Smart,2022-03-17
MTR-001359,CUS-001359,TRF-00485,Smart,2026-06-14
MTR-001360,CUS-001360,TRF-00132,Smart-Prepaid,2023-03-24
MTR-001361,CUS-001361,TRF-00167,Smart,2020-10-19
MTR-001362,CUS-001362,TRF-00401,Smart-Prepaid,2023-02-06
MTR-001363,CUS-001363,TRF-00244,Smart,2020-03-08
MTR-001364,CUS-001364,TRF-00276,Smart,2019-01-04
MTR-001365,CUS-001365,TRF-00462,Smart,2021-12-28
MTR-001366,CUS-001366,TRF-00258,Smart,2026-05-19
MTR-001367,CUS-001367,TRF-00045,Smart,2023-04-27
MTR-001368,CUS-001368,TRF-00345,Smart-Prepaid,2022-05-18
MTR-001369,CUS-001369,TRF-00334,Smart,2021-09-01
MTR-001370,CUS-001370,TRF-00382,Smart,2019-07-21
MTR-001371,CUS-001371,TRF-00236,Smart,2020-01-15
MTR-001372,CUS-001372,TRF-00052,Smart,2021-06-19
MTR-001373,CUS-001373,TRF-00147,Smart,2024-12-13
MTR-001374,CUS-001374,TRF-00186,Smart,2019-01-14
MTR-001375,CUS-001375,TRF-00020,Smart,2025-04-25
MTR-001376,CUS-001376,TRF-00089,Smart,2020-10-20
MTR-001377,CUS-001377,TRF-00232,Smart-Prepaid,2022-12-13
MTR-001378,CUS-001378,TRF-00214,Smart-Prepaid,2020-09-24
MTR-001379,CUS-001379,TRF-00368,Smart,2024-10-23
MTR-001380,CUS-001380,TRF-00050,Smart-Prepaid,2025-12-08
MTR-001381,CUS-001381,TRF-00152,Smart-Prepaid,2024-01-17
MTR-001382,CUS-001382,TRF-00323,Smart,2020-03-24
MTR-001383,CUS-001383,TRF-00115,Smart,2025-08-30
MTR-001384,CUS-001384,TRF-00393,Smart,2023-02-03
MTR-001385,CUS-001385,TRF-00213,Smart,2018-09-07
MTR-001386,CUS-001386,TRF-00450,Smart-Prepaid,2021-04-12
MTR-001387,CUS-001387,TRF-00338,Smart-Prepaid,2023-07-20
MTR-001388,CUS-001388,TRF-00350,Smart-Prepaid,2020-10-19
MTR-001389,CUS-001389,TRF-00136,Smart,2022-01-03
MTR-001390,CUS-001390,TRF-00284,Smart,2020-06-06
MTR-001391,CUS-001391,TRF-00420,Smart,2023-07-03
MTR-001392,CUS-001392,TRF-00365,Smart,2023-02-15
MTR-001393,CUS-001393,TRF-00070,Smart,2020-09-19
MTR-001394,CUS-001394,TRF-00244,Smart,2022-12-25
MTR-001395,CUS-001395,TRF-00037,Smart,2025-04-06
MTR-001396,CUS-001396,TRF-00215,Smart,2019-10-22
MTR-001397,CUS-001397,TRF-00126,Smart-Prepaid,2022-12-28
MTR-001398,CUS-001398,TRF-00071,Smart,2021-02-10
MTR-001399,CUS-001399,TRF-00225,Smart-Prepaid,2020-05-06
MTR-001400,CUS-001400,TRF-00314,Smart-Prepaid,2024-12-26
MTR-001401,CUS-001401,TRF-00440,Smart-Prepaid,2025-02-20
MTR-001402,CUS-001402,TRF-00473,Smart-Prepaid,2020-03-19
MTR-001403,CUS-001403,TRF-00443,Smart,2023-06-27
MTR-001404,CUS-001404,TRF-00283,Smart,2026-03-01
MTR-001405,CUS-001405,TRF-00411,Smart-Prepaid,2019-04-30
MTR-001406,CUS-001406,TRF-00301,Smart-Prepaid,2024-06-20
MTR-001407,CUS-001407,TRF-00245,Smart,2026-05-10
MTR-001408,CUS-001408,TRF-00070,Smart-Prepaid,2020-09-28
MTR-001409,CUS-001409,TRF-00194,Smart,2022-06-16
MTR-001410,CUS-001410,TRF-00499,Smart,2019-05-13
MTR-001411,CUS-001411,TRF-00469,Smart,2025-04-19
MTR-001412,CUS-001412,TRF-00438,Smart,2020-05-10
MTR-001413,CUS-001413,TRF-00037,Smart,2022-03-30
MTR-001414,CUS-001414,TRF-00116,Smart,2019-12-02
MTR-001415,CUS-001415,TRF-00237,Smart,2019-12-24
MTR-001416,CUS-001416,TRF-00363,Smart-Prepaid,2020-05-08
MTR-001417,CUS-001417,TRF-00401,Smart,2019-06-16
MTR-001418,CUS-001418,TRF-00203,Smart,2020-06-30
MTR-001419,CUS-001419,TRF-00350,Smart,2021-01-18
MTR-001420,CUS-001420,TRF-00318,Smart,2023-03-13
MTR-001421,CUS-001421,TRF-00358,Smart,2023-05-10
MTR-001422,CUS-001422,TRF-00004,Smart,2021-09-01
MTR-001423,CUS-001423,TRF-00427,Smart-Prepaid,2020-04-18
MTR-001424,CUS-001424,TRF-00488,Smart,2019-05-27
MTR-001425,CUS-001425,TRF-00156,Smart,2019-04-04
MTR-001426,CUS-001426,TRF-00106,Smart-Prepaid,2024-03-31
MTR-001427,CUS-001427,TRF-00227,Smart-Prepaid,2022-02-09
MTR-001428,CUS-001428,TRF-00141,Smart,2024-06-16
MTR-001429,CUS-001429,TRF-00313,Smart,2021-08-25
MTR-001430,CUS-001430,TRF-00171,Smart,2023-06-23
MTR-001431,CUS-001431,TRF-00145,Smart,2021-08-13
MTR-001432,CUS-001432,TRF-00006,Smart,2022-11-22
MTR-001433,CUS-001433,TRF-00342,Smart-Prepaid,2020-10-03
MTR-001434,CUS-001434,TRF-00352,Smart,2025-08-03
MTR-001435,CUS-001435,TRF-00445,Smart,2022-07-01
MTR-001436,CUS-001436,TRF-00300,Smart,2024-11-09
MTR-001437,CUS-001437,TRF-00015,Smart-Prepaid,2022-10-03
MTR-001438,CUS-001438,TRF-00319,Smart,2021-02-26
MTR-001439,CUS-001439,TRF-00036,Smart,2022-07-23
MTR-001440,CUS-001440,TRF-00498,Smart,2023-06-25
MTR-001441,CUS-001441,TRF-00152,Smart,2025-03-30
MTR-001442,CUS-001442,TRF-00264,Smart-Prepaid,2023-05-30
MTR-001443,CUS-001443,TRF-00182,Smart,2021-07-23
MTR-001444,CUS-001444,TRF-00155,Smart,2024-03-05
MTR-001445,CUS-001445,TRF-00136,Smart,2023-05-13
MTR-001446,CUS-001446,TRF-00395,Smart-Prepaid,2024-02-21
MTR-001447,CUS-001447,TRF-00401,Smart,2021-08-06
MTR-001448,CUS-001448,TRF-00474,Smart-Prepaid,2024-11-05
MTR-001449,CUS-001449,TRF-00089,Smart,2020-03-31
MTR-001450,CUS-001450,TRF-00439,Smart,2021-02-03
MTR-001451,CUS-001451,TRF-00217,Smart,2021-10-24
MTR-001452,CUS-001452,TRF-00329,Smart,2020-07-29
MTR-001453,CUS-001453,TRF-00185,Smart-Prepaid,2020-11-27
MTR-001454,CUS-001454,TRF-00380,Smart-Prepaid,2020-06-07
MTR-001455,CUS-001455,TRF-00208,Smart,2023-05-12
MTR-001456,CUS-001456,TRF-00050,Smart,2022-04-29
MTR-001457,CUS-001457,TRF-00287,Smart,2018-10-19
MTR-001458,CUS-001458,TRF-00087,Smart-Prepaid,2026-01-04
MTR-001459,CUS-001459,TRF-00490,Smart,2020-07-15
MTR-001460,CUS-001460,TRF-00431,Smart,2024-02-17
MTR-001461,CUS-001461,TRF-00135,Smart,2022-03-09
MTR-001462,CUS-001462,TRF-00157,Smart,2024-12-09
MTR-001463,CUS-001463,TRF-00281,Smart-Prepaid,2021-09-07
MTR-001464,CUS-001464,TRF-00407,Smart-Prepaid,2021-05-04
MTR-001465,CUS-001465,TRF-00154,Smart,2021-08-15
MTR-001466,CUS-001466,TRF-00462,Smart,2022-06-29
MTR-001467,CUS-001467,TRF-00219,Smart,2024-05-04
MTR-001468,CUS-001468,TRF-00458,Smart-Prepaid,2025-10-21
MTR-001469,CUS-001469,TRF-00166,Smart,2019-04-25
MTR-001470,CUS-001470,TRF-00321,Smart,2020-08-16
MTR-001471,CUS-001471,TRF-00178,Smart,2020-05-31
MTR-001472,CUS-001472,TRF-00328,Smart,2021-07-05
MTR-001473,CUS-001473,TRF-00049,Smart,2026-07-02
MTR-001474,CUS-001474,TRF-00300,Smart,2022-05-24
MTR-001475,CUS-001475,TRF-00086,Smart-Prepaid,2019-12-10
MTR-001476,CUS-001476,TRF-00032,Smart,2025-05-13
MTR-001477,CUS-001477,TRF-00274,Smart,2023-09-18
MTR-001478,CUS-001478,TRF-00140,Smart,2023-05-08
MTR-001479,CUS-001479,TRF-00205,Smart,2025-01-07
MTR-001480,CUS-001480,TRF-00223,Smart,2025-04-21
MTR-001481,CUS-001481,TRF-00112,Smart,2026-05-11
MTR-001482,CUS-001482,TRF-00277,Smart,2021-06-29
MTR-001483,CUS-001483,TRF-00403,Smart,2024-08-17
MTR-001484,CUS-001484,TRF-00352,Smart,2019-04-27
MTR-001485,CUS-001485,TRF-00004,Smart,2025-11-09
MTR-001486,CUS-001486,TRF-00381,Smart-Prepaid,2019-05-04
MTR-001487,CUS-001487,TRF-00211,Smart,2024-02-10
MTR-001488,CUS-001488,TRF-00255,Smart,2019-01-01
MTR-001489,CUS-001489,TRF-00333,Smart,2019-03-27
MTR-001490,CUS-001490,TRF-00474,Smart,2025-12-26
MTR-001491,CUS-001491,TRF-00473,Smart-Prepaid,2022-03-12
MTR-001492,CUS-001492,TRF-00415,Smart,2020-12-04
MTR-001493,CUS-001493,TRF-00029,Smart-Prepaid,2025-05-27
MTR-001494,CUS-001494,TRF-00346,Smart,2020-10-23
MTR-001495,CUS-001495,TRF-00409,Smart-Prepaid,2025-11-09
MTR-001496,CUS-001496,TRF-00081,Smart-Prepaid,2020-06-02
MTR-001497,CUS-001497,TRF-00492,Smart,2021-01-27
MTR-001498,CUS-001498,TRF-00470,Smart-Prepaid,2022-09-23
MTR-001499,CUS-001499,TRF-00235,Smart,2020-06-10
MTR-001500,CUS-001500,TRF-00494,Smart-Prepaid,2019-05-03
MTR-001501,CUS-001501,TRF-00343,Smart-Prepaid,2019-01-07
MTR-001502,CUS-001502,TRF-00387,Smart-Prepaid,2023-10-16
MTR-001503,CUS-001503,TRF-00360,Smart,2024-10-25
MTR-001504,CUS-001504,TRF-00322,Smart-Prepaid,2026-02-27
MTR-001505,CUS-001505,TRF-00252,Smart,2026-01-22
MTR-001506,CUS-001506,TRF-00117,Smart,2019-12-31
MTR-001507,CUS-001507,TRF-00426,Smart,2022-12-11
MTR-001508,CUS-001508,TRF-00029,Smart-Prepaid,2026-01-24
MTR-001509,CUS-001509,TRF-00110,Smart,2025-09-10
MTR-001510,CUS-001510,TRF-00399,Smart,2020-06-23
MTR-001511,CUS-001511,TRF-00253,Smart,2024-12-31
MTR-001512,CUS-001512,TRF-00198,Smart,2020-02-26
MTR-001513,CUS-001513,TRF-00294,Smart-Prepaid,2024-03-31
MTR-001514,CUS-001514,TRF-00341,Smart-Prepaid,2019-02-20
MTR-001515,CUS-001515,TRF-00296,Smart,2019-05-30
MTR-001516,CUS-001516,TRF-00286,Smart,2025-01-28
MTR-001517,CUS-001517,TRF-00432,Smart,2020-01-08
MTR-001518,CUS-001518,TRF-00396,Smart,2019-08-04
MTR-001519,CUS-001519,TRF-00488,Smart,2022-04-08
MTR-001520,CUS-001520,TRF-00424,Smart,2024-08-18
MTR-001521,CUS-001521,TRF-00243,Smart,2024-05-01
MTR-001522,CUS-001522,TRF-00220,Smart,2019-10-25
MTR-001523,CUS-001523,TRF-00155,Smart,2025-12-26
MTR-001524,CUS-001524,TRF-00382,Smart,2020-07-20
MTR-001525,CUS-001525,TRF-00235,Smart,2018-09-04
MTR-001526,CUS-001526,TRF-00319,Smart,2025-05-18
MTR-001527,CUS-001527,TRF-00372,Smart-Prepaid,2024-09-03
MTR-001528,CUS-001528,TRF-00018,Smart,2022-09-02
MTR-001529,CUS-001529,TRF-00214,Smart,2018-10-08
MTR-001530,CUS-001530,TRF-00366,Smart,2022-08-08
MTR-001531,CUS-001531,TRF-00113,Smart-Prepaid,2019-01-21
MTR-001532,CUS-001532,TRF-00199,Smart-Prepaid,2019-09-04
MTR-001533,CUS-001533,TRF-00024,Smart-Prepaid,2018-12-27
MTR-001534,CUS-001534,TRF-00421,Smart,2019-11-03
MTR-001535,CUS-001535,TRF-00120,Smart,2019-08-27
MTR-001536,CUS-001536,TRF-00229,Smart-Prepaid,2025-06-06
MTR-001537,CUS-001537,TRF-00098,Smart,2025-03-18
MTR-001538,CUS-001538,TRF-00345,Smart-Prepaid,2023-02-24
MTR-001539,CUS-001539,TRF-00002,Smart,2020-10-25
MTR-001540,CUS-001540,TRF-00385,Smart,2020-07-20
MTR-001541,CUS-001541,TRF-00260,Smart-Prepaid,2019-12-29
MTR-001542,CUS-001542,TRF-00444,Smart,2019-06-23
MTR-001543,CUS-001543,TRF-00253,Smart,2020-07-27
MTR-001544,CUS-001544,TRF-00019,Smart,2023-09-04
MTR-001545,CUS-001545,TRF-00203,Smart-Prepaid,2024-07-31
MTR-001546,CUS-001546,TRF-00293,Smart,2019-02-19
MTR-001547,CUS-001547,TRF-00463,Smart,2021-08-05
MTR-001548,CUS-001548,TRF-00356,Smart,2018-08-11
MTR-001549,CUS-001549,TRF-00127,Smart-Prepaid,2022-04-03
MTR-001550,CUS-001550,TRF-00357,Smart-Prepaid,2024-12-06
MTR-001551,CUS-001551,TRF-00291,Smart,2023-12-21
MTR-001552,CUS-001552,TRF-00173,Smart,2021-09-25
MTR-001553,CUS-001553,TRF-00220,Smart,2022-11-22
MTR-001554,CUS-001554,TRF-00354,Smart,2021-10-21
MTR-001555,CUS-001555,TRF-00368,Smart-Prepaid,2022-10-06
MTR-001556,CUS-001556,TRF-00036,Smart,2026-03-23
MTR-001557,CUS-001557,TRF-00309,Smart,2026-01-27
MTR-001558,CUS-001558,TRF-00148,Smart,2021-05-29
MTR-001559,CUS-001559,TRF-00404,Smart,2023-05-27
MTR-001560,CUS-001560,TRF-00091,Smart,2024-04-17
MTR-001561,CUS-001561,TRF-00069,Smart,2024-07-16
MTR-001562,CUS-001562,TRF-00083,Smart-Prepaid,2024-07-22
MTR-001563,CUS-001563,TRF-00443,Smart,2022-10-01
MTR-001564,CUS-001564,TRF-00419,Smart,2021-11-01
MTR-001565,CUS-001565,TRF-00204,Smart,2022-08-04
MTR-001566,CUS-001566,TRF-00487,Smart-Prepaid,2022-07-25
MTR-001567,CUS-001567,TRF-00266,Smart,2024-12-23
MTR-001568,CUS-001568,TRF-00087,Smart-Prepaid,2020-03-30
MTR-001569,CUS-001569,TRF-00251,Smart-Prepaid,2023-05-10
MTR-001570,CUS-001570,TRF-00210,Smart-Prepaid,2021-07-07
MTR-001571,CUS-001571,TRF-00342,Smart,2020-12-20
MTR-001572,CUS-001572,TRF-00030,Smart,2023-05-23
MTR-001573,CUS-001573,TRF-00356,Smart,2021-11-14
MTR-001574,CUS-001574,TRF-00420,Smart,2021-08-01
MTR-001575,CUS-001575,TRF-00315,Smart-Prepaid,2021-07-25
MTR-001576,CUS-001576,TRF-00060,Smart,2021-02-04
MTR-001577,CUS-001577,TRF-00066,Smart,2020-03-06
MTR-001578,CUS-001578,TRF-00225,Smart,2018-09-25
MTR-001579,CUS-001579,TRF-00412,Smart-Prepaid,2022-01-20
MTR-001580,CUS-001580,TRF-00450,Smart,2023-08-30
MTR-001581,CUS-001581,TRF-00334,Smart,2019-10-09
MTR-001582,CUS-001582,TRF-00326,Smart,2025-06-16
MTR-001583,CUS-001583,TRF-00066,Smart-Prepaid,2024-11-12
MTR-001584,CUS-001584,TRF-00127,Smart,2024-07-15
MTR-001585,CUS-001585,TRF-00110,Smart,2023-09-30
MTR-001586,CUS-001586,TRF-00490,Smart,2020-12-30
MTR-001587,CUS-001587,TRF-00271,Smart-Prepaid,2020-07-17
MTR-001588,CUS-001588,TRF-00300,Smart,2018-09-26
MTR-001589,CUS-001589,TRF-00033,Smart-Prepaid,2020-05-27
MTR-001590,CUS-001590,TRF-00211,Smart,2022-01-30
MTR-001591,CUS-001591,TRF-00299,Smart,2022-06-17
MTR-001592,CUS-001592,TRF-00372,Smart,2022-04-19
MTR-001593,CUS-001593,TRF-00124,Smart,2022-04-16
MTR-001594,CUS-001594,TRF-00102,Smart,2025-08-04
MTR-001595,CUS-001595,TRF-00480,Smart,2022-04-10
MTR-001596,CUS-001596,TRF-00205,Smart,2021-11-24
MTR-001597,CUS-001597,TRF-00119,Smart,2019-01-05
MTR-001598,CUS-001598,TRF-00169,Smart,2026-02-09
MTR-001599,CUS-001599,TRF-00034,Smart-Prepaid,2025-09-16
MTR-001600,CUS-001600,TRF-00381,Smart-Prepaid,2025-11-29
MTR-001601,CUS-001601,TRF-00330,Smart,2020-12-11
MTR-001602,CUS-001602,TRF-00245,Smart,2019-01-10
MTR-001603,CUS-001603,TRF-00339,Smart-Prepaid,2022-04-16
MTR-001604,CUS-001604,TRF-00413,Smart-Prepaid,2021-08-31
MTR-001605,CUS-001605,TRF-00308,Smart-Prepaid,2023-10-12
MTR-001606,CUS-001606,TRF-00057,Smart,2022-01-14
MTR-001607,CUS-001607,TRF-00411,Smart,2023-05-06
MTR-001608,CUS-001608,TRF-00398,Smart,2021-06-01
MTR-001609,CUS-001609,TRF-00421,Smart,2022-08-31
MTR-001610,CUS-001610,TRF-00305,Smart,2022-05-20
MTR-001611,CUS-001611,TRF-00140,Smart,2026-01-01
MTR-001612,CUS-001612,TRF-00110,Smart,2025-06-26
MTR-001613,CUS-001613,TRF-00162,Smart,2022-05-27
MTR-001614,CUS-001614,TRF-00110,Smart,2021-05-25
MTR-001615,CUS-001615,TRF-00151,Smart,2020-02-20
MTR-001616,CUS-001616,TRF-00375,Smart-Prepaid,2025-11-27
MTR-001617,CUS-001617,TRF-00064,Smart-Prepaid,2019-12-02
MTR-001618,CUS-001618,TRF-00105,Smart,2026-06-18
MTR-001619,CUS-001619,TRF-00215,Smart-Prepaid,2019-10-06
MTR-001620,CUS-001620,TRF-00090,Smart,2024-03-27
MTR-001621,CUS-001621,TRF-00401,Smart,2020-09-27
MTR-001622,CUS-001622,TRF-00441,Smart-Prepaid,2018-10-20
MTR-001623,CUS-001623,TRF-00025,Smart,2020-05-03
MTR-001624,CUS-001624,TRF-00156,Smart,2022-09-24
MTR-001625,CUS-001625,TRF-00071,Smart,2018-10-18
MTR-001626,CUS-001626,TRF-00043,Smart,2021-10-19
MTR-001627,CUS-001627,TRF-00089,Smart,2024-12-05
MTR-001628,CUS-001628,TRF-00132,Smart,2022-04-02
MTR-001629,CUS-001629,TRF-00160,Smart,2023-07-13
MTR-001630,CUS-001630,TRF-00231,Smart-Prepaid,2020-11-11
MTR-001631,CUS-001631,TRF-00379,Smart,2019-01-04
MTR-001632,CUS-001632,TRF-00260,Smart,2022-09-13
MTR-001633,CUS-001633,TRF-00382,Smart,2019-08-01
MTR-001634,CUS-001634,TRF-00368,Smart-Prepaid,2022-01-28
MTR-001635,CUS-001635,TRF-00110,Smart-Prepaid,2022-06-19
MTR-001636,CUS-001636,TRF-00163,Smart-Prepaid,2024-08-26
MTR-001637,CUS-001637,TRF-00076,Smart,2018-11-22
MTR-001638,CUS-001638,TRF-00208,Smart,2024-10-10
MTR-001639,CUS-001639,TRF-00012,Smart,2024-05-17
MTR-001640,CUS-001640,TRF-00408,Smart,2023-02-02
MTR-001641,CUS-001641,TRF-00057,Smart,2019-02-20
MTR-001642,CUS-001642,TRF-00385,Smart-Prepaid,2026-04-09
MTR-001643,CUS-001643,TRF-00343,Smart,2025-12-29
MTR-001644,CUS-001644,TRF-00035,Smart-Prepaid,2021-08-06
MTR-001645,CUS-001645,TRF-00024,Smart,2023-11-02
MTR-001646,CUS-001646,TRF-00033,Smart-Prepaid,2022-02-02
MTR-001647,CUS-001647,TRF-00139,Smart,2024-04-29
MTR-001648,CUS-001648,TRF-00274,Smart-Prepaid,2020-09-20
MTR-001649,CUS-001649,TRF-00369,Smart,2019-09-25
MTR-001650,CUS-001650,TRF-00361,Smart-Prepaid,2025-11-07
MTR-001651,CUS-001651,TRF-00221,Smart,2019-05-06
MTR-001652,CUS-001652,TRF-00036,Smart,2021-08-24
MTR-001653,CUS-001653,TRF-00362,Smart,2021-09-23
MTR-001654,CUS-001654,TRF-00128,Smart,2018-12-09
MTR-001655,CUS-001655,TRF-00315,Smart,2021-01-02
MTR-001656,CUS-001656,TRF-00322,Smart-Prepaid,2026-02-26
MTR-001657,CUS-001657,TRF-00432,Smart,2020-02-23
MTR-001658,CUS-001658,TRF-00217,Smart-Prepaid,2023-02-11
MTR-001659,CUS-001659,TRF-00334,Smart,2021-11-29
MTR-001660,CUS-001660,TRF-00429,Smart,2025-02-22
MTR-001661,CUS-001661,TRF-00247,Smart,2019-10-22
MTR-001662,CUS-001662,TRF-00110,Smart-Prepaid,2022-12-09
MTR-001663,CUS-001663,TRF-00303,Smart,2020-08-16
MTR-001664,CUS-001664,TRF-00219,Smart,2025-11-10
MTR-001665,CUS-001665,TRF-00195,Smart,2018-08-11
MTR-001666,CUS-001666,TRF-00146,Smart,2019-02-17
MTR-001667,CUS-001667,TRF-00343,Smart,2025-05-28
MTR-001668,CUS-001668,TRF-00039,Smart,2020-09-15
MTR-001669,CUS-001669,TRF-00133,Smart,2022-06-05
MTR-001670,CUS-001670,TRF-00463,Smart,2019-02-17
MTR-001671,CUS-001671,TRF-00351,Smart-Prepaid,2022-04-25
MTR-001672,CUS-001672,TRF-00477,Smart,2026-05-17
MTR-001673,CUS-001673,TRF-00190,Smart-Prepaid,2025-12-05
MTR-001674,CUS-001674,TRF-00162,Smart,2022-07-07
MTR-001675,CUS-001675,TRF-00455,Smart,2019-03-29
MTR-001676,CUS-001676,TRF-00060,Smart,2022-03-31
MTR-001677,CUS-001677,TRF-00004,Smart,2025-09-23
MTR-001678,CUS-001678,TRF-00036,Smart,2023-06-28
MTR-001679,CUS-001679,TRF-00459,Smart,2026-05-12
MTR-001680,CUS-001680,TRF-00216,Smart,2025-05-04
MTR-001681,CUS-001681,TRF-00224,Smart,2026-03-04
MTR-001682,CUS-001682,TRF-00486,Smart,2020-08-25
MTR-001683,CUS-001683,TRF-00215,Smart,2023-01-11
MTR-001684,CUS-001684,TRF-00138,Smart-Prepaid,2025-08-24
MTR-001685,CUS-001685,TRF-00105,Smart-Prepaid,2025-01-20
MTR-001686,CUS-001686,TRF-00098,Smart,2021-03-23
MTR-001687,CUS-001687,TRF-00167,Smart-Prepaid,2023-11-15
MTR-001688,CUS-001688,TRF-00448,Smart-Prepaid,2022-10-11
MTR-001689,CUS-001689,TRF-00263,Smart,2023-11-23
MTR-001690,CUS-001690,TRF-00086,Smart,2025-03-21
MTR-001691,CUS-001691,TRF-00083,Smart-Prepaid,2023-04-11
MTR-001692,CUS-001692,TRF-00223,Smart,2024-01-05
MTR-001693,CUS-001693,TRF-00010,Smart,2024-12-27
MTR-001694,CUS-001694,TRF-00326,Smart,2024-10-07
MTR-001695,CUS-001695,TRF-00185,Smart-Prepaid,2020-07-19
MTR-001696,CUS-001696,TRF-00349,Smart-Prepaid,2025-01-21
MTR-001697,CUS-001697,TRF-00378,Smart,2022-01-15
MTR-001698,CUS-001698,TRF-00431,Smart-Prepaid,2020-10-05
MTR-001699,CUS-001699,TRF-00230,Smart,2026-01-18
MTR-001700,CUS-001700,TRF-00140,Smart,2020-12-26
MTR-001701,CUS-001701,TRF-00105,Smart,2026-04-23
MTR-001702,CUS-001702,TRF-00252,Smart-Prepaid,2026-06-15
MTR-001703,CUS-001703,TRF-00443,Smart,2019-01-05
MTR-001704,CUS-001704,TRF-00048,Smart,2023-04-17
MTR-001705,CUS-001705,TRF-00450,Smart,2024-12-14
MTR-001706,CUS-001706,TRF-00262,Smart,2020-08-24
MTR-001707,CUS-001707,TRF-00490,Smart,2025-02-17
MTR-001708,CUS-001708,TRF-00204,Smart,2023-01-01
MTR-001709,CUS-001709,TRF-00356,Smart-Prepaid,2025-04-17
MTR-001710,CUS-001710,TRF-00408,Smart,2020-05-04
MTR-001711,CUS-001711,TRF-00406,Smart,2026-03-06
MTR-001712,CUS-001712,TRF-00050,Smart,2022-04-13
MTR-001713,CUS-001713,TRF-00174,Smart,2019-10-27
MTR-001714,CUS-001714,TRF-00224,Smart,2019-05-22
MTR-001715,CUS-001715,TRF-00260,Smart-Prepaid,2022-11-25
MTR-001716,CUS-001716,TRF-00479,Smart,2021-06-24
MTR-001717,CUS-001717,TRF-00221,Smart-Prepaid,2024-06-26
MTR-001718,CUS-001718,TRF-00222,Smart-Prepaid,2021-12-04
MTR-001719,CUS-001719,TRF-00268,Smart,2021-03-24
MTR-001720,CUS-001720,TRF-00297,Smart,2019-04-01
MTR-001721,CUS-001721,TRF-00380,Smart,2019-11-22
MTR-001722,CUS-001722,TRF-00388,Smart,2022-06-01
MTR-001723,CUS-001723,TRF-00406,Smart,2025-12-15
MTR-001724,CUS-001724,TRF-00317,Smart,2019-02-17
MTR-001725,CUS-001725,TRF-00384,Smart,2021-02-02
MTR-001726,CUS-001726,TRF-00073,Smart-Prepaid,2025-08-24
MTR-001727,CUS-001727,TRF-00113,Smart,2022-01-20
MTR-001728,CUS-001728,TRF-00218,Smart,2025-01-22
MTR-001729,CUS-001729,TRF-00053,Smart,2019-10-29
MTR-001730,CUS-001730,TRF-00199,Smart,2022-05-09
MTR-001731,CUS-001731,TRF-00371,Smart,2018-11-06
MTR-001732,CUS-001732,TRF-00130,Smart-Prepaid,2026-01-11
MTR-001733,CUS-001733,TRF-00338,Smart-Prepaid,2019-07-17
MTR-001734,CUS-001734,TRF-00191,Smart,2020-06-21
MTR-001735,CUS-001735,TRF-00178,Smart,2025-07-26
MTR-001736,CUS-001736,TRF-00385,Smart,2022-07-02
MTR-001737,CUS-001737,TRF-00304,Smart,2026-03-12
MTR-001738,CUS-001738,TRF-00286,Smart-Prepaid,2023-04-07
MTR-001739,CUS-001739,TRF-00239,Smart-Prepaid,2021-10-25
MTR-001740,CUS-001740,TRF-00244,Smart,2025-05-01
MTR-001741,CUS-001741,TRF-00329,Smart,2020-11-15
MTR-001742,CUS-001742,TRF-00116,Smart,2023-06-10
MTR-001743,CUS-001743,TRF-00207,Smart,2019-11-29
MTR-001744,CUS-001744,TRF-00484,Smart,2019-11-13
MTR-001745,CUS-001745,TRF-00211,Smart,2021-03-13
MTR-001746,CUS-001746,TRF-00258,Smart,2021-08-03
MTR-001747,CUS-001747,TRF-00379,Smart,2019-04-06
MTR-001748,CUS-001748,TRF-00162,Smart,2019-04-04
MTR-001749,CUS-001749,TRF-00225,Smart,2024-11-28
MTR-001750,CUS-001750,TRF-00340,Smart,2018-09-03
MTR-001751,CUS-001751,TRF-00419,Smart,2022-11-19
MTR-001752,CUS-001752,TRF-00063,Smart,2022-07-04
MTR-001753,CUS-001753,TRF-00415,Smart-Prepaid,2019-05-03
MTR-001754,CUS-001754,TRF-00245,Smart,2026-04-15
MTR-001755,CUS-001755,TRF-00017,Smart-Prepaid,2025-01-02
MTR-001756,CUS-001756,TRF-00033,Smart,2023-09-26
MTR-001757,CUS-001757,TRF-00311,Smart,2026-06-17
MTR-001758,CUS-001758,TRF-00485,Smart,2018-08-16
MTR-001759,CUS-001759,TRF-00322,Smart,2020-01-05
MTR-001760,CUS-001760,TRF-00180,Smart,2019-08-31
MTR-001761,CUS-001761,TRF-00450,Smart-Prepaid,2026-05-24
MTR-001762,CUS-001762,TRF-00346,Smart,2021-07-05
MTR-001763,CUS-001763,TRF-00193,Smart,2024-01-13
MTR-001764,CUS-001764,TRF-00191,Smart,2025-02-24
MTR-001765,CUS-001765,TRF-00066,Smart,2021-06-08
MTR-001766,CUS-001766,TRF-00208,Smart-Prepaid,2023-02-19
MTR-001767,CUS-001767,TRF-00365,Smart-Prepaid,2018-12-04
MTR-001768,CUS-001768,TRF-00166,Smart,2025-09-04
MTR-001769,CUS-001769,TRF-00245,Smart,2021-03-21
MTR-001770,CUS-001770,TRF-00244,Smart,2018-11-30
MTR-001771,CUS-001771,TRF-00165,Smart-Prepaid,2023-03-22
MTR-001772,CUS-001772,TRF-00295,Smart,2026-06-06
MTR-001773,CUS-001773,TRF-00402,Smart-Prepaid,2023-06-21
MTR-001774,CUS-001774,TRF-00210,Smart,2025-02-09
MTR-001775,CUS-001775,TRF-00491,Smart-Prepaid,2020-02-16
MTR-001776,CUS-001776,TRF-00132,Smart,2019-12-14
MTR-001777,CUS-001777,TRF-00196,Smart,2021-09-13
MTR-001778,CUS-001778,TRF-00397,Smart,2026-06-22
MTR-001779,CUS-001779,TRF-00346,Smart-Prepaid,2019-06-17
MTR-001780,CUS-001780,TRF-00048,Smart-Prepaid,2023-04-22
MTR-001781,CUS-001781,TRF-00063,Smart-Prepaid,2023-06-24
MTR-001782,CUS-001782,TRF-00111,Smart-Prepaid,2022-10-09
MTR-001783,CUS-001783,TRF-00355,Smart,2025-03-11
MTR-001784,CUS-001784,TRF-00184,Smart-Prepaid,2020-11-09
MTR-001785,CUS-001785,TRF-00103,Smart-Prepaid,2019-02-13
MTR-001786,CUS-001786,TRF-00418,Smart,2023-05-29
MTR-001787,CUS-001787,TRF-00212,Smart,2020-08-30
MTR-001788,CUS-001788,TRF-00004,Smart,2023-09-13
MTR-001789,CUS-001789,TRF-00118,Smart,2024-02-24
MTR-001790,CUS-001790,TRF-00343,Smart-Prepaid,2019-05-14
MTR-001791,CUS-001791,TRF-00248,Smart,2023-05-29
MTR-001792,CUS-001792,TRF-00166,Smart,2024-01-23
MTR-001793,CUS-001793,TRF-00382,Smart,2018-11-10
MTR-001794,CUS-001794,TRF-00241,Smart,2025-05-09
MTR-001795,CUS-001795,TRF-00279,Smart,2023-11-15
MTR-001796,CUS-001796,TRF-00423,Smart-Prepaid,2024-02-09
MTR-001797,CUS-001797,TRF-00362,Smart,2025-01-08
MTR-001798,CUS-001798,TRF-00237,Smart-Prepaid,2021-06-12
MTR-001799,CUS-001799,TRF-00305,Smart,2022-08-20
MTR-001800,CUS-001800,TRF-00204,Smart-Prepaid,2020-12-06
MTR-001801,CUS-001801,TRF-00485,Smart,2024-03-11
MTR-001802,CUS-001802,TRF-00492,Smart,2021-10-12
MTR-001803,CUS-001803,TRF-00313,Smart,2024-12-29
MTR-001804,CUS-001804,TRF-00000,Smart-Prepaid,2020-06-19
MTR-001805,CUS-001805,TRF-00170,Smart,2026-05-27
MTR-001806,CUS-001806,TRF-00166,Smart,2021-01-20
MTR-001807,CUS-001807,TRF-00393,Smart-Prepaid,2021-03-11
MTR-001808,CUS-001808,TRF-00257,Smart,2020-07-06
MTR-001809,CUS-001809,TRF-00062,Smart,2019-10-14
MTR-001810,CUS-001810,TRF-00271,Smart,2019-11-01
MTR-001811,CUS-001811,TRF-00036,Smart,2019-03-27
MTR-001812,CUS-001812,TRF-00015,Smart,2023-04-05
MTR-001813,CUS-001813,TRF-00253,Smart,2019-07-16
MTR-001814,CUS-001814,TRF-00342,Smart-Prepaid,2019-06-17
MTR-001815,CUS-001815,TRF-00345,Smart,2022-02-28
MTR-001816,CUS-001816,TRF-00335,Smart,2019-10-15
MTR-001817,CUS-001817,TRF-00026,Smart,2019-03-10
MTR-001818,CUS-001818,TRF-00446,Smart,2024-09-14
MTR-001819,CUS-001819,TRF-00110,Smart,2024-01-19
MTR-001820,CUS-001820,TRF-00232,Smart-Prepaid,2023-03-12
MTR-001821,CUS-001821,TRF-00477,Smart-Prepaid,2024-04-18
MTR-001822,CUS-001822,TRF-00063,Smart-Prepaid,2022-01-19
MTR-001823,CUS-001823,TRF-00096,Smart,2019-07-30
MTR-001824,CUS-001824,TRF-00415,Smart-Prepaid,2023-09-16
MTR-001825,CUS-001825,TRF-00392,Smart-Prepaid,2026-01-25
MTR-001826,CUS-001826,TRF-00266,Smart,2022-12-23
MTR-001827,CUS-001827,TRF-00484,Smart,2023-04-05
MTR-001828,CUS-001828,TRF-00325,Smart,2026-01-11
MTR-001829,CUS-001829,TRF-00413,Smart,2020-04-07
MTR-001830,CUS-001830,TRF-00231,Smart-Prepaid,2022-05-09
MTR-001831,CUS-001831,TRF-00398,Smart,2018-11-15
MTR-001832,CUS-001832,TRF-00442,Smart,2019-11-05
MTR-001833,CUS-001833,TRF-00047,Smart,2020-02-14
MTR-001834,CUS-001834,TRF-00349,Smart,2019-02-17
MTR-001835,CUS-001835,TRF-00209,Smart,2018-11-08
MTR-001836,CUS-001836,TRF-00075,Smart-Prepaid,2025-05-12
MTR-001837,CUS-001837,TRF-00246,Smart,2020-08-08
MTR-001838,CUS-001838,TRF-00315,Smart-Prepaid,2020-01-31
MTR-001839,CUS-001839,TRF-00067,Smart,2022-07-19
MTR-001840,CUS-001840,TRF-00312,Smart,2023-10-26
MTR-001841,CUS-001841,TRF-00063,Smart,2021-10-02
MTR-001842,CUS-001842,TRF-00181,Smart-Prepaid,2024-03-21
MTR-001843,CUS-001843,TRF-00079,Smart,2021-03-02
MTR-001844,CUS-001844,TRF-00342,Smart,2019-08-29
MTR-001845,CUS-001845,TRF-00202,Smart,2021-03-12
MTR-001846,CUS-001846,TRF-00181,Smart-Prepaid,2026-04-05
MTR-001847,CUS-001847,TRF-00442,Smart,2021-12-13
MTR-001848,CUS-001848,TRF-00471,Smart,2021-02-05
MTR-001849,CUS-001849,TRF-00213,Smart,2025-11-08
MTR-001850,CUS-001850,TRF-00422,Smart,2023-02-03
MTR-001851,CUS-001851,TRF-00119,Smart-Prepaid,2024-02-23
MTR-001852,CUS-001852,TRF-00398,Smart-Prepaid,2018-08-31
MTR-001853,CUS-001853,TRF-00240,Smart,2024-10-22
MTR-001854,CUS-001854,TRF-00334,Smart-Prepaid,2026-02-28
MTR-001855,CUS-001855,TRF-00201,Smart-Prepaid,2021-11-24
MTR-001856,CUS-001856,TRF-00411,Smart,2022-06-18
MTR-001857,CUS-001857,TRF-00291,Smart-Prepaid,2026-06-07
MTR-001858,CUS-001858,TRF-00053,Smart,2019-10-12
MTR-001859,CUS-001859,TRF-00144,Smart,2025-08-10
MTR-001860,CUS-001860,TRF-00355,Smart,2020-07-04
MTR-001861,CUS-001861,TRF-00085,Smart,2023-05-22
MTR-001862,CUS-001862,TRF-00470,Smart,2026-03-08
MTR-001863,CUS-001863,TRF-00476,Smart-Prepaid,2025-10-15
MTR-001864,CUS-001864,TRF-00021,Smart-Prepaid,2024-04-24
MTR-001865,CUS-001865,TRF-00330,Smart-Prepaid,2021-11-30
MTR-001866,CUS-001866,TRF-00291,Smart,2024-09-16
MTR-001867,CUS-001867,TRF-00235,Smart-Prepaid,2023-08-10
MTR-001868,CUS-001868,TRF-00028,Smart,2024-03-28
MTR-001869,CUS-001869,TRF-00182,Smart,2024-12-10
MTR-001870,CUS-001870,TRF-00425,Smart,2021-07-23
MTR-001871,CUS-001871,TRF-00159,Smart,2018-08-17
MTR-001872,CUS-001872,TRF-00397,Smart,2022-06-06
MTR-001873,CUS-001873,TRF-00017,Smart,2025-02-17
MTR-001874,CUS-001874,TRF-00037,Smart-Prepaid,2022-07-29
MTR-001875,CUS-001875,TRF-00100,Smart-Prepaid,2020-04-11
MTR-001876,CUS-001876,TRF-00289,Smart-Prepaid,2021-03-28
MTR-001877,CUS-001877,TRF-00376,Smart,2023-10-27
MTR-001878,CUS-001878,TRF-00172,Smart-Prepaid,2024-06-09
MTR-001879,CUS-001879,TRF-00342,Smart-Prepaid,2022-08-09
MTR-001880,CUS-001880,TRF-00415,Smart,2022-10-23
MTR-001881,CUS-001881,TRF-00365,Smart-Prepaid,2025-08-25
MTR-001882,CUS-001882,TRF-00066,Smart,2026-06-22
MTR-001883,CUS-001883,TRF-00190,Smart,2023-06-16
MTR-001884,CUS-001884,TRF-00438,Smart,2023-06-15
MTR-001885,CUS-001885,TRF-00042,Smart,2022-01-18
MTR-001886,CUS-001886,TRF-00122,Smart-Prepaid,2026-02-15
MTR-001887,CUS-001887,TRF-00277,Smart,2024-12-10
MTR-001888,CUS-001888,TRF-00342,Smart,2022-03-17
MTR-001889,CUS-001889,TRF-00195,Smart-Prepaid,2024-04-19
MTR-001890,CUS-001890,TRF-00332,Smart-Prepaid,2022-12-09
MTR-001891,CUS-001891,TRF-00124,Smart,2022-11-15
MTR-001892,CUS-001892,TRF-00095,Smart,2024-08-03
MTR-001893,CUS-001893,TRF-00377,Smart,2018-12-16
MTR-001894,CUS-001894,TRF-00156,Smart,2021-03-28
MTR-001895,CUS-001895,TRF-00039,Smart,2021-10-31
MTR-001896,CUS-001896,TRF-00359,Smart,2023-07-28
MTR-001897,CUS-001897,TRF-00172,Smart-Prepaid,2024-11-15
MTR-001898,CUS-001898,TRF-00374,Smart-Prepaid,2022-05-13
MTR-001899,CUS-001899,TRF-00393,Smart,2025-07-23
MTR-001900,CUS-001900,TRF-00460,Smart,2025-12-17
MTR-001901,CUS-001901,TRF-00172,Smart,2025-11-04
MTR-001902,CUS-001902,TRF-00119,Smart,2023-06-05
MTR-001903,CUS-001903,TRF-00272,Smart,2020-06-07
MTR-001904,CUS-001904,TRF-00357,Smart,2021-02-06
MTR-001905,CUS-001905,TRF-00385,Smart,2023-04-14
MTR-001906,CUS-001906,TRF-00400,Smart,2022-03-01
MTR-001907,CUS-001907,TRF-00363,Smart,2020-12-25
MTR-001908,CUS-001908,TRF-00345,Smart,2023-10-08
MTR-001909,CUS-001909,TRF-00374,Smart,2018-11-29
MTR-001910,CUS-001910,TRF-00421,Smart,2020-06-03
MTR-001911,CUS-001911,TRF-00420,Smart,2025-10-07
MTR-001912,CUS-001912,TRF-00318,Smart,2020-08-13
MTR-001913,CUS-001913,TRF-00260,Smart,2020-09-15
MTR-001914,CUS-001914,TRF-00280,Smart,2022-10-22
MTR-001915,CUS-001915,TRF-00328,Smart,2018-12-05
MTR-001916,CUS-001916,TRF-00123,Smart-Prepaid,2026-02-22
MTR-001917,CUS-001917,TRF-00475,Smart,2022-03-01
MTR-001918,CUS-001918,TRF-00277,Smart,2021-10-01
MTR-001919,CUS-001919,TRF-00092,Smart-Prepaid,2022-01-04
MTR-001920,CUS-001920,TRF-00446,Smart-Prepaid,2026-03-13
MTR-001921,CUS-001921,TRF-00034,Smart,2024-12-16
MTR-001922,CUS-001922,TRF-00310,Smart-Prepaid,2020-10-09
MTR-001923,CUS-001923,TRF-00127,Smart,2025-01-20
MTR-001924,CUS-001924,TRF-00019,Smart-Prepaid,2022-12-07
MTR-001925,CUS-001925,TRF-00260,Smart,2021-11-27
MTR-001926,CUS-001926,TRF-00166,Smart-Prepaid,2022-07-31
MTR-001927,CUS-001927,TRF-00318,Smart-Prepaid,2026-02-23
MTR-001928,CUS-001928,TRF-00235,Smart,2024-11-24
MTR-001929,CUS-001929,TRF-00031,Smart-Prepaid,2023-09-03
MTR-001930,CUS-001930,TRF-00230,Smart,2021-01-11
MTR-001931,CUS-001931,TRF-00190,Smart,2023-05-11
MTR-001932,CUS-001932,TRF-00329,Smart,2019-01-05
MTR-001933,CUS-001933,TRF-00423,Smart-Prepaid,2026-06-08
MTR-001934,CUS-001934,TRF-00144,Smart,2020-04-18
MTR-001935,CUS-001935,TRF-00100,Smart,2023-11-04
MTR-001936,CUS-001936,TRF-00078,Smart,2020-11-18
MTR-001937,CUS-001937,TRF-00456,Smart,2019-07-11
MTR-001938,CUS-001938,TRF-00159,Smart,2020-06-19
MTR-001939,CUS-001939,TRF-00254,Smart-Prepaid,2026-06-09
MTR-001940,CUS-001940,TRF-00278,Smart-Prepaid,2023-01-17
MTR-001941,CUS-001941,TRF-00458,Smart,2021-03-17
MTR-001942,CUS-001942,TRF-00187,Smart,2022-12-03
MTR-001943,CUS-001943,TRF-00460,Smart,2020-03-11
MTR-001944,CUS-001944,TRF-00209,Smart,2024-01-12
MTR-001945,CUS-001945,TRF-00240,Smart,2019-03-28
MTR-001946,CUS-001946,TRF-00055,Smart,2023-09-23
MTR-001947,CUS-001947,TRF-00136,Smart,2026-02-06
MTR-001948,CUS-001948,TRF-00105,Smart,2018-10-08
MTR-001949,CUS-001949,TRF-00068,Smart-Prepaid,2019-08-20
MTR-001950,CUS-001950,TRF-00189,Smart-Prepaid,2024-07-16
MTR-001951,CUS-001951,TRF-00191,Smart,2020-08-25
MTR-001952,CUS-001952,TRF-00490,Smart,2023-10-24
MTR-001953,CUS-001953,TRF-00277,Smart,2023-12-04
MTR-001954,CUS-001954,TRF-00031,Smart-Prepaid,2021-11-23
MTR-001955,CUS-001955,TRF-00174,Smart,2025-10-12
MTR-001956,CUS-001956,TRF-00257,Smart-Prepaid,2020-03-22
MTR-001957,CUS-001957,TRF-00122,Smart,2019-11-27
MTR-001958,CUS-001958,TRF-00084,Smart,2019-05-19
MTR-001959,CUS-001959,TRF-00475,Smart,2025-12-25
MTR-001960,CUS-001960,TRF-00435,Smart,2021-01-21
MTR-001961,CUS-001961,TRF-00215,Smart,2022-11-25
MTR-001962,CUS-001962,TRF-00215,Smart,2022-12-13
MTR-001963,CUS-001963,TRF-00013,Smart-Prepaid,2019-02-24
MTR-001964,CUS-001964,TRF-00036,Smart,2026-05-22
MTR-001965,CUS-001965,TRF-00026,Smart,2025-07-09
MTR-001966,CUS-001966,TRF-00151,Smart,2025-05-11
MTR-001967,CUS-001967,TRF-00063,Smart,2018-08-19
MTR-001968,CUS-001968,TRF-00069,Smart,2020-07-02
MTR-001969,CUS-001969,TRF-00153,Smart,2024-10-08
MTR-001970,CUS-001970,TRF-00437,Smart,2024-11-23
MTR-001971,CUS-001971,TRF-00252,Smart,2026-01-31
MTR-001972,CUS-001972,TRF-00270,Smart,2026-04-01
MTR-001973,CUS-001973,TRF-00028,Smart,2019-07-03
MTR-001974,CUS-001974,TRF-00483,Smart-Prepaid,2022-03-07
MTR-001975,CUS-001975,TRF-00073,Smart,2019-07-27
MTR-001976,CUS-001976,TRF-00283,Smart-Prepaid,2024-09-02
MTR-001977,CUS-001977,TRF-00058,Smart,2024-10-11
MTR-001978,CUS-001978,TRF-00242,Smart,2022-04-16
MTR-001979,CUS-001979,TRF-00328,Smart,2019-07-29
MTR-001980,CUS-001980,TRF-00148,Smart,2023-11-23
MTR-001981,CUS-001981,TRF-00009,Smart,2020-10-22
MTR-001982,CUS-001982,TRF-00131,Smart,2019-04-07
MTR-001983,CUS-001983,TRF-00061,Smart,2024-11-07
MTR-001984,CUS-001984,TRF-00387,Smart,2021-05-27
MTR-001985,CUS-001985,TRF-00382,Smart-Prepaid,2021-09-04
MTR-001986,CUS-001986,TRF-00261,Smart-Prepaid,2020-02-08
MTR-001987,CUS-001987,TRF-00217,Smart,2026-02-01
MTR-001988,CUS-001988,TRF-00231,Smart,2024-05-07
MTR-001989,CUS-001989,TRF-00335,Smart,2025-10-26
MTR-001990,CUS-001990,TRF-00071,Smart,2023-07-09
MTR-001991,CUS-001991,TRF-00475,Smart-Prepaid,2026-04-13
MTR-001992,CUS-001992,TRF-00015,Smart,2024-09-03
MTR-001993,CUS-001993,TRF-00037,Smart,2026-06-18
MTR-001994,CUS-001994,TRF-00176,Smart,2019-11-22
MTR-001995,CUS-001995,TRF-00444,Smart-Prepaid,2021-04-25
MTR-001996,CUS-001996,TRF-00320,Smart,2022-09-27
MTR-001997,CUS-001997,TRF-00381,Smart,2024-01-25
MTR-001998,CUS-001998,TRF-00082,Smart,2020-02-22
MTR-001999,CUS-001999,TRF-00433,Smart,2026-06-15
MTR-002000,CUS-002000,TRF-00016,Smart,2024-08-08
MTR-002001,CUS-002001,TRF-00368,Smart-Prepaid,2021-05-22
MTR-002002,CUS-002002,TRF-00155,Smart,2021-04-19
MTR-002003,CUS-002003,TRF-00171,Smart-Prepaid,2021-09-08
MTR-002004,CUS-002004,TRF-00395,Smart,2024-08-06
MTR-002005,CUS-002005,TRF-00069,Smart,2019-06-05
MTR-002006,CUS-002006,TRF-00070,Smart-Prepaid,2022-08-30
MTR-002007,CUS-002007,TRF-00254,Smart,2025-01-12
MTR-002008,CUS-002008,TRF-00455,Smart-Prepaid,2020-04-15
MTR-002009,CUS-002009,TRF-00130,Smart-Prepaid,2020-02-10
MTR-002010,CUS-002010,TRF-00048,Smart,2023-08-27
MTR-002011,CUS-002011,TRF-00020,Smart-Prepaid,2024-09-23
MTR-002012,CUS-002012,TRF-00391,Smart-Prepaid,2024-07-11
MTR-002013,CUS-002013,TRF-00319,Smart,2019-02-19
MTR-002014,CUS-002014,TRF-00219,Smart,2026-06-20
MTR-002015,CUS-002015,TRF-00186,Smart,2020-05-26
MTR-002016,CUS-002016,TRF-00413,Smart,2023-10-23
MTR-002017,CUS-002017,TRF-00031,Smart,2025-11-01
MTR-002018,CUS-002018,TRF-00202,Smart,2022-07-09
MTR-002019,CUS-002019,TRF-00275,Smart,2024-09-16
MTR-002020,CUS-002020,TRF-00241,Smart,2021-09-03
MTR-002021,CUS-002021,TRF-00015,Smart,2023-09-11
MTR-002022,CUS-002022,TRF-00408,Smart,2020-03-07
MTR-002023,CUS-002023,TRF-00315,Smart,2018-12-09
MTR-002024,CUS-002024,TRF-00172,Smart-Prepaid,2022-03-11
MTR-002025,CUS-002025,TRF-00136,Smart,2018-08-20
MTR-002026,CUS-002026,TRF-00178,Smart,2021-06-02
MTR-002027,CUS-002027,TRF-00358,Smart,2026-06-05
MTR-002028,CUS-002028,TRF-00060,Smart,2025-12-31
MTR-002029,CUS-002029,TRF-00496,Smart,2023-09-29
MTR-002030,CUS-002030,TRF-00423,Smart-Prepaid,2021-11-23
MTR-002031,CUS-002031,TRF-00103,Smart,2025-03-28
MTR-002032,CUS-002032,TRF-00316,Smart-Prepaid,2026-04-14
MTR-002033,CUS-002033,TRF-00194,Smart,2025-06-06
MTR-002034,CUS-002034,TRF-00255,Smart,2019-04-13
MTR-002035,CUS-002035,TRF-00463,Smart-Prepaid,2025-04-13
MTR-002036,CUS-002036,TRF-00075,Smart-Prepaid,2023-04-25
MTR-002037,CUS-002037,TRF-00270,Smart,2023-01-19
MTR-002038,CUS-002038,TRF-00180,Smart-Prepaid,2019-07-12
MTR-002039,CUS-002039,TRF-00131,Smart,2019-09-06
MTR-002040,CUS-002040,TRF-00150,Smart-Prepaid,2022-07-09
MTR-002041,CUS-002041,TRF-00154,Smart,2026-06-29
MTR-002042,CUS-002042,TRF-00358,Smart-Prepaid,2024-05-09
MTR-002043,CUS-002043,TRF-00234,Smart,2021-04-21
MTR-002044,CUS-002044,TRF-00247,Smart,2023-07-22
MTR-002045,CUS-002045,TRF-00164,Smart,2018-11-11
MTR-002046,CUS-002046,TRF-00204,Smart,2025-03-21
MTR-002047,CUS-002047,TRF-00426,Smart,2021-02-11
MTR-002048,CUS-002048,TRF-00164,Smart,2021-01-28
MTR-002049,CUS-002049,TRF-00487,Smart,2025-02-11
MTR-002050,CUS-002050,TRF-00212,Smart-Prepaid,2020-12-05
MTR-002051,CUS-002051,TRF-00412,Smart,2025-05-28
MTR-002052,CUS-002052,TRF-00253,Smart-Prepaid,2019-01-15
MTR-002053,CUS-002053,TRF-00156,Smart,2020-12-25
MTR-002054,CUS-002054,TRF-00176,Smart,2026-03-29
MTR-002055,CUS-002055,TRF-00074,Smart,2019-09-09
MTR-002056,CUS-002056,TRF-00434,Smart,2020-08-25
MTR-002057,CUS-002057,TRF-00177,Smart,2021-08-11
MTR-002058,CUS-002058,TRF-00283,Smart,2019-10-26
MTR-002059,CUS-002059,TRF-00329,Smart,2021-04-19
MTR-002060,CUS-002060,TRF-00132,Smart,2021-11-13
MTR-002061,CUS-002061,TRF-00124,Smart,2019-03-13
MTR-002062,CUS-002062,TRF-00311,Smart-Prepaid,2022-10-23
MTR-002063,CUS-002063,TRF-00319,Smart-Prepaid,2019-03-15
MTR-002064,CUS-002064,TRF-00126,Smart-Prepaid,2021-01-17
MTR-002065,CUS-002065,TRF-00376,Smart-Prepaid,2020-12-24
MTR-002066,CUS-002066,TRF-00344,Smart,2018-10-14
MTR-002067,CUS-002067,TRF-00224,Smart,2026-05-17
MTR-002068,CUS-002068,TRF-00016,Smart-Prepaid,2021-03-14
MTR-002069,CUS-002069,TRF-00496,Smart,2024-03-29
MTR-002070,CUS-002070,TRF-00480,Smart-Prepaid,2025-06-28
MTR-002071,CUS-002071,TRF-00472,Smart,2025-12-24
MTR-002072,CUS-002072,TRF-00352,Smart,2023-05-19
MTR-002073,CUS-002073,TRF-00310,Smart,2025-05-07
MTR-002074,CUS-002074,TRF-00245,Smart-Prepaid,2021-06-23
MTR-002075,CUS-002075,TRF-00136,Smart-Prepaid,2019-05-12
MTR-002076,CUS-002076,TRF-00474,Smart-Prepaid,2020-09-12
MTR-002077,CUS-002077,TRF-00216,Smart,2021-04-01
MTR-002078,CUS-002078,TRF-00195,Smart,2025-08-22
MTR-002079,CUS-002079,TRF-00200,Smart,2020-01-20
MTR-002080,CUS-002080,TRF-00365,Smart-Prepaid,2020-04-15
MTR-002081,CUS-002081,TRF-00206,Smart,2024-12-10
MTR-002082,CUS-002082,TRF-00015,Smart,2020-06-09
MTR-002083,CUS-002083,TRF-00399,Smart,2020-10-17
MTR-002084,CUS-002084,TRF-00012,Smart,2025-04-08
MTR-002085,CUS-002085,TRF-00077,Smart,2022-12-18
MTR-002086,CUS-002086,TRF-00213,Smart,2022-11-22
MTR-002087,CUS-002087,TRF-00340,Smart,2025-05-29
MTR-002088,CUS-002088,TRF-00328,Smart-Prepaid,2025-01-12
MTR-002089,CUS-002089,TRF-00446,Smart,2022-12-14
MTR-002090,CUS-002090,TRF-00118,Smart,2023-03-06
MTR-002091,CUS-002091,TRF-00424,Smart,2024-01-27
MTR-002092,CUS-002092,TRF-00180,Smart-Prepaid,2020-12-16
MTR-002093,CUS-002093,TRF-00323,Smart,2022-12-24
MTR-002094,CUS-002094,TRF-00329,Smart,2020-12-17
MTR-002095,CUS-002095,TRF-00354,Smart,2025-09-11
MTR-002096,CUS-002096,TRF-00372,Smart,2024-07-24
MTR-002097,CUS-002097,TRF-00136,Smart-Prepaid,2018-12-05
MTR-002098,CUS-002098,TRF-00178,Smart-Prepaid,2025-11-18
MTR-002099,CUS-002099,TRF-00431,Smart,2021-12-07
MTR-002100,CUS-002100,TRF-00207,Smart,2023-10-25
MTR-002101,CUS-002101,TRF-00432,Smart,2020-09-26
MTR-002102,CUS-002102,TRF-00401,Smart,2019-01-07
MTR-002103,CUS-002103,TRF-00393,Smart-Prepaid,2019-02-24
MTR-002104,CUS-002104,TRF-00468,Smart,2026-02-13
MTR-002105,CUS-002105,TRF-00370,Smart,2023-04-07
MTR-002106,CUS-002106,TRF-00053,Smart-Prepaid,2019-06-14
MTR-002107,CUS-002107,TRF-00078,Smart,2022-05-20
MTR-002108,CUS-002108,TRF-00270,Smart,2022-04-27
MTR-002109,CUS-002109,TRF-00394,Smart,2021-06-19
MTR-002110,CUS-002110,TRF-00423,Smart,2022-11-24
MTR-002111,CUS-002111,TRF-00117,Smart-Prepaid,2020-09-12
MTR-002112,CUS-002112,TRF-00367,Smart,2023-04-14
MTR-002113,CUS-002113,TRF-00105,Smart,2023-01-18
MTR-002114,CUS-002114,TRF-00104,Smart,2024-11-22
MTR-002115,CUS-002115,TRF-00302,Smart,2019-04-04
MTR-002116,CUS-002116,TRF-00117,Smart-Prepaid,2019-12-09
MTR-002117,CUS-002117,TRF-00381,Smart,2023-09-28
MTR-002118,CUS-002118,TRF-00228,Smart-Prepaid,2023-02-10
MTR-002119,CUS-002119,TRF-00147,Smart-Prepaid,2025-06-20
MTR-002120,CUS-002120,TRF-00353,Smart-Prepaid,2023-08-08
MTR-002121,CUS-002121,TRF-00149,Smart-Prepaid,2018-09-27
MTR-002122,CUS-002122,TRF-00303,Smart,2020-05-02
MTR-002123,CUS-002123,TRF-00255,Smart-Prepaid,2024-03-19
MTR-002124,CUS-002124,TRF-00081,Smart,2019-12-12
MTR-002125,CUS-002125,TRF-00015,Smart,2026-03-09
MTR-002126,CUS-002126,TRF-00388,Smart,2025-06-12
MTR-002127,CUS-002127,TRF-00192,Smart,2022-08-23
MTR-002128,CUS-002128,TRF-00210,Smart,2026-06-11
MTR-002129,CUS-002129,TRF-00073,Smart,2018-08-25
MTR-002130,CUS-002130,TRF-00276,Smart,2022-09-30
MTR-002131,CUS-002131,TRF-00060,Smart,2020-10-08
MTR-002132,CUS-002132,TRF-00460,Smart,2024-11-24
MTR-002133,CUS-002133,TRF-00438,Smart-Prepaid,2024-10-01
MTR-002134,CUS-002134,TRF-00023,Smart,2020-02-03
MTR-002135,CUS-002135,TRF-00022,Smart,2022-12-10
MTR-002136,CUS-002136,TRF-00342,Smart,2019-01-28
MTR-002137,CUS-002137,TRF-00394,Smart,2020-04-11
MTR-002138,CUS-002138,TRF-00430,Smart,2023-11-20
MTR-002139,CUS-002139,TRF-00257,Smart,2020-02-17
MTR-002140,CUS-002140,TRF-00197,Smart,2022-10-14
MTR-002141,CUS-002141,TRF-00052,Smart,2021-05-01
MTR-002142,CUS-002142,TRF-00138,Smart,2021-10-22
MTR-002143,CUS-002143,TRF-00270,Smart-Prepaid,2023-04-14
MTR-002144,CUS-002144,TRF-00200,Smart,2025-10-25
MTR-002145,CUS-002145,TRF-00395,Smart-Prepaid,2020-11-18
MTR-002146,CUS-002146,TRF-00377,Smart-Prepaid,2020-07-30
MTR-002147,CUS-002147,TRF-00378,Smart,2025-05-20
MTR-002148,CUS-002148,TRF-00163,Smart-Prepaid,2019-08-05
MTR-002149,CUS-002149,TRF-00091,Smart-Prepaid,2021-12-07
MTR-002150,CUS-002150,TRF-00022,Smart,2023-09-27
MTR-002151,CUS-002151,TRF-00410,Smart,2022-07-19
MTR-002152,CUS-002152,TRF-00087,Smart,2026-05-07
MTR-002153,CUS-002153,TRF-00397,Smart,2021-10-25
MTR-002154,CUS-002154,TRF-00181,Smart,2020-02-13
MTR-002155,CUS-002155,TRF-00354,Smart-Prepaid,2020-08-10
MTR-002156,CUS-002156,TRF-00282,Smart-Prepaid,2019-08-15
MTR-002157,CUS-002157,TRF-00020,Smart,2020-01-25
MTR-002158,CUS-002158,TRF-00048,Smart-Prepaid,2023-09-06
MTR-002159,CUS-002159,TRF-00189,Smart-Prepaid,2019-07-22
MTR-002160,CUS-002160,TRF-00204,Smart,2023-12-02
MTR-002161,CUS-002161,TRF-00455,Smart,2019-08-28
MTR-002162,CUS-002162,TRF-00043,Smart,2018-12-04
MTR-002163,CUS-002163,TRF-00491,Smart-Prepaid,2026-07-05
MTR-002164,CUS-002164,TRF-00299,Smart-Prepaid,2024-07-03
MTR-002165,CUS-002165,TRF-00127,Smart,2024-05-24
MTR-002166,CUS-002166,TRF-00481,Smart,2024-01-09
MTR-002167,CUS-002167,TRF-00188,Smart-Prepaid,2019-08-29
MTR-002168,CUS-002168,TRF-00169,Smart-Prepaid,2020-05-01
MTR-002169,CUS-002169,TRF-00278,Smart,2026-03-15
MTR-002170,CUS-002170,TRF-00200,Smart,2023-02-26
MTR-002171,CUS-002171,TRF-00384,Smart-Prepaid,2023-10-08
MTR-002172,CUS-002172,TRF-00124,Smart,2024-04-14
MTR-002173,CUS-002173,TRF-00291,Smart,2025-03-06
MTR-002174,CUS-002174,TRF-00310,Smart-Prepaid,2018-09-18
MTR-002175,CUS-002175,TRF-00365,Smart,2019-06-15
MTR-002176,CUS-002176,TRF-00015,Smart-Prepaid,2020-03-28
MTR-002177,CUS-002177,TRF-00344,Smart,2019-10-01
MTR-002178,CUS-002178,TRF-00273,Smart,2024-05-04
MTR-002179,CUS-002179,TRF-00481,Smart,2024-10-28
MTR-002180,CUS-002180,TRF-00293,Smart,2025-06-26
MTR-002181,CUS-002181,TRF-00450,Smart,2021-03-07
MTR-002182,CUS-002182,TRF-00019,Smart,2021-11-10
MTR-002183,CUS-002183,TRF-00018,Smart,2023-10-30
MTR-002184,CUS-002184,TRF-00012,Smart-Prepaid,2023-12-29
MTR-002185,CUS-002185,TRF-00016,Smart,2022-02-12
MTR-002186,CUS-002186,TRF-00205,Smart,2020-03-14
MTR-002187,CUS-002187,TRF-00029,Smart,2023-08-20
MTR-002188,CUS-002188,TRF-00469,Smart,2020-03-30
MTR-002189,CUS-002189,TRF-00298,Smart,2021-05-27
MTR-002190,CUS-002190,TRF-00303,Smart,2025-06-29
MTR-002191,CUS-002191,TRF-00042,Smart-Prepaid,2025-05-26
MTR-002192,CUS-002192,TRF-00092,Smart,2023-11-07
MTR-002193,CUS-002193,TRF-00369,Smart,2022-06-26
MTR-002194,CUS-002194,TRF-00065,Smart,2026-02-13
MTR-002195,CUS-002195,TRF-00118,Smart,2022-01-26
MTR-002196,CUS-002196,TRF-00308,Smart,2020-08-08
MTR-002197,CUS-002197,TRF-00071,Smart-Prepaid,2022-01-14
MTR-002198,CUS-002198,TRF-00333,Smart,2019-11-11
MTR-002199,CUS-002199,TRF-00161,Smart,2024-10-16
MTR-002200,CUS-002200,TRF-00460,Smart,2025-03-17
MTR-002201,CUS-002201,TRF-00329,Smart-Prepaid,2024-07-13
MTR-002202,CUS-002202,TRF-00327,Smart,2022-10-04
MTR-002203,CUS-002203,TRF-00454,Smart,2020-03-21
MTR-002204,CUS-002204,TRF-00268,Smart,2019-06-25
MTR-002205,CUS-002205,TRF-00217,Smart-Prepaid,2020-11-17
MTR-002206,CUS-002206,TRF-00253,Smart,2020-11-06
MTR-002207,CUS-002207,TRF-00439,Smart,2020-01-04
MTR-002208,CUS-002208,TRF-00058,Smart-Prepaid,2024-09-11
MTR-002209,CUS-002209,TRF-00031,Smart,2022-05-09
MTR-002210,CUS-002210,TRF-00338,Smart,2024-08-23
MTR-002211,CUS-002211,TRF-00119,Smart,2019-02-14
MTR-002212,CUS-002212,TRF-00462,Smart-Prepaid,2022-03-16
MTR-002213,CUS-002213,TRF-00309,Smart,2021-01-02
MTR-002214,CUS-002214,TRF-00001,Smart,2020-05-19
MTR-002215,CUS-002215,TRF-00117,Smart-Prepaid,2020-03-13
MTR-002216,CUS-002216,TRF-00036,Smart,2025-06-12
MTR-002217,CUS-002217,TRF-00466,Smart,2025-04-02
MTR-002218,CUS-002218,TRF-00096,Smart-Prepaid,2026-03-27
MTR-002219,CUS-002219,TRF-00358,Smart,2020-09-27
MTR-002220,CUS-002220,TRF-00369,Smart,2022-05-30
MTR-002221,CUS-002221,TRF-00416,Smart,2022-01-28
MTR-002222,CUS-002222,TRF-00256,Smart,2019-08-31
MTR-002223,CUS-002223,TRF-00127,Smart-Prepaid,2024-10-15
MTR-002224,CUS-002224,TRF-00358,Smart,2023-09-18
MTR-002225,CUS-002225,TRF-00155,Smart,2021-08-26
MTR-002226,CUS-002226,TRF-00144,Smart-Prepaid,2026-06-01
MTR-002227,CUS-002227,TRF-00056,Smart,2022-12-22
MTR-002228,CUS-002228,TRF-00069,Smart,2023-09-09
MTR-002229,CUS-002229,TRF-00435,Smart,2019-10-02
MTR-002230,CUS-002230,TRF-00043,Smart,2020-09-22
MTR-002231,CUS-002231,TRF-00211,Smart,2021-07-17
MTR-002232,CUS-002232,TRF-00174,Smart,2020-08-15
MTR-002233,CUS-002233,TRF-00140,Smart,2019-05-22
MTR-002234,CUS-002234,TRF-00075,Smart,2025-06-06
MTR-002235,CUS-002235,TRF-00157,Smart,2022-09-11
MTR-002236,CUS-002236,TRF-00084,Smart,2021-01-23
MTR-002237,CUS-002237,TRF-00321,Smart,2021-10-20
MTR-002238,CUS-002238,TRF-00308,Smart,2019-02-08
MTR-002239,CUS-002239,TRF-00017,Smart,2026-03-09
MTR-002240,CUS-002240,TRF-00283,Smart,2019-06-15
MTR-002241,CUS-002241,TRF-00387,Smart,2025-09-21
MTR-002242,CUS-002242,TRF-00041,Smart,2020-08-08
MTR-002243,CUS-002243,TRF-00490,Smart,2020-07-16
MTR-002244,CUS-002244,TRF-00381,Smart,2026-03-10
MTR-002245,CUS-002245,TRF-00372,Smart,2025-12-24
MTR-002246,CUS-002246,TRF-00133,Smart-Prepaid,2025-05-20
MTR-002247,CUS-002247,TRF-00101,Smart-Prepaid,2023-02-26
MTR-002248,CUS-002248,TRF-00136,Smart,2025-12-04
MTR-002249,CUS-002249,TRF-00403,Smart,2025-11-26
MTR-002250,CUS-002250,TRF-00492,Smart,2023-07-29
MTR-002251,CUS-002251,TRF-00221,Smart-Prepaid,2026-05-06
MTR-002252,CUS-002252,TRF-00228,Smart-Prepaid,2018-08-19
MTR-002253,CUS-002253,TRF-00293,Smart,2026-03-13
MTR-002254,CUS-002254,TRF-00451,Smart-Prepaid,2021-03-13
MTR-002255,CUS-002255,TRF-00485,Smart,2024-01-25
MTR-002256,CUS-002256,TRF-00305,Smart,2022-12-28
MTR-002257,CUS-002257,TRF-00315,Smart-Prepaid,2023-02-07
MTR-002258,CUS-002258,TRF-00396,Smart,2018-08-14
MTR-002259,CUS-002259,TRF-00118,Smart-Prepaid,2020-02-20
MTR-002260,CUS-002260,TRF-00098,Smart,2019-06-19
MTR-002261,CUS-002261,TRF-00349,Smart,2021-01-11
MTR-002262,CUS-002262,TRF-00425,Smart,2024-08-27
MTR-002263,CUS-002263,TRF-00323,Smart,2020-08-05
MTR-002264,CUS-002264,TRF-00408,Smart,2024-12-22
MTR-002265,CUS-002265,TRF-00158,Smart,2023-04-01
MTR-002266,CUS-002266,TRF-00238,Smart,2023-08-02
MTR-002267,CUS-002267,TRF-00395,Smart,2023-11-29
MTR-002268,CUS-002268,TRF-00319,Smart-Prepaid,2026-03-19
MTR-002269,CUS-002269,TRF-00334,Smart,2023-01-30
MTR-002270,CUS-002270,TRF-00188,Smart,2021-06-07
MTR-002271,CUS-002271,TRF-00308,Smart,2021-08-12
MTR-002272,CUS-002272,TRF-00248,Smart,2023-07-21
MTR-002273,CUS-002273,TRF-00025,Smart,2025-08-27
MTR-002274,CUS-002274,TRF-00188,Smart,2021-03-06
MTR-002275,CUS-002275,TRF-00393,Smart,2025-05-25
MTR-002276,CUS-002276,TRF-00139,Smart,2021-06-07
MTR-002277,CUS-002277,TRF-00405,Smart,2024-08-12
MTR-002278,CUS-002278,TRF-00487,Smart-Prepaid,2022-10-27
MTR-002279,CUS-002279,TRF-00180,Smart,2022-07-06
MTR-002280,CUS-002280,TRF-00020,Smart-Prepaid,2022-01-06
MTR-002281,CUS-002281,TRF-00162,Smart,2023-01-22
MTR-002282,CUS-002282,TRF-00070,Smart,2024-01-25
MTR-002283,CUS-002283,TRF-00081,Smart,2019-06-04
MTR-002284,CUS-002284,TRF-00154,Smart-Prepaid,2025-09-13
MTR-002285,CUS-002285,TRF-00315,Smart,2020-06-08
MTR-002286,CUS-002286,TRF-00354,Smart,2025-06-20
MTR-002287,CUS-002287,TRF-00046,Smart,2020-03-24
MTR-002288,CUS-002288,TRF-00193,Smart,2021-11-14
MTR-002289,CUS-002289,TRF-00223,Smart-Prepaid,2026-06-29
MTR-002290,CUS-002290,TRF-00398,Smart-Prepaid,2019-03-07
MTR-002291,CUS-002291,TRF-00236,Smart-Prepaid,2023-12-31
MTR-002292,CUS-002292,TRF-00279,Smart,2026-05-02
MTR-002293,CUS-002293,TRF-00467,Smart-Prepaid,2022-02-06
MTR-002294,CUS-002294,TRF-00009,Smart,2019-09-06
MTR-002295,CUS-002295,TRF-00375,Smart,2024-06-13
MTR-002296,CUS-002296,TRF-00471,Smart-Prepaid,2020-05-02
MTR-002297,CUS-002297,TRF-00151,Smart,2019-05-17
MTR-002298,CUS-002298,TRF-00343,Smart,2020-08-20
MTR-002299,CUS-002299,TRF-00103,Smart,2025-11-16
MTR-002300,CUS-002300,TRF-00495,Smart,2021-11-05
MTR-002301,CUS-002301,TRF-00123,Smart,2026-06-15
MTR-002302,CUS-002302,TRF-00184,Smart,2023-09-12
MTR-002303,CUS-002303,TRF-00495,Smart-Prepaid,2025-08-26
MTR-002304,CUS-002304,TRF-00289,Smart-Prepaid,2025-09-04
MTR-002305,CUS-002305,TRF-00040,Smart-Prepaid,2019-05-07
MTR-002306,CUS-002306,TRF-00423,Smart,2025-12-01
MTR-002307,CUS-002307,TRF-00010,Smart-Prepaid,2023-06-14
MTR-002308,CUS-002308,TRF-00217,Smart-Prepaid,2019-05-07
MTR-002309,CUS-002309,TRF-00000,Smart,2020-08-02
MTR-002310,CUS-002310,TRF-00413,Smart,2023-05-06
MTR-002311,CUS-002311,TRF-00170,Smart,2024-07-07
MTR-002312,CUS-002312,TRF-00337,Smart,2026-01-13
MTR-002313,CUS-002313,TRF-00281,Smart,2020-07-07
MTR-002314,CUS-002314,TRF-00052,Smart,2022-05-17
MTR-002315,CUS-002315,TRF-00124,Smart,2020-10-19
MTR-002316,CUS-002316,TRF-00174,Smart,2019-12-06
MTR-002317,CUS-002317,TRF-00264,Smart,2024-08-08
MTR-002318,CUS-002318,TRF-00264,Smart-Prepaid,2024-05-17
MTR-002319,CUS-002319,TRF-00384,Smart-Prepaid,2025-12-09
MTR-002320,CUS-002320,TRF-00198,Smart,2022-06-25
MTR-002321,CUS-002321,TRF-00255,Smart,2026-06-18
MTR-002322,CUS-002322,TRF-00171,Smart,2024-11-27
MTR-002323,CUS-002323,TRF-00058,Smart,2025-08-19
MTR-002324,CUS-002324,TRF-00439,Smart,2019-05-26
MTR-002325,CUS-002325,TRF-00105,Smart-Prepaid,2022-08-05
MTR-002326,CUS-002326,TRF-00434,Smart,2020-06-03
MTR-002327,CUS-002327,TRF-00124,Smart-Prepaid,2023-03-01
MTR-002328,CUS-002328,TRF-00015,Smart-Prepaid,2018-08-10
MTR-002329,CUS-002329,TRF-00037,Smart,2024-02-13
MTR-002330,CUS-002330,TRF-00394,Smart,2026-01-03
MTR-002331,CUS-002331,TRF-00242,Smart,2024-07-27
MTR-002332,CUS-002332,TRF-00408,Smart,2023-01-04
MTR-002333,CUS-002333,TRF-00476,Smart,2019-11-28
MTR-002334,CUS-002334,TRF-00466,Smart-Prepaid,2024-06-15
MTR-002335,CUS-002335,TRF-00209,Smart-Prepaid,2026-05-16
MTR-002336,CUS-002336,TRF-00494,Smart-Prepaid,2023-02-18
MTR-002337,CUS-002337,TRF-00314,Smart,2023-11-21
MTR-002338,CUS-002338,TRF-00284,Smart,2020-02-17
MTR-002339,CUS-002339,TRF-00463,Smart,2025-02-12
MTR-002340,CUS-002340,TRF-00493,Smart,2020-06-17
MTR-002341,CUS-002341,TRF-00167,Smart,2018-12-18
MTR-002342,CUS-002342,TRF-00263,Smart,2020-01-10
MTR-002343,CUS-002343,TRF-00097,Smart,2025-02-26
MTR-002344,CUS-002344,TRF-00133,Smart-Prepaid,2020-03-03
MTR-002345,CUS-002345,TRF-00428,Smart-Prepaid,2020-12-10
MTR-002346,CUS-002346,TRF-00364,Smart,2019-02-03
MTR-002347,CUS-002347,TRF-00180,Smart-Prepaid,2022-03-01
MTR-002348,CUS-002348,TRF-00221,Smart,2023-07-04
MTR-002349,CUS-002349,TRF-00363,Smart,2018-11-09
MTR-002350,CUS-002350,TRF-00481,Smart-Prepaid,2024-05-08
MTR-002351,CUS-002351,TRF-00148,Smart,2024-05-03
MTR-002352,CUS-002352,TRF-00243,Smart-Prepaid,2021-07-05
MTR-002353,CUS-002353,TRF-00312,Smart,2024-08-06
MTR-002354,CUS-002354,TRF-00075,Smart-Prepaid,2024-08-19
MTR-002355,CUS-002355,TRF-00368,Smart-Prepaid,2025-03-20
MTR-002356,CUS-002356,TRF-00261,Smart,2022-01-09
MTR-002357,CUS-002357,TRF-00230,Smart,2024-01-20
MTR-002358,CUS-002358,TRF-00190,Smart,2025-03-16
MTR-002359,CUS-002359,TRF-00379,Smart,2019-11-13
MTR-002360,CUS-002360,TRF-00133,Smart,2021-08-07
MTR-002361,CUS-002361,TRF-00308,Smart-Prepaid,2019-12-18
MTR-002362,CUS-002362,TRF-00251,Smart,2018-11-19
MTR-002363,CUS-002363,TRF-00387,Smart-Prepaid,2019-12-29
MTR-002364,CUS-002364,TRF-00244,Smart-Prepaid,2025-04-12
MTR-002365,CUS-002365,TRF-00264,Smart,2021-12-07
MTR-002366,CUS-002366,TRF-00324,Smart,2019-04-12
MTR-002367,CUS-002367,TRF-00329,Smart,2019-11-08
MTR-002368,CUS-002368,TRF-00366,Smart,2019-03-09
MTR-002369,CUS-002369,TRF-00455,Smart,2021-11-22
MTR-002370,CUS-002370,TRF-00342,Smart,2022-01-17
MTR-002371,CUS-002371,TRF-00003,Smart,2024-02-23
MTR-002372,CUS-002372,TRF-00441,Smart,2019-12-03
MTR-002373,CUS-002373,TRF-00036,Smart-Prepaid,2024-04-04
MTR-002374,CUS-002374,TRF-00070,Smart-Prepaid,2024-04-04
MTR-002375,CUS-002375,TRF-00261,Smart,2025-08-09
MTR-002376,CUS-002376,TRF-00236,Smart,2022-10-23
MTR-002377,CUS-002377,TRF-00306,Smart-Prepaid,2025-09-27
MTR-002378,CUS-002378,TRF-00489,Smart-Prepaid,2023-04-17
MTR-002379,CUS-002379,TRF-00462,Smart,2026-03-22
MTR-002380,CUS-002380,TRF-00354,Smart,2023-03-30
MTR-002381,CUS-002381,TRF-00177,Smart,2021-03-21
MTR-002382,CUS-002382,TRF-00095,Smart,2022-03-12
MTR-002383,CUS-002383,TRF-00397,Smart,2025-03-02
MTR-002384,CUS-002384,TRF-00226,Smart,2023-04-24
MTR-002385,CUS-002385,TRF-00010,Smart,2023-11-02
MTR-002386,CUS-002386,TRF-00265,Smart,2020-04-24
MTR-002387,CUS-002387,TRF-00188,Smart,2022-02-28
MTR-002388,CUS-002388,TRF-00208,Smart,2019-12-20
MTR-002389,CUS-002389,TRF-00012,Smart-Prepaid,2025-03-25
MTR-002390,CUS-002390,TRF-00376,Smart,2022-02-17
MTR-002391,CUS-002391,TRF-00161,Smart-Prepaid,2021-02-08
MTR-002392,CUS-002392,TRF-00059,Smart,2023-05-29
MTR-002393,CUS-002393,TRF-00492,Smart,2025-12-09
MTR-002394,CUS-002394,TRF-00434,Smart,2024-12-04
MTR-002395,CUS-002395,TRF-00004,Smart,2025-03-22
MTR-002396,CUS-002396,TRF-00495,Smart,2020-02-28
MTR-002397,CUS-002397,TRF-00201,Smart,2020-12-11
MTR-002398,CUS-002398,TRF-00415,Smart-Prepaid,2024-09-21
MTR-002399,CUS-002399,TRF-00011,Smart-Prepaid,2022-04-15
MTR-002400,CUS-002400,TRF-00435,Smart,2019-04-30
MTR-002401,CUS-002401,TRF-00396,Smart-Prepaid,2023-03-18
MTR-002402,CUS-002402,TRF-00340,Smart,2024-11-29
MTR-002403,CUS-002403,TRF-00239,Smart,2019-08-11
MTR-002404,CUS-002404,TRF-00437,Smart,2019-01-12
MTR-002405,CUS-002405,TRF-00372,Smart,2024-06-10
MTR-002406,CUS-002406,TRF-00377,Smart,2022-10-31
MTR-002407,CUS-002407,TRF-00224,Smart,2025-05-23
MTR-002408,CUS-002408,TRF-00181,Smart,2023-01-15
MTR-002409,CUS-002409,TRF-00296,Smart,2021-09-24
MTR-002410,CUS-002410,TRF-00303,Smart,2023-10-01
MTR-002411,CUS-002411,TRF-00306,Smart,2024-03-31
MTR-002412,CUS-002412,TRF-00430,Smart,2025-01-26
MTR-002413,CUS-002413,TRF-00177,Smart,2019-01-09
MTR-002414,CUS-002414,TRF-00117,Smart-Prepaid,2020-01-11
MTR-002415,CUS-002415,TRF-00351,Smart,2025-07-16
MTR-002416,CUS-002416,TRF-00075,Smart,2024-12-06
MTR-002417,CUS-002417,TRF-00045,Smart,2020-07-05
MTR-002418,CUS-002418,TRF-00226,Smart-Prepaid,2019-01-03
MTR-002419,CUS-002419,TRF-00355,Smart,2025-05-27
MTR-002420,CUS-002420,TRF-00293,Smart,2022-11-29
MTR-002421,CUS-002421,TRF-00239,Smart,2019-03-12
MTR-002422,CUS-002422,TRF-00347,Smart-Prepaid,2022-11-15
MTR-002423,CUS-002423,TRF-00140,Smart,2019-04-08
MTR-002424,CUS-002424,TRF-00203,Smart,2022-10-06
MTR-002425,CUS-002425,TRF-00149,Smart,2019-05-07
MTR-002426,CUS-002426,TRF-00491,Smart,2020-09-03
MTR-002427,CUS-002427,TRF-00129,Smart,2022-12-14
MTR-002428,CUS-002428,TRF-00348,Smart-Prepaid,2025-02-28
MTR-002429,CUS-002429,TRF-00332,Smart,2018-12-15
MTR-002430,CUS-002430,TRF-00482,Smart,2022-06-28
MTR-002431,CUS-002431,TRF-00268,Smart,2025-03-29
MTR-002432,CUS-002432,TRF-00312,Smart,2019-09-18
MTR-002433,CUS-002433,TRF-00417,Smart,2024-11-10
MTR-002434,CUS-002434,TRF-00402,Smart,2024-02-20
MTR-002435,CUS-002435,TRF-00136,Smart,2019-04-25
MTR-002436,CUS-002436,TRF-00115,Smart,2019-10-11
MTR-002437,CUS-002437,TRF-00350,Smart,2022-02-09
MTR-002438,CUS-002438,TRF-00160,Smart-Prepaid,2021-12-12
MTR-002439,CUS-002439,TRF-00154,Smart,2023-08-17
MTR-002440,CUS-002440,TRF-00172,Smart-Prepaid,2019-03-29
MTR-002441,CUS-002441,TRF-00129,Smart,2024-08-16
MTR-002442,CUS-002442,TRF-00078,Smart,2022-04-03
MTR-002443,CUS-002443,TRF-00466,Smart,2024-01-01
MTR-002444,CUS-002444,TRF-00056,Smart,2026-06-20
MTR-002445,CUS-002445,TRF-00350,Smart,2021-04-12
MTR-002446,CUS-002446,TRF-00056,Smart-Prepaid,2018-11-13
MTR-002447,CUS-002447,TRF-00399,Smart-Prepaid,2018-09-12
MTR-002448,CUS-002448,TRF-00362,Smart,2018-10-28
MTR-002449,CUS-002449,TRF-00334,Smart-Prepaid,2023-11-14
MTR-002450,CUS-002450,TRF-00133,Smart,2018-10-19
MTR-002451,CUS-002451,TRF-00013,Smart-Prepaid,2025-01-06
MTR-002452,CUS-002452,TRF-00282,Smart,2018-11-05
MTR-002453,CUS-002453,TRF-00293,Smart-Prepaid,2021-02-27
MTR-002454,CUS-002454,TRF-00146,Smart,2024-08-08
MTR-002455,CUS-002455,TRF-00420,Smart-Prepaid,2025-01-01
MTR-002456,CUS-002456,TRF-00126,Smart,2023-03-31
MTR-002457,CUS-002457,TRF-00490,Smart,2019-04-05
MTR-002458,CUS-002458,TRF-00259,Smart,2020-02-11
MTR-002459,CUS-002459,TRF-00313,Smart-Prepaid,2026-02-25
MTR-002460,CUS-002460,TRF-00217,Smart,2019-05-21
MTR-002461,CUS-002461,TRF-00392,Smart,2024-10-23
MTR-002462,CUS-002462,TRF-00232,Smart,2022-11-15
MTR-002463,CUS-002463,TRF-00368,Smart-Prepaid,2021-07-19
MTR-002464,CUS-002464,TRF-00167,Smart,2024-11-03
MTR-002465,CUS-002465,TRF-00142,Smart,2024-07-13
MTR-002466,CUS-002466,TRF-00488,Smart-Prepaid,2023-05-25
MTR-002467,CUS-002467,TRF-00484,Smart,2024-04-19
MTR-002468,CUS-002468,TRF-00259,Smart,2026-06-07
MTR-002469,CUS-002469,TRF-00217,Smart,2021-01-30
MTR-002470,CUS-002470,TRF-00307,Smart-Prepaid,2023-12-05
MTR-002471,CUS-002471,TRF-00145,Smart,2024-11-24
MTR-002472,CUS-002472,TRF-00488,Smart,2022-08-06
MTR-002473,CUS-002473,TRF-00436,Smart-Prepaid,2020-11-25
MTR-002474,CUS-002474,TRF-00442,Smart,2020-12-01
MTR-002475,CUS-002475,TRF-00098,Smart-Prepaid,2019-11-13
MTR-002476,CUS-002476,TRF-00181,Smart,2022-12-05
MTR-002477,CUS-002477,TRF-00168,Smart,2019-10-11
MTR-002478,CUS-002478,TRF-00232,Smart,2023-11-24
MTR-002479,CUS-002479,TRF-00443,Smart,2022-11-18
MTR-002480,CUS-002480,TRF-00092,Smart,2020-11-17
MTR-002481,CUS-002481,TRF-00116,Smart,2022-09-28
MTR-002482,CUS-002482,TRF-00471,Smart-Prepaid,2024-09-08
MTR-002483,CUS-002483,TRF-00003,Smart,2019-10-19
MTR-002484,CUS-002484,TRF-00084,Smart-Prepaid,2025-02-18
MTR-002485,CUS-002485,TRF-00166,Smart,2020-11-22
MTR-002486,CUS-002486,TRF-00006,Smart,2023-07-12
MTR-002487,CUS-002487,TRF-00380,Smart-Prepaid,2018-12-10
MTR-002488,CUS-002488,TRF-00406,Smart,2021-08-11
MTR-002489,CUS-002489,TRF-00231,Smart-Prepaid,2018-12-04
MTR-002490,CUS-002490,TRF-00250,Smart,2022-01-18
MTR-002491,CUS-002491,TRF-00084,Smart,2018-10-24
MTR-002492,CUS-002492,TRF-00318,Smart,2023-05-08
MTR-002493,CUS-002493,TRF-00192,Smart,2018-08-18
MTR-002494,CUS-002494,TRF-00122,Smart,2020-09-03
MTR-002495,CUS-002495,TRF-00424,Smart-Prepaid,2020-07-20
MTR-002496,CUS-002496,TRF-00088,Smart,2021-05-04
MTR-002497,CUS-002497,TRF-00094,Smart,2021-04-23
MTR-002498,CUS-002498,TRF-00374,Smart-Prepaid,2021-06-20
MTR-002499,CUS-002499,TRF-00299,Smart-Prepaid,2022-09-09
MTR-002500,CUS-002500,TRF-00357,Smart,2022-10-20
MTR-002501,CUS-002501,TRF-00044,Smart,2021-10-24
MTR-002502,CUS-002502,TRF-00252,Smart,2023-01-24
MTR-002503,CUS-002503,TRF-00452,Smart,2020-06-21
MTR-002504,CUS-002504,TRF-00372,Smart,2019-10-15
MTR-002505,CUS-002505,TRF-00478,Smart-Prepaid,2020-09-27
MTR-002506,CUS-002506,TRF-00050,Smart,2020-05-29
MTR-002507,CUS-002507,TRF-00064,Smart,2021-02-25
MTR-002508,CUS-002508,TRF-00053,Smart-Prepaid,2023-11-04
MTR-002509,CUS-002509,TRF-00439,Smart,2021-07-04
MTR-002510,CUS-002510,TRF-00221,Smart-Prepaid,2025-02-10
MTR-002511,CUS-002511,TRF-00465,Smart,2024-10-27
MTR-002512,CUS-002512,TRF-00071,Smart,2021-07-30
MTR-002513,CUS-002513,TRF-00375,Smart-Prepaid,2018-12-09
MTR-002514,CUS-002514,TRF-00473,Smart,2024-04-05
MTR-002515,CUS-002515,TRF-00167,Smart-Prepaid,2023-07-22
MTR-002516,CUS-002516,TRF-00185,Smart,2019-01-10
MTR-002517,CUS-002517,TRF-00142,Smart-Prepaid,2020-04-02
MTR-002518,CUS-002518,TRF-00018,Smart,2021-11-08
MTR-002519,CUS-002519,TRF-00009,Smart,2025-05-20
MTR-002520,CUS-002520,TRF-00471,Smart,2023-01-10
MTR-002521,CUS-002521,TRF-00271,Smart,2023-07-02
MTR-002522,CUS-002522,TRF-00170,Smart,2024-10-31
MTR-002523,CUS-002523,TRF-00414,Smart,2018-09-28
MTR-002524,CUS-002524,TRF-00363,Smart,2023-07-20
MTR-002525,CUS-002525,TRF-00015,Smart,2023-08-24
MTR-002526,CUS-002526,TRF-00079,Smart-Prepaid,2026-01-14
MTR-002527,CUS-002527,TRF-00283,Smart,2025-12-05
MTR-002528,CUS-002528,TRF-00189,Smart,2020-01-26
MTR-002529,CUS-002529,TRF-00147,Smart,2019-02-12
MTR-002530,CUS-002530,TRF-00162,Smart,2020-09-22
MTR-002531,CUS-002531,TRF-00442,Smart-Prepaid,2018-12-23
MTR-002532,CUS-002532,TRF-00264,Smart,2019-07-30
MTR-002533,CUS-002533,TRF-00359,Smart,2021-09-15
MTR-002534,CUS-002534,TRF-00137,Smart,2025-03-20
MTR-002535,CUS-002535,TRF-00300,Smart-Prepaid,2019-08-04
MTR-002536,CUS-002536,TRF-00465,Smart,2023-01-03
MTR-002537,CUS-002537,TRF-00364,Smart-Prepaid,2022-10-18
MTR-002538,CUS-002538,TRF-00492,Smart,2018-08-24
MTR-002539,CUS-002539,TRF-00398,Smart-Prepaid,2023-07-24
MTR-002540,CUS-002540,TRF-00492,Smart,2020-08-27
MTR-002541,CUS-002541,TRF-00029,Smart-Prepaid,2025-05-23
MTR-002542,CUS-002542,TRF-00303,Smart,2020-01-05
MTR-002543,CUS-002543,TRF-00479,Smart,2026-02-11
MTR-002544,CUS-002544,TRF-00167,Smart-Prepaid,2022-07-21
MTR-002545,CUS-002545,TRF-00090,Smart,2025-12-23
MTR-002546,CUS-002546,TRF-00090,Smart,2022-09-09
MTR-002547,CUS-002547,TRF-00210,Smart-Prepaid,2021-08-07
MTR-002548,CUS-002548,TRF-00329,Smart,2024-08-27
MTR-002549,CUS-002549,TRF-00299,Smart,2022-10-15
MTR-002550,CUS-002550,TRF-00173,Smart,2019-02-11
MTR-002551,CUS-002551,TRF-00133,Smart,2020-09-22
MTR-002552,CUS-002552,TRF-00372,Smart-Prepaid,2019-10-31
MTR-002553,CUS-002553,TRF-00023,Smart,2019-02-15
MTR-002554,CUS-002554,TRF-00200,Smart,2024-02-14
MTR-002555,CUS-002555,TRF-00218,Smart,2023-07-05
MTR-002556,CUS-002556,TRF-00006,Smart,2020-12-10
MTR-002557,CUS-002557,TRF-00005,Smart-Prepaid,2019-12-17
MTR-002558,CUS-002558,TRF-00117,Smart-Prepaid,2023-02-17
MTR-002559,CUS-002559,TRF-00160,Smart,2023-11-28
MTR-002560,CUS-002560,TRF-00084,Smart,2024-05-22
MTR-002561,CUS-002561,TRF-00365,Smart-Prepaid,2021-10-31
MTR-002562,CUS-002562,TRF-00247,Smart,2019-11-11
MTR-002563,CUS-002563,TRF-00165,Smart,2020-07-11
MTR-002564,CUS-002564,TRF-00427,Smart,2021-12-06
MTR-002565,CUS-002565,TRF-00144,Smart,2024-04-13
MTR-002566,CUS-002566,TRF-00030,Smart-Prepaid,2021-07-09
MTR-002567,CUS-002567,TRF-00420,Smart,2024-05-07
MTR-002568,CUS-002568,TRF-00394,Smart-Prepaid,2022-10-15
MTR-002569,CUS-002569,TRF-00219,Smart,2020-04-19
MTR-002570,CUS-002570,TRF-00132,Smart,2021-01-21
MTR-002571,CUS-002571,TRF-00063,Smart-Prepaid,2024-10-07
MTR-002572,CUS-002572,TRF-00075,Smart-Prepaid,2019-04-04
MTR-002573,CUS-002573,TRF-00130,Smart-Prepaid,2025-07-10
MTR-002574,CUS-002574,TRF-00311,Smart,2025-02-11
MTR-002575,CUS-002575,TRF-00318,Smart-Prepaid,2020-11-30
MTR-002576,CUS-002576,TRF-00360,Smart,2026-05-20
MTR-002577,CUS-002577,TRF-00037,Smart,2021-09-10
MTR-002578,CUS-002578,TRF-00053,Smart,2021-05-31
MTR-002579,CUS-002579,TRF-00129,Smart,2024-07-18
MTR-002580,CUS-002580,TRF-00217,Smart-Prepaid,2024-08-09
MTR-002581,CUS-002581,TRF-00001,Smart,2025-06-19
MTR-002582,CUS-002582,TRF-00245,Smart,2018-12-10
MTR-002583,CUS-002583,TRF-00139,Smart,2021-10-19
MTR-002584,CUS-002584,TRF-00295,Smart,2020-06-02
MTR-002585,CUS-002585,TRF-00257,Smart,2023-12-16
MTR-002586,CUS-002586,TRF-00104,Smart,2021-04-19
MTR-002587,CUS-002587,TRF-00380,Smart,2024-01-06
MTR-002588,CUS-002588,TRF-00335,Smart,2020-12-06
MTR-002589,CUS-002589,TRF-00477,Smart-Prepaid,2026-03-15
MTR-002590,CUS-002590,TRF-00184,Smart,2025-10-27
MTR-002591,CUS-002591,TRF-00302,Smart,2018-10-16
MTR-002592,CUS-002592,TRF-00493,Smart-Prepaid,2019-04-11
MTR-002593,CUS-002593,TRF-00243,Smart,2021-08-05
MTR-002594,CUS-002594,TRF-00163,Smart-Prepaid,2021-11-11
MTR-002595,CUS-002595,TRF-00131,Smart,2020-10-27
MTR-002596,CUS-002596,TRF-00202,Smart-Prepaid,2020-11-27
MTR-002597,CUS-002597,TRF-00407,Smart,2023-03-01
MTR-002598,CUS-002598,TRF-00209,Smart,2025-01-21
MTR-002599,CUS-002599,TRF-00346,Smart,2022-08-10
MTR-002600,CUS-002600,TRF-00100,Smart,2025-11-16
MTR-002601,CUS-002601,TRF-00445,Smart-Prepaid,2024-09-19
MTR-002602,CUS-002602,TRF-00385,Smart,2024-05-23
MTR-002603,CUS-002603,TRF-00270,Smart,2021-07-10
MTR-002604,CUS-002604,TRF-00458,Smart,2023-01-04
MTR-002605,CUS-002605,TRF-00474,Smart-Prepaid,2022-07-28
MTR-002606,CUS-002606,TRF-00048,Smart-Prepaid,2020-01-08
MTR-002607,CUS-002607,TRF-00367,Smart,2026-05-20
MTR-002608,CUS-002608,TRF-00238,Smart,2021-03-25
MTR-002609,CUS-002609,TRF-00214,Smart,2026-04-22
MTR-002610,CUS-002610,TRF-00290,Smart,2022-04-17
MTR-002611,CUS-002611,TRF-00371,Smart,2025-03-11
MTR-002612,CUS-002612,TRF-00349,Smart,2019-02-03
MTR-002613,CUS-002613,TRF-00430,Smart-Prepaid,2024-01-21
MTR-002614,CUS-002614,TRF-00279,Smart-Prepaid,2018-11-26
MTR-002615,CUS-002615,TRF-00466,Smart,2024-01-17
MTR-002616,CUS-002616,TRF-00315,Smart,2019-01-23
MTR-002617,CUS-002617,TRF-00476,Smart-Prepaid,2025-05-11
MTR-002618,CUS-002618,TRF-00076,Smart,2020-06-30
MTR-002619,CUS-002619,TRF-00303,Smart,2025-11-11
MTR-002620,CUS-002620,TRF-00150,Smart-Prepaid,2020-04-05
MTR-002621,CUS-002621,TRF-00395,Smart,2024-08-30
MTR-002622,CUS-002622,TRF-00496,Smart,2021-06-01
MTR-002623,CUS-002623,TRF-00495,Smart,2025-03-02
MTR-002624,CUS-002624,TRF-00296,Smart,2020-08-24
MTR-002625,CUS-002625,TRF-00156,Smart,2021-02-06
MTR-002626,CUS-002626,TRF-00197,Smart,2024-03-21
MTR-002627,CUS-002627,TRF-00434,Smart,2021-09-24
MTR-002628,CUS-002628,TRF-00383,Smart-Prepaid,2020-05-12
MTR-002629,CUS-002629,TRF-00406,Smart,2019-09-22
MTR-002630,CUS-002630,TRF-00286,Smart,2019-06-01
MTR-002631,CUS-002631,TRF-00492,Smart,2019-05-10
MTR-002632,CUS-002632,TRF-00404,Smart,2023-05-10
MTR-002633,CUS-002633,TRF-00023,Smart-Prepaid,2022-10-09
MTR-002634,CUS-002634,TRF-00455,Smart,2024-04-25
MTR-002635,CUS-002635,TRF-00491,Smart,2024-11-03
MTR-002636,CUS-002636,TRF-00008,Smart,2022-12-01
MTR-002637,CUS-002637,TRF-00405,Smart,2023-05-29
MTR-002638,CUS-002638,TRF-00131,Smart,2020-03-06
MTR-002639,CUS-002639,TRF-00076,Smart,2023-04-21
MTR-002640,CUS-002640,TRF-00225,Smart,2023-08-08
MTR-002641,CUS-002641,TRF-00130,Smart-Prepaid,2020-03-04
MTR-002642,CUS-002642,TRF-00484,Smart-Prepaid,2020-04-27
MTR-002643,CUS-002643,TRF-00375,Smart-Prepaid,2021-10-24
MTR-002644,CUS-002644,TRF-00411,Smart-Prepaid,2021-03-01
MTR-002645,CUS-002645,TRF-00089,Smart-Prepaid,2020-05-23
MTR-002646,CUS-002646,TRF-00497,Smart-Prepaid,2025-08-04
MTR-002647,CUS-002647,TRF-00116,Smart,2025-05-17
MTR-002648,CUS-002648,TRF-00109,Smart,2024-05-01
MTR-002649,CUS-002649,TRF-00376,Smart-Prepaid,2026-03-06
MTR-002650,CUS-002650,TRF-00353,Smart,2025-11-16
MTR-002651,CUS-002651,TRF-00270,Smart,2023-06-14
MTR-002652,CUS-002652,TRF-00391,Smart,2022-08-09
MTR-002653,CUS-002653,TRF-00431,Smart,2024-08-11
MTR-002654,CUS-002654,TRF-00226,Smart,2021-03-13
MTR-002655,CUS-002655,TRF-00471,Smart,2021-09-08
MTR-002656,CUS-002656,TRF-00243,Smart,2022-04-06
MTR-002657,CUS-002657,TRF-00307,Smart-Prepaid,2022-07-27
MTR-002658,CUS-002658,TRF-00054,Smart-Prepaid,2021-10-30
MTR-002659,CUS-002659,TRF-00036,Smart-Prepaid,2022-12-24
MTR-002660,CUS-002660,TRF-00387,Smart-Prepaid,2025-06-12
MTR-002661,CUS-002661,TRF-00054,Smart,2025-09-01
MTR-002662,CUS-002662,TRF-00011,Smart,2018-09-09
MTR-002663,CUS-002663,TRF-00402,Smart,2020-01-26
MTR-002664,CUS-002664,TRF-00462,Smart-Prepaid,2025-02-06
MTR-002665,CUS-002665,TRF-00184,Smart,2026-07-03
MTR-002666,CUS-002666,TRF-00477,Smart-Prepaid,2018-11-03
MTR-002667,CUS-002667,TRF-00236,Smart,2019-06-14
MTR-002668,CUS-002668,TRF-00292,Smart-Prepaid,2024-10-08
MTR-002669,CUS-002669,TRF-00203,Smart,2019-06-29
MTR-002670,CUS-002670,TRF-00210,Smart-Prepaid,2019-08-14
MTR-002671,CUS-002671,TRF-00225,Smart,2023-05-03
MTR-002672,CUS-002672,TRF-00006,Smart,2025-12-04
MTR-002673,CUS-002673,TRF-00219,Smart,2020-07-16
MTR-002674,CUS-002674,TRF-00310,Smart-Prepaid,2021-08-05
MTR-002675,CUS-002675,TRF-00027,Smart,2022-05-06
MTR-002676,CUS-002676,TRF-00476,Smart-Prepaid,2024-03-03
MTR-002677,CUS-002677,TRF-00292,Smart-Prepaid,2020-09-11
MTR-002678,CUS-002678,TRF-00211,Smart-Prepaid,2020-11-07
MTR-002679,CUS-002679,TRF-00188,Smart,2026-05-11
MTR-002680,CUS-002680,TRF-00074,Smart,2019-07-22
MTR-002681,CUS-002681,TRF-00241,Smart,2024-05-06
MTR-002682,CUS-002682,TRF-00113,Smart-Prepaid,2021-11-23
MTR-002683,CUS-002683,TRF-00166,Smart-Prepaid,2018-08-18
MTR-002684,CUS-002684,TRF-00105,Smart-Prepaid,2023-07-11
MTR-002685,CUS-002685,TRF-00150,Smart,2020-04-19
MTR-002686,CUS-002686,TRF-00435,Smart,2021-07-08
MTR-002687,CUS-002687,TRF-00365,Smart-Prepaid,2024-11-16
MTR-002688,CUS-002688,TRF-00083,Smart,2019-09-01
MTR-002689,CUS-002689,TRF-00211,Smart-Prepaid,2019-01-24
MTR-002690,CUS-002690,TRF-00266,Smart,2021-01-26
MTR-002691,CUS-002691,TRF-00321,Smart,2019-03-03
MTR-002692,CUS-002692,TRF-00268,Smart-Prepaid,2019-08-01
MTR-002693,CUS-002693,TRF-00460,Smart,2022-10-09
MTR-002694,CUS-002694,TRF-00424,Smart,2024-09-19
MTR-002695,CUS-002695,TRF-00176,Smart-Prepaid,2020-11-16
MTR-002696,CUS-002696,TRF-00270,Smart,2022-11-16
MTR-002697,CUS-002697,TRF-00311,Smart-Prepaid,2020-05-24
MTR-002698,CUS-002698,TRF-00181,Smart-Prepaid,2021-10-01
MTR-002699,CUS-002699,TRF-00158,Smart,2022-05-21
MTR-002700,CUS-002700,TRF-00188,Smart,2025-03-29
MTR-002701,CUS-002701,TRF-00185,Smart,2023-04-02
MTR-002702,CUS-002702,TRF-00470,Smart,2024-08-05
MTR-002703,CUS-002703,TRF-00443,Smart,2021-10-30
MTR-002704,CUS-002704,TRF-00308,Smart-Prepaid,2019-12-16
MTR-002705,CUS-002705,TRF-00469,Smart,2024-04-30
MTR-002706,CUS-002706,TRF-00245,Smart,2026-01-23
MTR-002707,CUS-002707,TRF-00316,Smart,2023-05-30
MTR-002708,CUS-002708,TRF-00463,Smart,2022-08-11
MTR-002709,CUS-002709,TRF-00383,Smart,2019-03-10
MTR-002710,CUS-002710,TRF-00041,Smart-Prepaid,2022-03-07
MTR-002711,CUS-002711,TRF-00284,Smart,2021-04-05
MTR-002712,CUS-002712,TRF-00467,Smart,2021-12-01
MTR-002713,CUS-002713,TRF-00475,Smart,2019-05-03
MTR-002714,CUS-002714,TRF-00410,Smart,2025-12-31
MTR-002715,CUS-002715,TRF-00299,Smart,2024-02-11
MTR-002716,CUS-002716,TRF-00476,Smart-Prepaid,2025-05-24
MTR-002717,CUS-002717,TRF-00388,Smart,2020-12-07
MTR-002718,CUS-002718,TRF-00435,Smart,2022-09-20
MTR-002719,CUS-002719,TRF-00368,Smart,2021-10-30
MTR-002720,CUS-002720,TRF-00361,Smart,2024-07-09
MTR-002721,CUS-002721,TRF-00485,Smart,2025-03-05
MTR-002722,CUS-002722,TRF-00436,Smart,2023-08-07
MTR-002723,CUS-002723,TRF-00435,Smart,2024-10-07
MTR-002724,CUS-002724,TRF-00293,Smart,2021-04-12
MTR-002725,CUS-002725,TRF-00427,Smart,2022-07-03
MTR-002726,CUS-002726,TRF-00180,Smart,2021-09-26
MTR-002727,CUS-002727,TRF-00370,Smart,2022-01-20
MTR-002728,CUS-002728,TRF-00385,Smart-Prepaid,2024-11-12
MTR-002729,CUS-002729,TRF-00364,Smart,2018-12-22
MTR-002730,CUS-002730,TRF-00181,Smart-Prepaid,2024-02-06
MTR-002731,CUS-002731,TRF-00339,Smart,2019-07-12
MTR-002732,CUS-002732,TRF-00490,Smart,2019-08-17
MTR-002733,CUS-002733,TRF-00494,Smart,2024-10-13
MTR-002734,CUS-002734,TRF-00460,Smart-Prepaid,2018-09-30
MTR-002735,CUS-002735,TRF-00217,Smart,2018-12-09
MTR-002736,CUS-002736,TRF-00162,Smart,2020-02-18
MTR-002737,CUS-002737,TRF-00045,Smart,2026-06-12
MTR-002738,CUS-002738,TRF-00455,Smart,2022-09-22
MTR-002739,CUS-002739,TRF-00091,Smart,2020-03-19
MTR-002740,CUS-002740,TRF-00104,Smart,2021-09-12
MTR-002741,CUS-002741,TRF-00206,Smart,2025-08-11
MTR-002742,CUS-002742,TRF-00438,Smart,2019-04-22
MTR-002743,CUS-002743,TRF-00497,Smart,2025-07-03
MTR-002744,CUS-002744,TRF-00327,Smart,2018-10-27
MTR-002745,CUS-002745,TRF-00138,Smart,2019-10-29
MTR-002746,CUS-002746,TRF-00028,Smart,2022-03-19
MTR-002747,CUS-002747,TRF-00250,Smart,2021-02-21
MTR-002748,CUS-002748,TRF-00452,Smart,2024-07-04
MTR-002749,CUS-002749,TRF-00190,Smart,2019-05-26
MTR-002750,CUS-002750,TRF-00046,Smart,2019-12-30
MTR-002751,CUS-002751,TRF-00366,Smart,2020-05-03
MTR-002752,CUS-002752,TRF-00250,Smart,2025-09-17
MTR-002753,CUS-002753,TRF-00262,Smart,2021-06-03
MTR-002754,CUS-002754,TRF-00372,Smart,2025-01-28
MTR-002755,CUS-002755,TRF-00063,Smart,2022-08-21
MTR-002756,CUS-002756,TRF-00337,Smart,2020-01-22
MTR-002757,CUS-002757,TRF-00319,Smart-Prepaid,2023-02-19
MTR-002758,CUS-002758,TRF-00347,Smart,2022-06-13
MTR-002759,CUS-002759,TRF-00267,Smart,2025-04-25
MTR-002760,CUS-002760,TRF-00011,Smart,2021-12-19
MTR-002761,CUS-002761,TRF-00291,Smart,2023-01-19
MTR-002762,CUS-002762,TRF-00028,Smart-Prepaid,2025-10-01
MTR-002763,CUS-002763,TRF-00138,Smart-Prepaid,2023-07-11
MTR-002764,CUS-002764,TRF-00436,Smart-Prepaid,2026-05-25
MTR-002765,CUS-002765,TRF-00453,Smart-Prepaid,2025-03-10
MTR-002766,CUS-002766,TRF-00084,Smart,2020-11-26
MTR-002767,CUS-002767,TRF-00073,Smart,2026-03-26
MTR-002768,CUS-002768,TRF-00250,Smart-Prepaid,2019-07-10
MTR-002769,CUS-002769,TRF-00223,Smart,2021-01-05
MTR-002770,CUS-002770,TRF-00046,Smart-Prepaid,2022-12-30
MTR-002771,CUS-002771,TRF-00416,Smart,2024-11-21
MTR-002772,CUS-002772,TRF-00080,Smart,2026-05-29
MTR-002773,CUS-002773,TRF-00450,Smart-Prepaid,2024-10-13
MTR-002774,CUS-002774,TRF-00120,Smart,2021-04-26
MTR-002775,CUS-002775,TRF-00042,Smart-Prepaid,2020-06-26
MTR-002776,CUS-002776,TRF-00145,Smart,2025-06-09
MTR-002777,CUS-002777,TRF-00073,Smart,2025-10-31
MTR-002778,CUS-002778,TRF-00052,Smart-Prepaid,2024-06-09
MTR-002779,CUS-002779,TRF-00232,Smart,2022-10-16
MTR-002780,CUS-002780,TRF-00294,Smart,2021-10-31
MTR-002781,CUS-002781,TRF-00362,Smart,2020-04-13
MTR-002782,CUS-002782,TRF-00199,Smart-Prepaid,2023-09-18
MTR-002783,CUS-002783,TRF-00161,Smart-Prepaid,2023-06-22
MTR-002784,CUS-002784,TRF-00036,Smart,2019-08-04
MTR-002785,CUS-002785,TRF-00424,Smart,2019-06-02
MTR-002786,CUS-002786,TRF-00096,Smart-Prepaid,2021-07-16
MTR-002787,CUS-002787,TRF-00048,Smart-Prepaid,2024-01-29
MTR-002788,CUS-002788,TRF-00383,Smart,2018-10-01
MTR-002789,CUS-002789,TRF-00009,Smart,2025-02-11
MTR-002790,CUS-002790,TRF-00039,Smart-Prepaid,2022-08-16
MTR-002791,CUS-002791,TRF-00401,Smart,2026-06-21
MTR-002792,CUS-002792,TRF-00152,Smart-Prepaid,2023-03-16
MTR-002793,CUS-002793,TRF-00105,Smart,2019-02-13
MTR-002794,CUS-002794,TRF-00040,Smart,2020-11-23
MTR-002795,CUS-002795,TRF-00163,Smart,2023-02-25
MTR-002796,CUS-002796,TRF-00257,Smart-Prepaid,2026-01-03
MTR-002797,CUS-002797,TRF-00210,Smart,2024-04-06
MTR-002798,CUS-002798,TRF-00201,Smart,2022-03-12
MTR-002799,CUS-002799,TRF-00432,Smart,2020-08-17
MTR-002800,CUS-002800,TRF-00194,Smart-Prepaid,2024-12-30
MTR-002801,CUS-002801,TRF-00052,Smart,2021-10-18
MTR-002802,CUS-002802,TRF-00146,Smart,2023-05-04
MTR-002803,CUS-002803,TRF-00498,Smart,2023-02-21
MTR-002804,CUS-002804,TRF-00281,Smart,2026-01-25
MTR-002805,CUS-002805,TRF-00309,Smart,2021-12-08
MTR-002806,CUS-002806,TRF-00242,Smart,2023-07-21
MTR-002807,CUS-002807,TRF-00050,Smart,2025-01-01
MTR-002808,CUS-002808,TRF-00494,Smart-Prepaid,2025-06-28
MTR-002809,CUS-002809,TRF-00408,Smart-Prepaid,2023-10-22
MTR-002810,CUS-002810,TRF-00113,Smart-Prepaid,2025-03-07
MTR-002811,CUS-002811,TRF-00272,Smart,2023-09-08
MTR-002812,CUS-002812,TRF-00457,Smart-Prepaid,2024-08-14
MTR-002813,CUS-002813,TRF-00119,Smart,2024-07-06
MTR-002814,CUS-002814,TRF-00188,Smart,2023-12-16
MTR-002815,CUS-002815,TRF-00045,Smart,2024-08-19
MTR-002816,CUS-002816,TRF-00242,Smart,2025-05-15
MTR-002817,CUS-002817,TRF-00310,Smart,2019-04-26
MTR-002818,CUS-002818,TRF-00049,Smart,2022-09-28
MTR-002819,CUS-002819,TRF-00330,Smart,2019-10-03
MTR-002820,CUS-002820,TRF-00010,Smart,2024-10-22
MTR-002821,CUS-002821,TRF-00395,Smart,2023-03-12
MTR-002822,CUS-002822,TRF-00423,Smart,2023-08-25
MTR-002823,CUS-002823,TRF-00047,Smart,2023-02-09
MTR-002824,CUS-002824,TRF-00376,Smart,2019-10-08
MTR-002825,CUS-002825,TRF-00055,Smart,2023-01-30
MTR-002826,CUS-002826,TRF-00007,Smart,2020-12-08
MTR-002827,CUS-002827,TRF-00471,Smart,2024-09-20
MTR-002828,CUS-002828,TRF-00013,Smart-Prepaid,2025-08-19
MTR-002829,CUS-002829,TRF-00214,Smart,2023-02-11
MTR-002830,CUS-002830,TRF-00369,Smart,2024-11-17
MTR-002831,CUS-002831,TRF-00439,Smart-Prepaid,2025-05-22
MTR-002832,CUS-002832,TRF-00244,Smart,2026-02-25
MTR-002833,CUS-002833,TRF-00053,Smart,2025-08-28
MTR-002834,CUS-002834,TRF-00483,Smart,2019-06-19
MTR-002835,CUS-002835,TRF-00272,Smart,2025-04-01
MTR-002836,CUS-002836,TRF-00428,Smart,2024-12-30
MTR-002837,CUS-002837,TRF-00388,Smart-Prepaid,2020-05-15
MTR-002838,CUS-002838,TRF-00130,Smart,2024-10-14
MTR-002839,CUS-002839,TRF-00008,Smart,2024-10-01
MTR-002840,CUS-002840,TRF-00211,Smart,2022-01-04
MTR-002841,CUS-002841,TRF-00121,Smart-Prepaid,2023-01-26
MTR-002842,CUS-002842,TRF-00113,Smart-Prepaid,2026-03-19
MTR-002843,CUS-002843,TRF-00019,Smart,2019-01-15
MTR-002844,CUS-002844,TRF-00498,Smart,2023-07-14
MTR-002845,CUS-002845,TRF-00338,Smart,2018-10-15
MTR-002846,CUS-002846,TRF-00020,Smart,2023-01-09
MTR-002847,CUS-002847,TRF-00207,Smart,2019-11-01
MTR-002848,CUS-002848,TRF-00032,Smart,2023-09-04
MTR-002849,CUS-002849,TRF-00132,Smart-Prepaid,2022-03-24
MTR-002850,CUS-002850,TRF-00407,Smart,2021-11-29
MTR-002851,CUS-002851,TRF-00190,Smart,2025-08-31
MTR-002852,CUS-002852,TRF-00462,Smart,2023-09-09
MTR-002853,CUS-002853,TRF-00025,Smart,2019-12-25
MTR-002854,CUS-002854,TRF-00363,Smart,2020-04-25
MTR-002855,CUS-002855,TRF-00088,Smart-Prepaid,2023-01-20
MTR-002856,CUS-002856,TRF-00091,Smart,2026-06-25
MTR-002857,CUS-002857,TRF-00032,Smart-Prepaid,2020-05-30
MTR-002858,CUS-002858,TRF-00237,Smart,2023-05-30
MTR-002859,CUS-002859,TRF-00017,Smart,2021-03-09
MTR-002860,CUS-002860,TRF-00273,Smart,2023-11-08
MTR-002861,CUS-002861,TRF-00421,Smart,2025-10-17
MTR-002862,CUS-002862,TRF-00288,Smart,2023-10-03
MTR-002863,CUS-002863,TRF-00026,Smart,2025-09-20
MTR-002864,CUS-002864,TRF-00304,Smart,2022-09-22
MTR-002865,CUS-002865,TRF-00433,Smart-Prepaid,2023-10-23
MTR-002866,CUS-002866,TRF-00398,Smart,2023-01-18
MTR-002867,CUS-002867,TRF-00107,Smart,2018-09-29
MTR-002868,CUS-002868,TRF-00460,Smart,2025-02-01
MTR-002869,CUS-002869,TRF-00435,Smart,2020-11-10
MTR-002870,CUS-002870,TRF-00225,Smart,2018-08-18
MTR-002871,CUS-002871,TRF-00323,Smart,2021-05-02
MTR-002872,CUS-002872,TRF-00354,Smart,2021-10-31
MTR-002873,CUS-002873,TRF-00018,Smart,2023-11-11
MTR-002874,CUS-002874,TRF-00222,Smart-Prepaid,2026-05-18
MTR-002875,CUS-002875,TRF-00280,Smart-Prepaid,2025-10-01
MTR-002876,CUS-002876,TRF-00103,Smart,2023-02-02
MTR-002877,CUS-002877,TRF-00331,Smart,2022-01-16
MTR-002878,CUS-002878,TRF-00331,Smart-Prepaid,2018-11-04
MTR-002879,CUS-002879,TRF-00361,Smart,2024-12-22
MTR-002880,CUS-002880,TRF-00408,Smart,2024-10-24
MTR-002881,CUS-002881,TRF-00288,Smart-Prepaid,2021-10-27
MTR-002882,CUS-002882,TRF-00443,Smart,2024-08-24
MTR-002883,CUS-002883,TRF-00036,Smart-Prepaid,2022-12-01
MTR-002884,CUS-002884,TRF-00347,Smart,2019-10-08
MTR-002885,CUS-002885,TRF-00379,Smart,2023-11-03
MTR-002886,CUS-002886,TRF-00243,Smart,2019-05-07
MTR-002887,CUS-002887,TRF-00042,Smart-Prepaid,2022-12-19
MTR-002888,CUS-002888,TRF-00125,Smart,2023-02-21
MTR-002889,CUS-002889,TRF-00008,Smart,2021-05-02
MTR-002890,CUS-002890,TRF-00013,Smart-Prepaid,2023-08-06
MTR-002891,CUS-002891,TRF-00130,Smart-Prepaid,2025-12-01
MTR-002892,CUS-002892,TRF-00324,Smart-Prepaid,2020-04-27
MTR-002893,CUS-002893,TRF-00183,Smart,2023-01-20
MTR-002894,CUS-002894,TRF-00281,Smart-Prepaid,2025-01-03
MTR-002895,CUS-002895,TRF-00382,Smart,2019-05-21
MTR-002896,CUS-002896,TRF-00052,Smart,2025-03-08
MTR-002897,CUS-002897,TRF-00040,Smart-Prepaid,2025-08-04
MTR-002898,CUS-002898,TRF-00337,Smart,2024-09-03
MTR-002899,CUS-002899,TRF-00357,Smart,2024-12-30
MTR-002900,CUS-002900,TRF-00020,Smart,2021-02-02
MTR-002901,CUS-002901,TRF-00376,Smart-Prepaid,2021-04-10
MTR-002902,CUS-002902,TRF-00294,Smart,2025-12-02
MTR-002903,CUS-002903,TRF-00207,Smart,2019-07-23
MTR-002904,CUS-002904,TRF-00487,Smart,2025-04-13
MTR-002905,CUS-002905,TRF-00150,Smart,2024-10-04
MTR-002906,CUS-002906,TRF-00476,Smart-Prepaid,2021-10-05
MTR-002907,CUS-002907,TRF-00457,Smart,2019-10-14
MTR-002908,CUS-002908,TRF-00441,Smart,2023-04-05
MTR-002909,CUS-002909,TRF-00068,Smart-Prepaid,2024-09-22
MTR-002910,CUS-002910,TRF-00330,Smart,2025-05-02
MTR-002911,CUS-002911,TRF-00412,Smart,2020-10-04
MTR-002912,CUS-002912,TRF-00317,Smart,2025-09-21
MTR-002913,CUS-002913,TRF-00436,Smart-Prepaid,2025-05-16
MTR-002914,CUS-002914,TRF-00300,Smart,2025-03-13
MTR-002915,CUS-002915,TRF-00026,Smart,2019-11-27
MTR-002916,CUS-002916,TRF-00115,Smart,2024-07-24
MTR-002917,CUS-002917,TRF-00417,Smart,2018-08-12
MTR-002918,CUS-002918,TRF-00141,Smart-Prepaid,2023-11-23
MTR-002919,CUS-002919,TRF-00040,Smart-Prepaid,2022-09-04
MTR-002920,CUS-002920,TRF-00105,Smart,2023-05-12
MTR-002921,CUS-002921,TRF-00073,Smart,2025-10-16
MTR-002922,CUS-002922,TRF-00059,Smart-Prepaid,2021-09-08
MTR-002923,CUS-002923,TRF-00297,Smart,2026-07-06
MTR-002924,CUS-002924,TRF-00121,Smart,2019-07-13
MTR-002925,CUS-002925,TRF-00434,Smart-Prepaid,2026-05-13
MTR-002926,CUS-002926,TRF-00202,Smart,2021-09-02
MTR-002927,CUS-002927,TRF-00010,Smart,2020-03-16
MTR-002928,CUS-002928,TRF-00418,Smart,2019-04-01
MTR-002929,CUS-002929,TRF-00146,Smart-Prepaid,2020-02-20
MTR-002930,CUS-002930,TRF-00215,Smart,2023-06-14
MTR-002931,CUS-002931,TRF-00373,Smart-Prepaid,2025-02-15
MTR-002932,CUS-002932,TRF-00320,Smart-Prepaid,2025-02-15
MTR-002933,CUS-002933,TRF-00459,Smart-Prepaid,2018-10-22
MTR-002934,CUS-002934,TRF-00444,Smart-Prepaid,2026-02-02
MTR-002935,CUS-002935,TRF-00302,Smart,2021-07-30
MTR-002936,CUS-002936,TRF-00013,Smart-Prepaid,2019-01-18
MTR-002937,CUS-002937,TRF-00066,Smart,2023-09-27
MTR-002938,CUS-002938,TRF-00179,Smart-Prepaid,2019-03-29
MTR-002939,CUS-002939,TRF-00364,Smart,2023-08-05
MTR-002940,CUS-002940,TRF-00241,Smart,2019-03-09
MTR-002941,CUS-002941,TRF-00159,Smart,2024-06-12
MTR-002942,CUS-002942,TRF-00463,Smart-Prepaid,2019-01-14
MTR-002943,CUS-002943,TRF-00485,Smart,2021-11-01
MTR-002944,CUS-002944,TRF-00009,Smart,2020-01-04
MTR-002945,CUS-002945,TRF-00123,Smart-Prepaid,2023-08-04
MTR-002946,CUS-002946,TRF-00272,Smart,2020-02-27
MTR-002947,CUS-002947,TRF-00240,Smart,2023-03-21
MTR-002948,CUS-002948,TRF-00423,Smart,2022-02-12
MTR-002949,CUS-002949,TRF-00451,Smart,2021-11-11
MTR-002950,CUS-002950,TRF-00446,Smart,2019-09-29
MTR-002951,CUS-002951,TRF-00142,Smart-Prepaid,2024-05-21
MTR-002952,CUS-002952,TRF-00352,Smart,2020-05-08
MTR-002953,CUS-002953,TRF-00166,Smart,2020-10-27
MTR-002954,CUS-002954,TRF-00056,Smart,2018-09-27
MTR-002955,CUS-002955,TRF-00137,Smart-Prepaid,2022-07-12
MTR-002956,CUS-002956,TRF-00326,Smart,2022-02-10
MTR-002957,CUS-002957,TRF-00352,Smart,2020-11-01
MTR-002958,CUS-002958,TRF-00016,Smart,2019-11-22
MTR-002959,CUS-002959,TRF-00331,Smart-Prepaid,2024-04-05
MTR-002960,CUS-002960,TRF-00272,Smart-Prepaid,2022-02-28
MTR-002961,CUS-002961,TRF-00366,Smart,2019-09-18
MTR-002962,CUS-002962,TRF-00375,Smart,2021-10-19
MTR-002963,CUS-002963,TRF-00399,Smart,2025-06-09
MTR-002964,CUS-002964,TRF-00374,Smart,2023-12-03
MTR-002965,CUS-002965,TRF-00333,Smart,2023-04-30
MTR-002966,CUS-002966,TRF-00002,Smart,2021-05-02
MTR-002967,CUS-002967,TRF-00242,Smart,2023-01-02
MTR-002968,CUS-002968,TRF-00107,Smart-Prepaid,2019-05-03
MTR-002969,CUS-002969,TRF-00050,Smart,2025-07-07
MTR-002970,CUS-002970,TRF-00369,Smart,2024-05-06
MTR-002971,CUS-002971,TRF-00349,Smart,2025-02-22
MTR-002972,CUS-002972,TRF-00173,Smart,2025-11-29
MTR-002973,CUS-002973,TRF-00115,Smart,2025-11-30
MTR-002974,CUS-002974,TRF-00182,Smart,2026-05-19
MTR-002975,CUS-002975,TRF-00360,Smart-Prepaid,2023-01-31
MTR-002976,CUS-002976,TRF-00354,Smart-Prepaid,2025-12-27
MTR-002977,CUS-002977,TRF-00153,Smart-Prepaid,2019-02-19
MTR-002978,CUS-002978,TRF-00246,Smart,2024-10-06
MTR-002979,CUS-002979,TRF-00075,Smart-Prepaid,2018-10-14
MTR-002980,CUS-002980,TRF-00414,Smart,2026-01-08
MTR-002981,CUS-002981,TRF-00243,Smart,2023-12-13
MTR-002982,CUS-002982,TRF-00080,Smart,2020-09-08
MTR-002983,CUS-002983,TRF-00228,Smart,2026-04-16
MTR-002984,CUS-002984,TRF-00071,Smart-Prepaid,2020-03-05
MTR-002985,CUS-002985,TRF-00402,Smart,2022-03-14
MTR-002986,CUS-002986,TRF-00217,Smart,2019-04-24
MTR-002987,CUS-002987,TRF-00451,Smart,2019-08-28
MTR-002988,CUS-002988,TRF-00398,Smart-Prepaid,2025-12-24
MTR-002989,CUS-002989,TRF-00242,Smart-Prepaid,2021-06-09
MTR-002990,CUS-002990,TRF-00366,Smart,2025-12-22
MTR-002991,CUS-002991,TRF-00313,Smart,2020-03-17
MTR-002992,CUS-002992,TRF-00077,Smart-Prepaid,2025-11-09
MTR-002993,CUS-002993,TRF-00157,Smart,2021-10-13
MTR-002994,CUS-002994,TRF-00047,Smart,2022-04-22
MTR-002995,CUS-002995,TRF-00311,Smart,2025-12-12
MTR-002996,CUS-002996,TRF-00297,Smart,2022-04-13
MTR-002997,CUS-002997,TRF-00023,Smart,2020-03-24
MTR-002998,CUS-002998,TRF-00109,Smart,2026-06-29
MTR-002999,CUS-002999,TRF-00051,Smart,2025-10-16
