timestamp,region,temperature_c,humidity_pct,wind_speed_kmh,solar_irradiance_wm2,precipitation_mm
2026-07-11 17:12:44.169646,Islamabad,21.8,60.9,18.1,233.3,0.63
2026-07-11 18:12:44.169646,Islamabad,25.7,55.5,11.1,0.0,0.0
2026-07-11 19:12:44.169646,Islamabad,22.6,47.3,9.8,0.0,0.0
2026-07-11 20:12:44.169646,Islamabad,20.7,62.2,16.2,0.0,0.41
2026-07-11 21:12:44.169646,Islamabad,20.7,26.2,8.4,0.0,0.6
2026-07-11 22:12:44.169646,Islamabad,15.3,63.4,22.7,0.0,0.13
2026-07-11 23:12:44.169646,Islamabad,16.5,54.9,23.3,0.0,1.22
2026-07-12 00:12:44.169646,Islamabad,13.6,84.4,10.0,0.0,0.0
2026-07-12 01:12:44.169646,Islamabad,15.3,58.1,23.8,0.0,0.0
2026-07-12 02:12:44.169646,Islamabad,16.3,71.2,7.6,0.0,0.11
2026-07-12 03:12:44.169646,Islamabad,20.5,68.7,7.7,0.0,0.0
2026-07-12 04:12:44.169646,Islamabad,21.0,64.9,16.8,0.0,0.0
2026-07-12 05:12:44.169646,Islamabad,20.5,72.7,10.7,0.0,0.0
2026-07-12 06:12:44.169646,Islamabad,22.8,40.1,11.7,0.0,0.35
2026-07-12 07:12:44.169646,Islamabad,24.7,27.7,5.3,194.4,0.0
2026-07-12 08:12:44.169646,Islamabad,28.7,59.7,18.3,499.7,0.0
2026-07-12 09:12:44.169646,Islamabad,27.9,79.6,24.9,590.6,0.31
2026-07-12 10:12:44.169646,Islamabad,29.0,61.0,8.8,683.9,0.0
2026-07-12 11:12:44.169646,Islamabad,29.3,49.3,24.1,730.1,0.62
2026-07-12 12:12:44.169646,Islamabad,26.8,32.1,4.7,798.2,0.0
2026-07-12 13:12:44.169646,Islamabad,30.3,53.9,19.3,941.9,0.2
2026-07-12 14:12:44.169646,Islamabad,28.5,72.4,16.1,653.0,0.97
2026-07-12 15:12:44.169646,Islamabad,26.5,50.9,10.4,542.8,1.11
2026-07-12 16:12:44.169646,Islamabad,26.7,37.5,2.2,384.1,0.0
2026-07-12 17:12:44.169646,Islamabad,23.0,63.6,10.3,199.0,0.24
2026-07-12 18:12:44.169646,Islamabad,24.6,54.3,7.1,0.0,0.08
2026-07-12 19:12:44.169646,Islamabad,24.5,51.3,24.8,0.0,0.6
2026-07-12 20:12:44.169646,Islamabad,17.6,47.3,23.5,0.0,0.0
2026-07-12 21:12:44.169646,Islamabad,17.6,94.3,16.5,0.0,0.0
2026-07-12 22:12:44.169646,Islamabad,14.1,53.1,6.4,0.0,0.17
2026-07-12 23:12:44.169646,Islamabad,20.4,61.5,21.5,0.0,0.0
2026-07-13 00:12:44.169646,Islamabad,15.8,73.8,14.9,0.0,0.65
2026-07-13 01:12:44.169646,Islamabad,18.5,32.8,12.1,0.0,0.48
2026-07-13 02:12:44.169646,Islamabad,19.9,66.2,8.7,0.0,0.31
2026-07-13 03:12:44.169646,Islamabad,16.9,88.7,10.3,0.0,0.0
2026-07-13 04:12:44.169646,Islamabad,20.1,55.7,19.6,0.0,0.0
2026-07-13 05:12:44.169646,Islamabad,23.3,54.7,17.9,0.0,0.0
2026-07-13 06:12:44.169646,Islamabad,22.5,54.7,11.3,0.0,0.82
2026-07-13 07:12:44.169646,Islamabad,22.1,76.1,19.6,219.3,0.0
2026-07-13 08:12:44.169646,Islamabad,23.2,65.4,2.4,422.0,0.66
2026-07-13 09:12:44.169646,Islamabad,29.5,32.6,4.3,647.7,0.0
2026-07-13 10:12:44.169646,Islamabad,29.5,68.6,15.9,822.3,0.4
2026-07-13 11:12:44.169646,Islamabad,31.4,28.7,6.5,909.5,0.0
2026-07-13 12:12:44.169646,Islamabad,29.5,80.3,8.8,904.5,0.0
2026-07-13 13:12:44.169646,Islamabad,27.4,37.7,19.0,746.1,0.39
2026-07-13 14:12:44.169646,Islamabad,28.7,47.5,5.6,741.5,0.37
2026-07-13 15:12:44.169646,Islamabad,25.8,80.0,7.4,669.4,1.04
2026-07-13 16:12:44.169646,Islamabad,27.1,82.1,15.3,469.2,0.79
2026-07-13 17:12:44.169646,Islamabad,23.7,62.4,3.9,199.8,0.0
2026-07-13 18:12:44.169646,Islamabad,22.7,54.2,18.2,0.0,0.62
2026-07-13 19:12:44.169646,Islamabad,22.2,54.7,22.2,0.0,0.8
2026-07-13 20:12:44.169646,Islamabad,19.9,38.7,33.7,0.0,0.0
2026-07-13 21:12:44.169646,Islamabad,15.1,68.3,10.5,0.0,0.81
2026-07-13 22:12:44.169646,Islamabad,20.8,62.5,15.9,0.0,0.08
2026-07-13 23:12:44.169646,Islamabad,14.7,54.3,3.2,0.0,0.0
2026-07-14 00:12:44.169646,Islamabad,15.2,49.5,7.6,0.0,0.0
2026-07-14 01:12:44.169646,Islamabad,14.9,56.0,17.5,0.0,0.0
2026-07-14 02:12:44.169646,Islamabad,19.2,60.2,4.5,0.0,1.95
2026-07-14 03:12:44.169646,Islamabad,17.7,57.3,9.2,0.0,0.79
2026-07-14 04:12:44.169646,Islamabad,16.7,65.8,25.2,0.0,0.47
2026-07-14 05:12:44.169646,Islamabad,22.4,59.8,18.2,0.0,0.0
2026-07-14 06:12:44.169646,Islamabad,25.2,59.2,6.3,0.0,0.0
2026-07-14 07:12:44.169646,Islamabad,25.2,61.0,16.6,192.9,0.19
2026-07-14 08:12:44.169646,Islamabad,24.0,43.8,17.2,387.6,0.0
2026-07-14 09:12:44.169646,Islamabad,27.5,60.1,25.4,595.3,0.0
2026-07-14 10:12:44.169646,Islamabad,25.7,71.1,20.5,687.9,0.47
2026-07-14 11:12:44.169646,Islamabad,27.7,51.5,17.9,779.8,0.0
2026-07-14 12:12:44.169646,Islamabad,30.3,59.8,21.1,753.8,0.0
2026-07-14 13:12:44.169646,Islamabad,30.9,64.4,7.2,805.0,0.99
2026-07-14 14:12:44.169646,Islamabad,28.1,49.5,11.8,703.1,0.08
2026-07-14 15:12:44.169646,Islamabad,24.3,57.5,2.1,639.2,0.0
2026-07-14 16:12:44.169646,Islamabad,31.3,33.9,13.4,391.2,0.06
2026-07-14 17:12:44.169646,Islamabad,27.0,35.5,12.3,255.6,0.47
2026-07-14 18:12:44.169646,Islamabad,24.5,43.3,15.2,0.0,0.82
2026-07-14 19:12:44.169646,Islamabad,20.0,35.6,4.4,0.0,0.35
2026-07-14 20:12:44.169646,Islamabad,19.3,71.8,10.0,0.0,0.24
2026-07-14 21:12:44.169646,Islamabad,18.2,48.5,10.1,0.0,0.07
2026-07-14 22:12:44.169646,Islamabad,14.7,53.2,13.2,0.0,1.0
2026-07-14 23:12:44.169646,Islamabad,18.4,58.0,15.3,0.0,0.19
2026-07-15 00:12:44.169646,Islamabad,15.2,68.3,14.3,0.0,0.07
2026-07-15 01:12:44.169646,Islamabad,15.3,53.2,8.8,0.0,0.0
2026-07-15 02:12:44.169646,Islamabad,18.3,58.1,7.7,0.0,0.0
2026-07-15 03:12:44.169646,Islamabad,19.5,62.8,6.1,0.0,0.0
2026-07-15 04:12:44.169646,Islamabad,17.8,44.5,28.9,0.0,0.0
2026-07-15 05:12:44.169646,Islamabad,22.6,64.1,10.5,0.0,0.27
2026-07-15 06:12:44.169646,Islamabad,22.2,41.7,6.4,0.0,0.0
2026-07-15 07:12:44.169646,Islamabad,25.5,71.5,20.8,230.2,0.0
2026-07-15 08:12:44.169646,Islamabad,26.5,59.4,13.6,352.4,0.0
2026-07-15 09:12:44.169646,Islamabad,26.7,46.1,23.8,631.6,0.18
2026-07-15 10:12:44.169646,Islamabad,27.3,61.2,10.1,767.6,0.02
2026-07-15 11:12:44.169646,Islamabad,29.3,64.7,9.2,745.2,0.0
2026-07-15 12:12:44.169646,Islamabad,28.6,77.8,19.5,985.2,0.0
2026-07-15 13:12:44.169646,Islamabad,28.6,77.4,10.1,749.7,1.49
2026-07-15 14:12:44.169646,Islamabad,31.5,53.0,10.2,730.2,0.5
2026-07-15 15:12:44.169646,Islamabad,27.1,27.9,18.6,562.1,0.0
2026-07-15 16:12:44.169646,Islamabad,26.7,73.6,9.7,393.4,0.0
2026-07-15 17:12:44.169646,Islamabad,26.0,40.4,16.2,210.4,0.06
2026-07-15 18:12:44.169646,Islamabad,22.7,37.4,8.9,0.0,0.22
2026-07-15 19:12:44.169646,Islamabad,20.4,50.5,10.0,0.0,0.0
2026-07-15 20:12:44.169646,Islamabad,19.2,78.7,4.4,0.0,0.2
2026-07-15 21:12:44.169646,Islamabad,14.4,49.4,19.1,0.0,0.0
2026-07-15 22:12:44.169646,Islamabad,17.0,64.5,11.8,0.0,1.02
2026-07-15 23:12:44.169646,Islamabad,16.8,55.5,13.9,0.0,0.0
2026-07-16 00:12:44.169646,Islamabad,19.9,55.9,12.4,0.0,0.0
2026-07-16 01:12:44.169646,Islamabad,15.9,55.4,9.8,0.0,0.03
2026-07-16 02:12:44.169646,Islamabad,17.5,88.4,6.1,0.0,1.05
2026-07-16 03:12:44.169646,Islamabad,15.6,71.5,27.6,0.0,0.77
2026-07-16 04:12:44.169646,Islamabad,20.3,41.2,13.6,0.0,0.0
2026-07-16 05:12:44.169646,Islamabad,21.7,32.4,9.3,0.0,0.6
2026-07-16 06:12:44.169646,Islamabad,23.5,65.5,16.8,0.0,0.0
2026-07-16 07:12:44.169646,Islamabad,21.2,70.3,3.1,246.1,0.29
2026-07-16 08:12:44.169646,Islamabad,26.5,70.7,8.7,378.8,0.06
2026-07-16 09:12:44.169646,Islamabad,29.9,49.8,24.2,521.6,0.0
2026-07-16 10:12:44.169646,Islamabad,27.7,40.6,8.7,811.0,0.38
2026-07-16 11:12:44.169646,Islamabad,28.8,57.2,5.7,719.4,0.0
2026-07-16 12:12:44.169646,Islamabad,28.2,21.4,8.2,838.5,0.19
2026-07-16 13:12:44.169646,Islamabad,25.9,33.5,14.2,706.7,0.23
2026-07-16 14:12:44.169646,Islamabad,28.4,58.3,7.8,805.2,0.0
2026-07-16 15:12:44.169646,Islamabad,28.2,68.7,20.6,551.7,0.0
2026-07-16 16:12:44.169646,Islamabad,22.9,35.7,11.8,434.0,0.01
2026-07-16 17:12:44.169646,Islamabad,19.8,75.4,15.7,200.6,0.48
2026-07-16 18:12:44.169646,Islamabad,26.9,50.4,3.7,0.0,0.0
2026-07-16 19:12:44.169646,Islamabad,18.8,55.4,13.3,0.0,0.84
2026-07-16 20:12:44.169646,Islamabad,18.8,73.8,10.8,0.0,1.24
2026-07-16 21:12:44.169646,Islamabad,16.8,51.2,6.1,0.0,0.32
2026-07-16 22:12:44.169646,Islamabad,14.9,47.8,19.4,0.0,0.04
2026-07-16 23:12:44.169646,Islamabad,14.4,58.4,6.9,0.0,0.0
2026-07-17 00:12:44.169646,Islamabad,19.4,56.2,17.2,0.0,0.0
2026-07-17 01:12:44.169646,Islamabad,18.2,40.0,1.4,0.0,0.0
2026-07-17 02:12:44.169646,Islamabad,14.8,61.2,2.5,0.0,0.01
2026-07-17 03:12:44.169646,Islamabad,20.2,46.1,19.6,0.0,0.18
2026-07-17 04:12:44.169646,Islamabad,18.7,27.6,16.5,0.0,0.0
2026-07-17 05:12:44.169646,Islamabad,22.8,47.2,10.8,0.0,0.19
2026-07-17 06:12:44.169646,Islamabad,22.7,51.4,21.1,0.0,0.0
2026-07-17 07:12:44.169646,Islamabad,23.3,67.3,20.5,229.7,0.0
2026-07-17 08:12:44.169646,Islamabad,26.2,51.3,16.6,408.2,0.0
2026-07-17 09:12:44.169646,Islamabad,25.6,58.2,9.4,647.1,0.01
2026-07-17 10:12:44.169646,Islamabad,28.4,38.8,10.4,693.9,0.23
2026-07-17 11:12:44.169646,Islamabad,28.8,50.6,13.9,890.4,0.0
2026-07-17 12:12:44.169646,Islamabad,27.1,69.3,6.4,735.2,1.35
2026-07-17 13:12:44.169646,Islamabad,26.7,66.4,5.8,955.3,0.36
2026-07-17 14:12:44.169646,Islamabad,29.6,62.6,10.8,705.4,0.19
2026-07-17 15:12:44.169646,Islamabad,25.6,53.4,15.2,649.8,0.0
2026-07-17 16:12:44.169646,Islamabad,23.2,37.4,17.1,461.2,0.55
2026-07-17 17:12:44.169646,Islamabad,25.5,66.9,4.9,200.7,0.42
2026-07-17 18:12:44.169646,Islamabad,22.6,70.9,13.0,0.0,0.36
2026-07-17 19:12:44.169646,Islamabad,20.6,56.1,19.2,0.0,0.21
2026-07-17 20:12:44.169646,Islamabad,19.2,52.5,12.7,0.0,0.0
2026-07-17 21:12:44.169646,Islamabad,15.7,46.8,17.4,0.0,0.31
2026-07-17 22:12:44.169646,Islamabad,18.1,73.2,14.2,0.0,0.0
2026-07-17 23:12:44.169646,Islamabad,14.9,59.5,16.1,0.0,0.0
2026-07-18 00:12:44.169646,Islamabad,16.2,72.1,13.0,0.0,0.14
2026-07-18 01:12:44.169646,Islamabad,16.2,78.0,11.2,0.0,0.0
2026-07-18 02:12:44.169646,Islamabad,16.5,50.8,0.3,0.0,0.72
2026-07-18 03:12:44.169646,Islamabad,16.5,65.4,0.7,0.0,0.04
2026-07-18 04:12:44.169646,Islamabad,22.0,48.3,10.8,0.0,0.7
2026-07-18 05:12:44.169646,Islamabad,20.1,43.6,24.7,0.0,0.0
2026-07-18 06:12:44.169646,Islamabad,19.3,45.1,8.6,0.0,0.72
2026-07-18 07:12:44.169646,Islamabad,22.1,74.7,15.7,188.4,0.35
2026-07-18 08:12:44.169646,Islamabad,25.5,39.5,9.4,498.1,0.0
2026-07-18 09:12:44.169646,Islamabad,24.9,52.1,10.3,499.0,0.31
2026-07-18 10:12:44.169646,Islamabad,30.8,53.7,13.8,780.4,1.41
2026-07-18 11:12:44.169646,Islamabad,28.8,58.4,16.8,746.3,0.16
2026-07-18 12:12:44.169646,Islamabad,28.2,67.1,10.5,783.9,0.0
2026-07-18 13:12:44.169646,Islamabad,27.7,32.4,6.9,934.8,0.0
2026-07-18 14:12:44.169646,Islamabad,26.6,68.8,8.4,856.3,0.0
2026-07-18 15:12:44.169646,Islamabad,26.2,66.2,33.2,639.6,0.0
2026-07-18 16:12:44.169646,Islamabad,25.8,54.8,2.6,432.6,0.04
2026-07-18 17:12:44.169646,Islamabad,21.5,50.7,26.6,231.1,0.19
2026-07-18 18:12:44.169646,Islamabad,20.5,79.0,13.3,0.0,0.41
2026-07-18 19:12:44.169646,Islamabad,21.5,68.4,29.6,0.0,0.58
2026-07-18 20:12:44.169646,Islamabad,19.2,38.9,22.9,0.0,1.14
2026-07-18 21:12:44.169646,Islamabad,20.8,43.5,10.9,0.0,0.0
2026-07-18 22:12:44.169646,Islamabad,16.2,55.1,19.5,0.0,0.02
2026-07-18 23:12:44.169646,Islamabad,17.3,42.1,8.9,0.0,0.0
2026-07-19 00:12:44.169646,Islamabad,15.3,47.3,14.2,0.0,0.0
2026-07-19 01:12:44.169646,Islamabad,15.3,40.7,25.9,0.0,1.34
2026-07-19 02:12:44.169646,Islamabad,17.8,67.7,16.9,0.0,0.02
2026-07-19 03:12:44.169646,Islamabad,22.2,62.5,17.2,0.0,0.0
2026-07-19 04:12:44.169646,Islamabad,16.6,41.9,11.1,0.0,0.0
2026-07-19 05:12:44.169646,Islamabad,18.0,64.4,15.3,0.0,0.0
2026-07-19 06:12:44.169646,Islamabad,23.5,72.6,7.8,0.0,0.54
2026-07-19 07:12:44.169646,Islamabad,24.2,49.7,17.4,226.5,0.22
2026-07-19 08:12:44.169646,Islamabad,21.7,45.0,19.2,450.9,0.0
2026-07-19 09:12:44.169646,Islamabad,23.2,36.6,5.2,613.7,1.05
2026-07-19 10:12:44.169646,Islamabad,28.8,56.4,6.9,818.5,0.0
2026-07-19 11:12:44.169646,Islamabad,28.1,71.9,24.7,681.9,0.02
2026-07-19 12:12:44.169646,Islamabad,28.4,26.4,5.1,946.9,0.0
2026-07-19 13:12:44.169646,Islamabad,29.6,47.8,10.7,901.7,0.25
2026-07-19 14:12:44.169646,Islamabad,29.8,25.9,13.1,863.7,1.94
2026-07-19 15:12:44.169646,Islamabad,25.2,60.2,6.3,663.8,0.08
2026-07-19 16:12:44.169646,Islamabad,26.8,58.7,21.7,381.6,1.06
2026-07-19 17:12:44.169646,Islamabad,22.9,52.2,10.6,255.6,0.19
2026-07-19 18:12:44.169646,Islamabad,19.1,59.0,3.3,0.0,0.0
2026-07-19 19:12:44.169646,Islamabad,17.9,54.0,11.1,0.0,0.75
2026-07-19 20:12:44.169646,Islamabad,18.6,68.5,4.4,0.0,0.0
2026-07-19 21:12:44.169646,Islamabad,17.7,70.5,6.3,0.0,0.82
2026-07-19 22:12:44.169646,Islamabad,13.8,62.2,13.1,0.0,0.0
2026-07-19 23:12:44.169646,Islamabad,18.0,30.6,13.2,0.0,0.0
2026-07-20 00:12:44.169646,Islamabad,16.8,38.5,4.4,0.0,0.28
2026-07-20 01:12:44.169646,Islamabad,15.7,51.0,15.3,0.0,0.0
2026-07-20 02:12:44.169646,Islamabad,14.6,56.4,7.1,0.0,0.36
2026-07-20 03:12:44.169646,Islamabad,17.1,47.4,4.7,0.0,0.71
2026-07-20 04:12:44.169646,Islamabad,22.3,68.7,14.8,0.0,0.09
2026-07-20 05:12:44.169646,Islamabad,21.0,50.0,9.4,0.0,1.84
2026-07-20 06:12:44.169646,Islamabad,19.0,44.5,13.7,0.0,0.34
2026-07-20 07:12:44.169646,Islamabad,25.3,51.7,11.4,252.4,0.0
2026-07-20 08:12:44.169646,Islamabad,25.7,57.0,26.3,443.4,0.0
2026-07-20 09:12:44.169646,Islamabad,25.9,21.3,8.9,633.5,0.99
2026-07-20 10:12:44.169646,Islamabad,30.2,54.8,15.2,638.2,0.08
2026-07-20 11:12:44.169646,Islamabad,26.7,80.1,6.3,877.1,0.0
2026-07-20 12:12:44.169646,Islamabad,27.3,65.1,3.3,995.7,0.04
2026-07-20 13:12:44.169646,Islamabad,29.5,42.4,15.7,934.0,0.7
2026-07-20 14:12:44.169646,Islamabad,27.4,46.6,6.9,788.1,0.45
2026-07-20 15:12:44.169646,Islamabad,24.5,37.9,6.2,601.0,1.24
2026-07-20 16:12:44.169646,Islamabad,25.8,45.6,13.9,401.2,0.0
2026-07-20 17:12:44.169646,Islamabad,22.9,33.9,18.4,233.8,0.0
2026-07-20 18:12:44.169646,Islamabad,22.8,44.3,7.8,0.0,0.0
2026-07-20 19:12:44.169646,Islamabad,21.2,78.1,25.2,0.0,0.5
2026-07-20 20:12:44.169646,Islamabad,19.6,69.7,19.4,0.0,0.0
2026-07-20 21:12:44.169646,Islamabad,16.8,58.6,21.3,0.0,0.0
2026-07-20 22:12:44.169646,Islamabad,18.5,32.8,13.8,0.0,0.09
2026-07-20 23:12:44.169646,Islamabad,15.4,53.1,20.7,0.0,0.79
2026-07-21 00:12:44.169646,Islamabad,18.2,56.0,16.5,0.0,0.05
2026-07-21 01:12:44.169646,Islamabad,13.2,43.2,8.2,0.0,0.11
2026-07-21 02:12:44.169646,Islamabad,15.8,49.3,1.5,0.0,0.18
2026-07-21 03:12:44.169646,Islamabad,19.4,65.4,11.0,0.0,0.0
2026-07-21 04:12:44.169646,Islamabad,17.3,51.8,15.0,0.0,0.0
2026-07-21 05:12:44.169646,Islamabad,18.8,63.8,7.6,0.0,1.28
2026-07-21 06:12:44.169646,Islamabad,21.7,40.4,4.6,0.0,0.2
2026-07-21 07:12:44.169646,Islamabad,20.9,62.5,16.5,248.9,0.0
2026-07-21 08:12:44.169646,Islamabad,26.4,42.8,6.0,460.0,0.0
2026-07-21 09:12:44.169646,Islamabad,24.5,40.5,29.0,556.0,0.39
2026-07-21 10:12:44.169646,Islamabad,25.5,68.6,3.7,606.4,0.1
2026-07-21 11:12:44.169646,Islamabad,25.7,45.8,21.7,690.5,0.16
2026-07-21 12:12:44.169646,Islamabad,28.2,49.3,8.8,926.7,0.0
2026-07-21 13:12:44.169646,Islamabad,26.4,70.3,3.2,921.7,0.05
2026-07-21 14:12:44.169646,Islamabad,28.0,40.1,10.9,865.3,0.0
2026-07-21 15:12:44.169646,Islamabad,27.3,50.2,7.7,657.4,1.24
2026-07-21 16:12:44.169646,Islamabad,22.5,61.1,11.6,435.8,0.56
2026-07-21 17:12:44.169646,Islamabad,24.9,49.7,15.9,244.2,0.0
2026-07-21 18:12:44.169646,Islamabad,21.8,62.1,7.4,0.0,1.75
2026-07-21 19:12:44.169646,Islamabad,19.5,33.9,4.8,0.0,0.0
2026-07-21 20:12:44.169646,Islamabad,16.2,71.7,26.4,0.0,0.37
2026-07-21 21:12:44.169646,Islamabad,15.8,67.1,35.8,0.0,0.0
2026-07-21 22:12:44.169646,Islamabad,18.3,61.8,6.6,0.0,0.17
2026-07-21 23:12:44.169646,Islamabad,13.2,45.1,1.6,0.0,0.73
2026-07-22 00:12:44.169646,Islamabad,18.8,75.6,19.9,0.0,0.06
2026-07-22 01:12:44.169646,Islamabad,13.9,49.5,13.8,0.0,0.1
2026-07-22 02:12:44.169646,Islamabad,17.9,31.2,11.4,0.0,0.52
2026-07-22 03:12:44.169646,Islamabad,18.7,56.5,12.8,0.0,0.79
2026-07-22 04:12:44.169646,Islamabad,24.0,69.5,10.1,0.0,0.0
2026-07-22 05:12:44.169646,Islamabad,16.7,63.9,11.3,0.0,0.07
2026-07-22 06:12:44.169646,Islamabad,24.0,60.3,15.9,0.0,0.6
2026-07-22 07:12:44.169646,Islamabad,22.1,65.0,14.3,208.4,0.78
2026-07-22 08:12:44.169646,Islamabad,25.3,75.4,11.4,497.6,0.62
2026-07-22 09:12:44.169646,Islamabad,25.8,59.7,11.8,536.5,0.66
2026-07-22 10:12:44.169646,Islamabad,25.8,69.5,12.7,618.5,0.02
2026-07-22 11:12:44.169646,Islamabad,29.1,34.9,21.1,705.6,0.37
2026-07-22 12:12:44.169646,Islamabad,30.7,34.7,30.8,756.2,0.5
2026-07-22 13:12:44.169646,Islamabad,26.4,61.2,14.1,681.3,0.0
2026-07-22 14:12:44.169646,Islamabad,25.9,76.0,4.1,694.2,2.47
2026-07-22 15:12:44.169646,Islamabad,23.7,30.9,24.8,557.9,0.34
2026-07-22 16:12:44.169646,Islamabad,26.2,70.7,16.1,479.9,0.0
2026-07-22 17:12:44.169646,Islamabad,23.5,87.9,12.7,257.4,0.0
2026-07-22 18:12:44.169646,Islamabad,22.3,52.0,17.1,0.0,0.0
2026-07-22 19:12:44.169646,Islamabad,20.0,48.5,42.5,0.0,0.72
2026-07-22 20:12:44.169646,Islamabad,18.9,64.3,21.0,0.0,0.0
2026-07-22 21:12:44.169646,Islamabad,18.7,41.8,15.6,0.0,0.0
2026-07-22 22:12:44.169646,Islamabad,15.2,39.3,17.8,0.0,0.0
2026-07-22 23:12:44.169646,Islamabad,19.2,40.5,6.5,0.0,0.0
2026-07-23 00:12:44.169646,Islamabad,12.3,43.2,15.4,0.0,1.45
2026-07-23 01:12:44.169646,Islamabad,19.4,43.5,20.7,0.0,0.13
2026-07-23 02:12:44.169646,Islamabad,14.9,65.6,13.8,0.0,0.0
2026-07-23 03:12:44.169646,Islamabad,19.1,44.8,17.2,0.0,0.22
2026-07-23 04:12:44.169646,Islamabad,15.8,46.0,12.8,0.0,0.55
2026-07-23 05:12:44.169646,Islamabad,20.7,56.1,1.9,0.0,2.9
2026-07-23 06:12:44.169646,Islamabad,23.2,62.7,12.6,0.0,0.5
2026-07-23 07:12:44.169646,Islamabad,21.4,72.6,15.6,206.4,1.06
2026-07-23 08:12:44.169646,Islamabad,20.4,42.7,16.1,484.2,0.0
2026-07-23 09:12:44.169646,Islamabad,25.8,52.3,4.1,569.8,0.17
2026-07-23 10:12:44.169646,Islamabad,24.3,36.0,16.9,730.7,0.0
2026-07-23 11:12:44.169646,Islamabad,26.9,43.2,16.4,692.1,1.3
2026-07-23 12:12:44.169646,Islamabad,24.9,68.4,7.7,754.5,0.0
2026-07-23 13:12:44.169646,Islamabad,25.9,50.6,22.1,935.7,0.18
2026-07-23 14:12:44.169646,Islamabad,25.1,27.4,6.4,698.2,0.0
2026-07-23 15:12:44.169646,Islamabad,24.9,69.4,12.3,541.3,0.0
2026-07-23 16:12:44.169646,Islamabad,21.5,63.7,14.6,439.7,0.53
2026-07-23 17:12:44.169646,Islamabad,22.5,31.8,17.1,255.9,1.55
2026-07-23 18:12:44.169646,Islamabad,21.7,65.2,17.8,0.0,0.3
2026-07-23 19:12:44.169646,Islamabad,23.2,66.2,14.6,0.0,0.07
2026-07-23 20:12:44.169646,Islamabad,17.3,53.5,21.3,0.0,0.7
2026-07-23 21:12:44.169646,Islamabad,14.1,64.4,2.5,0.0,0.0
2026-07-23 22:12:44.169646,Islamabad,15.8,45.7,6.9,0.0,0.0
2026-07-23 23:12:44.169646,Islamabad,15.2,33.4,32.7,0.0,1.04
2026-07-24 00:12:44.169646,Islamabad,12.5,38.4,7.9,0.0,0.0
2026-07-24 01:12:44.169646,Islamabad,11.3,47.3,17.5,0.0,0.0
2026-07-24 02:12:44.169646,Islamabad,14.2,70.1,14.2,0.0,0.21
2026-07-24 03:12:44.169646,Islamabad,15.0,62.8,8.6,0.0,0.0
2026-07-24 04:12:44.169646,Islamabad,16.7,57.0,12.8,0.0,0.0
2026-07-24 05:12:44.169646,Islamabad,22.2,38.5,10.9,0.0,0.0
2026-07-24 06:12:44.169646,Islamabad,24.1,65.3,8.9,0.0,0.21
2026-07-24 07:12:44.169646,Islamabad,24.2,59.0,9.3,217.0,0.25
2026-07-24 08:12:44.169646,Islamabad,24.1,50.7,7.6,388.7,0.0
2026-07-24 09:12:44.169646,Islamabad,24.4,53.0,13.2,647.5,0.34
2026-07-24 10:12:44.169646,Islamabad,27.9,58.9,6.5,642.7,0.0
2026-07-24 11:12:44.169646,Islamabad,28.6,54.8,21.5,939.0,0.0
2026-07-24 12:12:44.169646,Islamabad,25.7,76.8,7.4,979.4,0.0
2026-07-24 13:12:44.169646,Islamabad,28.0,66.6,6.2,914.2,0.78
2026-07-24 14:12:44.169646,Islamabad,28.7,74.9,18.0,757.6,0.0
2026-07-24 15:12:44.169646,Islamabad,25.7,38.6,6.1,653.7,0.0
2026-07-24 16:12:44.169646,Islamabad,22.1,68.8,22.3,375.5,0.0
2026-07-24 17:12:44.169646,Islamabad,21.0,26.8,10.0,218.1,0.92
2026-07-24 18:12:44.169646,Islamabad,18.8,75.8,12.5,0.0,0.0
2026-07-24 19:12:44.169646,Islamabad,21.7,65.8,19.9,0.0,0.0
2026-07-24 20:12:44.169646,Islamabad,16.5,56.1,19.2,0.0,0.03
2026-07-24 21:12:44.169646,Islamabad,18.0,43.4,9.5,0.0,0.0
2026-07-24 22:12:44.169646,Islamabad,12.9,51.5,26.0,0.0,0.0
2026-07-24 23:12:44.169646,Islamabad,16.7,56.5,10.6,0.0,0.0
2026-07-25 00:12:44.169646,Islamabad,13.9,64.8,9.5,0.0,0.93
2026-07-25 01:12:44.169646,Islamabad,20.0,78.4,15.3,0.0,0.42
2026-07-25 02:12:44.169646,Islamabad,16.8,60.8,11.0,0.0,0.0
2026-07-25 03:12:44.169646,Islamabad,16.4,56.9,25.5,0.0,0.0
2026-07-25 04:12:44.169646,Islamabad,13.9,62.6,2.6,0.0,0.23
2026-07-25 05:12:44.169646,Islamabad,21.4,39.3,21.5,0.0,0.0
2026-07-25 06:12:44.169646,Islamabad,19.4,24.9,5.9,0.0,0.01
2026-07-25 07:12:44.169646,Islamabad,20.9,50.5,7.1,244.4,0.4
2026-07-25 08:12:44.169646,Islamabad,20.0,15.9,3.2,446.8,0.0
2026-07-25 09:12:44.169646,Islamabad,23.6,28.6,15.9,586.2,0.0
2026-07-25 10:12:44.169646,Islamabad,27.0,51.6,32.7,607.6,0.0
2026-07-25 11:12:44.169646,Islamabad,26.2,47.8,12.8,803.3,0.0
2026-07-25 12:12:44.169646,Islamabad,27.6,52.5,18.0,817.0,0.0
2026-07-25 13:12:44.169646,Islamabad,27.0,44.2,22.7,914.4,0.1
2026-07-25 14:12:44.169646,Islamabad,25.0,50.1,8.6,779.7,0.63
2026-07-25 15:12:44.169646,Islamabad,27.4,59.5,18.2,615.2,0.0
2026-07-25 16:12:44.169646,Islamabad,23.3,55.0,13.1,441.2,0.4
2026-07-25 17:12:44.169646,Islamabad,24.2,76.1,22.9,185.6,0.0
2026-07-25 18:12:44.169646,Islamabad,20.9,76.1,11.9,0.0,0.22
2026-07-25 19:12:44.169646,Islamabad,22.2,43.8,8.1,0.0,0.34
2026-07-25 20:12:44.169646,Islamabad,19.3,42.2,8.8,0.0,0.0
2026-07-25 21:12:44.169646,Islamabad,17.8,62.4,16.3,0.0,0.99
2026-07-25 22:12:44.169646,Islamabad,14.9,44.2,8.9,0.0,0.0
2026-07-25 23:12:44.169646,Islamabad,17.7,39.1,8.4,0.0,0.0
2026-07-26 00:12:44.169646,Islamabad,12.3,59.6,10.1,0.0,0.0
2026-07-26 01:12:44.169646,Islamabad,14.9,59.3,20.7,0.0,0.08
2026-07-26 02:12:44.169646,Islamabad,14.4,46.1,16.3,0.0,1.37
2026-07-26 03:12:44.169646,Islamabad,16.5,53.9,10.5,0.0,0.0
2026-07-26 04:12:44.169646,Islamabad,17.6,75.8,3.8,0.0,0.97
2026-07-26 05:12:44.169646,Islamabad,22.3,38.2,15.7,0.0,0.0
2026-07-26 06:12:44.169646,Islamabad,21.5,40.4,0.4,0.0,0.0
2026-07-26 07:12:44.169646,Islamabad,20.7,63.9,15.6,247.2,0.0
2026-07-26 08:12:44.169646,Islamabad,23.3,66.4,18.7,454.8,0.0
2026-07-26 09:12:44.169646,Islamabad,25.4,21.6,8.8,618.6,2.14
2026-07-26 10:12:44.169646,Islamabad,24.3,69.1,11.3,772.6,0.68
2026-07-26 11:12:44.169646,Islamabad,24.7,46.6,30.6,689.5,0.0
2026-07-26 12:12:44.169646,Islamabad,26.8,32.1,7.7,787.5,0.18
2026-07-26 13:12:44.169646,Islamabad,26.7,42.9,13.1,788.4,0.0
2026-07-26 14:12:44.169646,Islamabad,24.5,57.0,7.8,703.9,0.0
2026-07-26 15:12:44.169646,Islamabad,28.5,35.7,11.0,628.4,0.0
2026-07-26 16:12:44.169646,Islamabad,24.8,56.2,4.0,377.8,0.0
2026-07-26 17:12:44.169646,Islamabad,19.1,43.6,12.4,246.0,0.0
2026-07-26 18:12:44.169646,Islamabad,20.2,47.4,17.7,0.0,0.0
2026-07-26 19:12:44.169646,Islamabad,21.2,66.8,7.8,0.0,0.07
2026-07-26 20:12:44.169646,Islamabad,20.1,55.9,2.4,0.0,0.0
2026-07-26 21:12:44.169646,Islamabad,16.0,61.7,5.8,0.0,0.13
2026-07-26 22:12:44.169646,Islamabad,15.1,26.4,19.6,0.0,0.07
2026-07-26 23:12:44.169646,Islamabad,11.5,56.9,18.8,0.0,0.37
2026-07-27 00:12:44.169646,Islamabad,13.3,38.5,18.7,0.0,0.0
2026-07-27 01:12:44.169646,Islamabad,11.5,36.8,6.3,0.0,0.0
2026-07-27 02:12:44.169646,Islamabad,15.5,76.2,11.7,0.0,0.0
2026-07-27 03:12:44.169646,Islamabad,16.5,50.0,10.9,0.0,0.0
2026-07-27 04:12:44.169646,Islamabad,16.5,64.5,8.0,0.0,0.12
2026-07-27 05:12:44.169646,Islamabad,18.4,47.5,13.0,0.0,0.28
2026-07-27 06:12:44.169646,Islamabad,18.6,43.3,6.3,0.0,0.27
2026-07-27 07:12:44.169646,Islamabad,20.4,40.7,7.7,218.7,2.17
2026-07-27 08:12:44.169646,Islamabad,23.6,46.3,11.9,432.3,0.07
2026-07-27 09:12:44.169646,Islamabad,26.0,27.1,10.9,495.0,0.0
2026-07-27 10:12:44.169646,Islamabad,24.0,65.8,9.2,800.8,1.0
2026-07-27 11:12:44.169646,Islamabad,29.0,52.1,29.2,858.2,0.38
2026-07-27 12:12:44.169646,Islamabad,24.9,68.6,8.8,851.5,0.0
2026-07-27 13:12:44.169646,Islamabad,24.6,66.7,8.7,791.3,0.0
2026-07-27 14:12:44.169646,Islamabad,25.6,47.1,13.2,627.5,0.0
2026-07-27 15:12:44.169646,Islamabad,22.8,41.9,23.0,517.1,0.14
2026-07-27 16:12:44.169646,Islamabad,25.5,58.6,19.9,486.6,0.44
2026-07-27 17:12:44.169646,Islamabad,22.8,53.9,10.2,236.2,0.0
2026-07-27 18:12:44.169646,Islamabad,18.7,76.0,6.0,0.0,0.89
2026-07-27 19:12:44.169646,Islamabad,17.6,48.0,21.0,0.0,0.0
2026-07-27 20:12:44.169646,Islamabad,16.8,67.2,24.7,0.0,0.0
2026-07-27 21:12:44.169646,Islamabad,15.0,53.5,9.5,0.0,0.0
2026-07-27 22:12:44.169646,Islamabad,16.2,56.0,6.5,0.0,0.0
2026-07-27 23:12:44.169646,Islamabad,12.6,59.8,16.7,0.0,0.0
2026-07-28 00:12:44.169646,Islamabad,14.9,62.4,10.1,0.0,0.34
2026-07-28 01:12:44.169646,Islamabad,15.6,62.1,8.3,0.0,0.0
2026-07-28 02:12:44.169646,Islamabad,11.0,40.9,9.2,0.0,0.4
2026-07-28 03:12:44.169646,Islamabad,18.2,43.1,28.0,0.0,0.06
2026-07-28 04:12:44.169646,Islamabad,19.6,47.7,4.0,0.0,0.0
2026-07-28 05:12:44.169646,Islamabad,17.7,24.9,19.0,0.0,1.0
2026-07-28 06:12:44.169646,Islamabad,19.7,100.0,11.6,0.0,0.99
2026-07-28 07:12:44.169646,Islamabad,19.5,47.8,12.8,207.4,0.16
2026-07-28 08:12:44.169646,Islamabad,26.7,49.0,15.7,437.7,0.69
2026-07-28 09:12:44.169646,Islamabad,24.2,60.7,16.8,627.2,0.0
2026-07-28 10:12:44.169646,Islamabad,25.1,60.6,6.3,813.9,0.38
2026-07-28 11:12:44.169646,Islamabad,25.7,39.6,8.4,717.7,1.78
2026-07-28 12:12:44.169646,Islamabad,26.2,41.5,4.7,903.1,0.0
2026-07-28 13:12:44.169646,Islamabad,27.2,40.8,19.8,939.7,1.74
2026-07-28 14:12:44.169646,Islamabad,26.8,56.3,11.1,685.4,0.0
2026-07-28 15:12:44.169646,Islamabad,22.9,35.5,15.6,699.6,0.09
2026-07-28 16:12:44.169646,Islamabad,23.0,40.5,18.0,355.4,0.0
2026-07-28 17:12:44.169646,Islamabad,25.4,66.6,15.0,209.6,0.42
2026-07-28 18:12:44.169646,Islamabad,21.4,36.7,10.0,0.0,0.0
2026-07-28 19:12:44.169646,Islamabad,19.7,52.5,10.0,0.0,0.0
2026-07-28 20:12:44.169646,Islamabad,17.6,38.7,9.8,0.0,0.62
2026-07-28 21:12:44.169646,Islamabad,16.2,70.5,22.2,0.0,0.0
2026-07-28 22:12:44.169646,Islamabad,13.3,61.5,3.5,0.0,0.0
2026-07-28 23:12:44.169646,Islamabad,16.5,42.6,6.5,0.0,0.0
2026-07-29 00:12:44.169646,Islamabad,14.9,62.1,12.0,0.0,0.0
2026-07-29 01:12:44.169646,Islamabad,17.8,70.8,10.7,0.0,0.91
2026-07-29 02:12:44.169646,Islamabad,19.5,70.4,31.2,0.0,0.14
2026-07-29 03:12:44.169646,Islamabad,15.3,60.9,19.3,0.0,0.42
2026-07-29 04:12:44.169646,Islamabad,17.1,32.9,23.4,0.0,0.21
2026-07-29 05:12:44.169646,Islamabad,16.9,53.6,9.9,0.0,0.25
2026-07-29 06:12:44.169646,Islamabad,19.9,77.3,15.0,0.0,0.97
2026-07-29 07:12:44.169646,Islamabad,23.6,54.9,22.1,208.7,0.47
2026-07-29 08:12:44.169646,Islamabad,24.8,50.6,6.3,450.5,0.0
2026-07-29 09:12:44.169646,Islamabad,27.1,46.4,13.0,626.1,0.0
2026-07-29 10:12:44.169646,Islamabad,23.3,51.7,32.9,724.3,0.76
2026-07-29 11:12:44.169646,Islamabad,27.9,30.0,5.6,821.6,1.99
2026-07-29 12:12:44.169646,Islamabad,26.9,13.8,6.9,894.3,0.0
2026-07-29 13:12:44.169646,Islamabad,25.3,36.8,24.2,734.0,0.33
2026-07-29 14:12:44.169646,Islamabad,23.6,67.1,6.8,766.1,0.0
2026-07-29 15:12:44.169646,Islamabad,27.4,77.0,9.9,528.2,0.0
2026-07-29 16:12:44.169646,Islamabad,24.8,62.2,4.8,421.5,0.35
2026-07-29 17:12:44.169646,Islamabad,20.7,33.5,23.0,235.8,0.03
2026-07-29 18:12:44.169646,Islamabad,20.5,63.4,12.8,0.0,0.69
2026-07-29 19:12:44.169646,Islamabad,22.2,58.8,13.4,0.0,0.09
2026-07-29 20:12:44.169646,Islamabad,15.6,45.3,8.6,0.0,0.0
2026-07-29 21:12:44.169646,Islamabad,17.1,61.5,6.3,0.0,0.1
2026-07-29 22:12:44.169646,Islamabad,18.4,26.8,15.3,0.0,0.0
2026-07-29 23:12:44.169646,Islamabad,15.3,45.8,2.8,0.0,0.0
2026-07-30 00:12:44.169646,Islamabad,14.4,56.9,9.4,0.0,0.25
2026-07-30 01:12:44.169646,Islamabad,15.1,71.2,12.1,0.0,0.0
2026-07-30 02:12:44.169646,Islamabad,15.0,30.8,21.2,0.0,0.51
2026-07-30 03:12:44.169646,Islamabad,19.0,54.7,18.1,0.0,0.13
2026-07-30 04:12:44.169646,Islamabad,16.0,37.3,6.3,0.0,0.0
2026-07-30 05:12:44.169646,Islamabad,19.0,52.0,2.8,0.0,0.0
2026-07-30 06:12:44.169646,Islamabad,18.6,69.0,12.5,0.0,0.19
2026-07-30 07:12:44.169646,Islamabad,24.3,17.3,9.5,257.9,0.0
2026-07-30 08:12:44.169646,Islamabad,25.8,15.0,19.2,362.8,0.0
2026-07-30 09:12:44.169646,Islamabad,28.1,40.5,31.0,659.0,0.0
2026-07-30 10:12:44.169646,Islamabad,23.5,47.9,13.4,835.1,0.66
2026-07-30 11:12:44.169646,Islamabad,26.1,59.7,10.0,710.4,0.0
2026-07-30 12:12:44.169646,Islamabad,24.5,58.1,8.2,702.3,0.1
2026-07-30 13:12:44.169646,Islamabad,26.5,44.7,28.0,870.9,0.85
2026-07-30 14:12:44.169646,Islamabad,28.3,59.7,14.1,700.7,0.0
2026-07-30 15:12:44.169646,Islamabad,27.0,41.7,10.4,557.9,0.0
2026-07-30 16:12:44.169646,Islamabad,23.0,57.1,22.2,407.2,0.0
2026-07-30 17:12:44.169646,Islamabad,25.5,40.4,13.5,258.1,0.0
2026-07-30 18:12:44.169646,Islamabad,21.4,49.4,17.5,0.0,0.0
2026-07-30 19:12:44.169646,Islamabad,17.2,66.3,11.1,0.0,0.0
2026-07-30 20:12:44.169646,Islamabad,15.7,38.4,9.4,0.0,1.25
2026-07-30 21:12:44.169646,Islamabad,11.5,84.9,12.5,0.0,2.48
2026-07-30 22:12:44.169646,Islamabad,17.7,69.8,9.2,0.0,0.02
2026-07-30 23:12:44.169646,Islamabad,15.6,40.6,9.7,0.0,0.39
2026-07-31 00:12:44.169646,Islamabad,13.2,34.9,12.0,0.0,0.0
2026-07-31 01:12:44.169646,Islamabad,13.9,47.9,13.3,0.0,0.23
2026-07-31 02:12:44.169646,Islamabad,15.0,13.6,13.3,0.0,0.06
2026-07-31 03:12:44.169646,Islamabad,15.5,42.8,7.2,0.0,0.08
2026-07-31 04:12:44.169646,Islamabad,18.1,77.5,7.5,0.0,0.0
2026-07-31 05:12:44.169646,Islamabad,18.4,47.5,11.3,0.0,0.0
2026-07-31 06:12:44.169646,Islamabad,19.0,75.5,15.2,0.0,0.16
2026-07-31 07:12:44.169646,Islamabad,22.0,50.5,31.1,208.6,0.0
2026-07-31 08:12:44.169646,Islamabad,23.8,36.3,9.7,391.9,0.97
2026-07-31 09:12:44.169646,Islamabad,24.4,48.2,9.8,566.0,0.0
2026-07-31 10:12:44.169646,Islamabad,25.4,52.2,10.6,794.3,0.0
2026-07-31 11:12:44.169646,Islamabad,23.8,49.7,7.4,894.6,0.0
2026-07-31 12:12:44.169646,Islamabad,26.8,58.4,14.2,715.5,0.0
2026-07-31 13:12:44.169646,Islamabad,26.4,47.0,15.2,853.6,0.54
2026-07-31 14:12:44.169646,Islamabad,27.3,37.3,6.5,799.3,1.27
2026-07-31 15:12:44.169646,Islamabad,26.9,40.8,12.6,654.9,0.0
2026-07-31 16:12:44.169646,Islamabad,21.3,43.3,8.3,427.8,0.1
2026-07-31 17:12:44.169646,Islamabad,24.2,30.7,2.5,241.2,0.0
2026-07-31 18:12:44.169646,Islamabad,20.2,78.0,15.2,0.0,1.4
2026-07-31 19:12:44.169646,Islamabad,19.3,65.4,12.7,0.0,0.0
2026-07-31 20:12:44.169646,Islamabad,14.4,36.0,24.0,0.0,0.0
2026-07-31 21:12:44.169646,Islamabad,13.7,25.4,10.9,0.0,0.0
2026-07-31 22:12:44.169646,Islamabad,14.9,28.5,17.9,0.0,0.12
2026-07-31 23:12:44.169646,Islamabad,17.5,38.6,15.7,0.0,0.0
2026-08-01 00:12:44.169646,Islamabad,14.1,53.9,13.0,0.0,0.0
2026-08-01 01:12:44.169646,Islamabad,15.9,43.4,15.4,0.0,1.15
2026-08-01 02:12:44.169646,Islamabad,13.5,54.2,16.5,0.0,0.0
2026-08-01 03:12:44.169646,Islamabad,13.7,46.0,9.1,0.0,0.58
2026-08-01 04:12:44.169646,Islamabad,15.1,57.8,14.1,0.0,0.2
2026-08-01 05:12:44.169646,Islamabad,19.7,69.9,16.2,0.0,0.98
2026-08-01 06:12:44.169646,Islamabad,21.8,60.2,10.1,0.0,0.56
2026-08-01 07:12:44.169646,Islamabad,21.4,56.2,6.5,230.2,0.0
2026-08-01 08:12:44.169646,Islamabad,23.5,60.2,19.3,435.6,0.0
2026-08-01 09:12:44.169646,Islamabad,23.1,46.0,22.3,659.6,0.11
2026-08-01 10:12:44.169646,Islamabad,29.2,72.3,4.6,826.9,0.0
2026-08-01 11:12:44.169646,Islamabad,26.8,50.5,10.0,950.0,0.99
2026-08-01 12:12:44.169646,Islamabad,23.0,93.9,13.3,949.8,0.0
2026-08-01 13:12:44.169646,Islamabad,24.5,57.9,14.8,889.7,0.01
2026-08-01 14:12:44.169646,Islamabad,25.9,31.3,2.0,825.2,0.0
2026-08-01 15:12:44.169646,Islamabad,29.7,71.5,10.9,513.3,0.07
2026-08-01 16:12:44.169646,Islamabad,26.4,45.1,11.8,465.7,0.0
2026-08-01 17:12:44.169646,Islamabad,22.5,81.8,12.2,248.8,0.13
2026-08-01 18:12:44.169646,Islamabad,23.3,46.2,0.5,0.0,0.0
2026-08-01 19:12:44.169646,Islamabad,17.8,39.0,9.3,0.0,0.0
2026-08-01 20:12:44.169646,Islamabad,17.7,45.9,17.8,0.0,0.0
2026-08-01 21:12:44.169646,Islamabad,9.3,48.6,9.9,0.0,0.0
2026-08-01 22:12:44.169646,Islamabad,15.3,51.9,20.1,0.0,0.0
2026-08-01 23:12:44.169646,Islamabad,14.2,82.1,4.5,0.0,0.56
2026-08-02 00:12:44.169646,Islamabad,15.3,40.5,13.0,0.0,0.29
2026-08-02 01:12:44.169646,Islamabad,17.8,51.0,2.7,0.0,0.0
2026-08-02 02:12:44.169646,Islamabad,15.2,61.5,19.9,0.0,0.0
2026-08-02 03:12:44.169646,Islamabad,19.5,20.6,7.9,0.0,0.36
2026-08-02 04:12:44.169646,Islamabad,11.7,62.8,20.0,0.0,0.4
2026-08-02 05:12:44.169646,Islamabad,19.0,68.1,22.0,0.0,0.0
2026-08-02 06:12:44.169646,Islamabad,18.6,59.0,14.9,0.0,0.0
2026-08-02 07:12:44.169646,Islamabad,19.3,59.5,6.1,192.2,0.03
2026-08-02 08:12:44.169646,Islamabad,24.4,33.1,28.0,440.2,0.0
2026-08-02 09:12:44.169646,Islamabad,23.5,70.0,9.8,577.1,0.0
2026-08-02 10:12:44.169646,Islamabad,28.0,53.3,27.2,833.7,0.47
2026-08-02 11:12:44.169646,Islamabad,25.5,90.5,17.4,929.7,0.0
2026-08-02 12:12:44.169646,Islamabad,24.5,82.2,22.7,878.7,0.23
2026-08-02 13:12:44.169646,Islamabad,27.6,50.3,16.3,742.8,0.02
2026-08-02 14:12:44.169646,Islamabad,23.7,62.6,7.9,668.3,0.1
2026-08-02 15:12:44.169646,Islamabad,25.9,46.0,15.6,568.5,1.18
2026-08-02 16:12:44.169646,Islamabad,20.0,63.8,1.7,474.6,0.0
2026-08-02 17:12:44.169646,Islamabad,18.9,48.1,13.6,228.1,0.0
2026-08-02 18:12:44.169646,Islamabad,18.7,28.8,7.5,0.0,0.0
2026-08-02 19:12:44.169646,Islamabad,21.6,72.2,8.9,0.0,1.17
2026-08-02 20:12:44.169646,Islamabad,18.6,40.0,4.4,0.0,0.25
2026-08-02 21:12:44.169646,Islamabad,20.3,34.6,6.8,0.0,0.0
2026-08-02 22:12:44.169646,Islamabad,16.1,66.2,7.8,0.0,0.0
2026-08-02 23:12:44.169646,Islamabad,13.3,44.5,17.9,0.0,0.06
2026-08-03 00:12:44.169646,Islamabad,15.0,66.4,14.1,0.0,0.05
2026-08-03 01:12:44.169646,Islamabad,14.1,65.9,12.2,0.0,0.72
2026-08-03 02:12:44.169646,Islamabad,14.9,46.5,5.2,0.0,0.56
2026-08-03 03:12:44.169646,Islamabad,15.5,77.0,15.6,0.0,0.44
2026-08-03 04:12:44.169646,Islamabad,18.5,54.4,11.4,0.0,0.81
2026-08-03 05:12:44.169646,Islamabad,14.9,82.5,1.0,0.0,0.0
2026-08-03 06:12:44.169646,Islamabad,19.3,70.8,12.3,0.0,0.0
2026-08-03 07:12:44.169646,Islamabad,16.5,52.6,13.7,251.8,0.6
2026-08-03 08:12:44.169646,Islamabad,20.6,65.0,4.5,480.1,0.0
2026-08-03 09:12:44.169646,Islamabad,24.4,31.2,17.0,558.6,1.08
2026-08-03 10:12:44.169646,Islamabad,23.0,75.3,22.2,762.1,0.0
2026-08-03 11:12:44.169646,Islamabad,29.0,54.4,11.7,866.6,0.35
2026-08-03 12:12:44.169646,Islamabad,28.4,76.6,9.2,760.7,0.0
2026-08-03 13:12:44.169646,Islamabad,26.7,64.8,3.6,749.4,0.43
2026-08-03 14:12:44.169646,Islamabad,22.1,48.3,1.7,636.6,0.0
2026-08-03 15:12:44.169646,Islamabad,26.5,39.4,7.2,702.2,0.0
2026-08-03 16:12:44.169646,Islamabad,21.8,24.2,9.9,454.7,0.0
2026-08-03 17:12:44.169646,Islamabad,22.9,65.0,5.8,200.4,0.08
2026-08-03 18:12:44.169646,Islamabad,18.6,36.4,7.5,0.0,0.52
2026-08-03 19:12:44.169646,Islamabad,15.9,65.2,13.0,0.0,0.18
2026-08-03 20:12:44.169646,Islamabad,15.9,49.8,13.1,0.0,0.29
2026-08-03 21:12:44.169646,Islamabad,13.9,54.1,24.2,0.0,0.29
2026-08-03 22:12:44.169646,Islamabad,17.5,74.1,10.7,0.0,1.78
2026-08-03 23:12:44.169646,Islamabad,14.7,45.9,11.1,0.0,0.76
2026-08-04 00:12:44.169646,Islamabad,14.5,80.7,25.0,0.0,0.92
2026-08-04 01:12:44.169646,Islamabad,14.9,58.5,11.3,0.0,0.0
2026-08-04 02:12:44.169646,Islamabad,12.1,63.0,13.4,0.0,0.0
2026-08-04 03:12:44.169646,Islamabad,16.8,56.5,12.2,0.0,0.0
2026-08-04 04:12:44.169646,Islamabad,13.0,67.4,18.4,0.0,0.02
2026-08-04 05:12:44.169646,Islamabad,18.8,58.5,10.1,0.0,1.97
2026-08-04 06:12:44.169646,Islamabad,20.3,40.4,7.3,0.0,0.2
2026-08-04 07:12:44.169646,Islamabad,22.3,29.6,12.2,182.4,0.19
2026-08-04 08:12:44.169646,Islamabad,21.2,52.7,14.5,441.6,0.05
2026-08-04 09:12:44.169646,Islamabad,21.8,64.9,6.3,638.9,0.0
2026-08-04 10:12:44.169646,Islamabad,25.7,55.6,38.4,851.0,0.0
2026-08-04 11:12:44.169646,Islamabad,22.4,80.5,9.1,830.5,0.0
2026-08-04 12:12:44.169646,Islamabad,21.5,60.8,10.1,981.5,0.93
2026-08-04 13:12:44.169646,Islamabad,25.5,72.4,16.5,872.3,0.21
2026-08-04 14:12:44.169646,Islamabad,25.7,42.0,16.7,607.1,0.1
2026-08-04 15:12:44.169646,Islamabad,25.4,45.6,12.2,580.9,0.0
2026-08-04 16:12:44.169646,Islamabad,20.2,49.8,8.1,391.4,0.0
2026-08-04 17:12:44.169646,Islamabad,24.2,14.7,11.8,225.5,0.72
2026-08-04 18:12:44.169646,Islamabad,19.8,48.6,3.1,0.0,0.04
2026-08-04 19:12:44.169646,Islamabad,15.4,60.5,8.1,0.0,0.47
2026-08-04 20:12:44.169646,Islamabad,12.9,65.0,18.0,0.0,0.39
2026-08-04 21:12:44.169646,Islamabad,15.0,22.6,15.7,0.0,0.0
2026-08-04 22:12:44.169646,Islamabad,11.7,65.5,8.8,0.0,0.0
2026-08-04 23:12:44.169646,Islamabad,17.4,82.9,3.6,0.0,0.22
2026-08-05 00:12:44.169646,Islamabad,15.5,31.3,20.3,0.0,0.0
2026-08-05 01:12:44.169646,Islamabad,16.0,85.3,7.2,0.0,0.22
2026-08-05 02:12:44.169646,Islamabad,17.3,59.7,5.1,0.0,0.0
2026-08-05 03:12:44.169646,Islamabad,12.9,72.3,4.7,0.0,1.19
2026-08-05 04:12:44.169646,Islamabad,16.3,53.7,9.1,0.0,0.06
2026-08-05 05:12:44.169646,Islamabad,17.8,54.9,14.7,0.0,0.32
2026-08-05 06:12:44.169646,Islamabad,17.0,49.1,15.5,0.0,0.04
2026-08-05 07:12:44.169646,Islamabad,19.3,65.6,6.2,246.5,0.0
2026-08-05 08:12:44.169646,Islamabad,25.5,63.9,25.8,389.9,0.31
2026-08-05 09:12:44.169646,Islamabad,25.1,41.7,17.7,642.7,0.94
2026-08-05 10:12:44.169646,Islamabad,22.7,75.0,16.4,811.6,0.13
2026-08-05 11:12:44.169646,Islamabad,26.5,51.7,14.9,824.7,0.0
2026-08-05 12:12:44.169646,Islamabad,24.1,72.3,5.1,943.2,0.32
2026-08-05 13:12:44.169646,Islamabad,29.0,51.7,5.7,830.1,0.02
2026-08-05 14:12:44.169646,Islamabad,25.2,53.0,10.1,808.6,0.16
2026-08-05 15:12:44.169646,Islamabad,21.9,52.6,6.9,666.0,0.01
2026-08-05 16:12:44.169646,Islamabad,23.2,57.7,10.6,359.4,0.18
2026-08-05 17:12:44.169646,Islamabad,21.9,46.1,13.5,203.6,0.17
2026-08-05 18:12:44.169646,Islamabad,18.1,40.6,1.1,0.0,0.0
2026-08-05 19:12:44.169646,Islamabad,21.5,57.1,18.8,0.0,0.0
2026-08-05 20:12:44.169646,Islamabad,18.2,43.6,12.1,0.0,0.0
2026-08-05 21:12:44.169646,Islamabad,12.2,44.5,3.4,0.0,0.42
2026-08-05 22:12:44.169646,Islamabad,14.7,53.3,22.2,0.0,0.33
2026-08-05 23:12:44.169646,Islamabad,11.2,40.9,12.0,0.0,0.0
2026-08-06 00:12:44.169646,Islamabad,14.7,77.4,19.2,0.0,0.09
2026-08-06 01:12:44.169646,Islamabad,14.2,56.6,4.7,0.0,0.0
2026-08-06 02:12:44.169646,Islamabad,12.8,19.2,7.1,0.0,0.0
2026-08-06 03:12:44.169646,Islamabad,17.5,54.2,10.0,0.0,0.31
2026-08-06 04:12:44.169646,Islamabad,21.1,51.3,10.2,0.0,0.0
2026-08-06 05:12:44.169646,Islamabad,18.1,54.0,9.0,0.0,0.0
2026-08-06 06:12:44.169646,Islamabad,17.7,71.1,10.9,0.0,0.02
2026-08-06 07:12:44.169646,Islamabad,20.4,64.7,17.9,189.1,0.0
2026-08-06 08:12:44.169646,Islamabad,23.2,88.3,5.4,382.6,0.17
2026-08-06 09:12:44.169646,Islamabad,24.6,69.0,8.8,533.3,0.1
2026-08-06 10:12:44.169646,Islamabad,23.2,57.9,17.3,765.8,0.0
2026-08-06 11:12:44.169646,Islamabad,23.4,42.0,10.8,948.5,0.08
2026-08-06 12:12:44.169646,Islamabad,23.6,76.1,15.5,731.7,0.25
2026-08-06 13:12:44.169646,Islamabad,27.6,70.2,16.3,683.7,1.1
2026-08-06 14:12:44.169646,Islamabad,24.6,35.1,7.7,787.2,0.4
2026-08-06 15:12:44.169646,Islamabad,24.0,59.1,19.2,549.9,0.0
2026-08-06 16:12:44.169646,Islamabad,20.8,47.1,11.2,486.3,0.7
2026-08-06 17:12:44.169646,Islamabad,21.8,46.0,2.0,189.7,2.35
2026-08-06 18:12:44.169646,Islamabad,19.1,43.2,19.6,0.0,0.02
2026-08-06 19:12:44.169646,Islamabad,20.9,75.2,5.1,0.0,0.0
2026-08-06 20:12:44.169646,Islamabad,14.4,32.7,8.5,0.0,0.0
2026-08-06 21:12:44.169646,Islamabad,12.5,32.2,12.3,0.0,0.0
2026-08-06 22:12:44.169646,Islamabad,14.9,60.3,8.0,0.0,0.0
2026-08-06 23:12:44.169646,Islamabad,14.2,57.9,2.8,0.0,0.0
2026-08-07 00:12:44.169646,Islamabad,14.2,40.6,27.4,0.0,0.39
2026-08-07 01:12:44.169646,Islamabad,16.8,64.5,7.7,0.0,0.28
2026-08-07 02:12:44.169646,Islamabad,11.8,44.5,7.8,0.0,0.25
2026-08-07 03:12:44.169646,Islamabad,15.8,76.9,3.9,0.0,0.0
2026-08-07 04:12:44.169646,Islamabad,14.7,41.0,10.8,0.0,0.0
2026-08-07 05:12:44.169646,Islamabad,19.5,70.2,9.8,0.0,0.11
2026-08-07 06:12:44.169646,Islamabad,18.7,41.8,15.6,0.0,0.0
2026-08-07 07:12:44.169646,Islamabad,21.6,68.1,16.3,216.4,0.0
2026-08-07 08:12:44.169646,Islamabad,26.4,68.8,3.9,489.2,0.0
2026-08-07 09:12:44.169646,Islamabad,22.7,58.5,5.6,576.2,0.0
2026-08-07 10:12:44.169646,Islamabad,20.3,55.5,10.6,661.3,0.3
2026-08-07 11:12:44.169646,Islamabad,24.8,39.4,10.3,755.8,0.56
2026-08-07 12:12:44.169646,Islamabad,28.0,71.1,22.7,952.7,0.02
2026-08-07 13:12:44.169646,Islamabad,31.1,62.2,10.3,869.6,0.24
2026-08-07 14:12:44.169646,Islamabad,23.2,55.2,25.2,827.8,0.0
2026-08-07 15:12:44.169646,Islamabad,22.4,74.2,12.5,619.2,0.1
2026-08-07 16:12:44.169646,Islamabad,24.5,54.8,10.9,452.5,0.28
2026-08-07 17:12:44.169646,Islamabad,22.6,50.6,24.8,238.6,0.0
2026-08-07 18:12:44.169646,Islamabad,19.8,61.2,14.3,0.0,0.0
2026-08-07 19:12:44.169646,Islamabad,12.9,69.9,13.0,0.0,0.37
2026-08-07 20:12:44.169646,Islamabad,12.9,66.1,14.3,0.0,0.0
2026-08-07 21:12:44.169646,Islamabad,16.3,63.2,13.4,0.0,0.71
2026-08-07 22:12:44.169646,Islamabad,14.3,66.1,3.7,0.0,0.0
2026-08-07 23:12:44.169646,Islamabad,14.2,38.1,6.9,0.0,0.03
2026-08-08 00:12:44.169646,Islamabad,11.9,47.3,8.0,0.0,0.0
2026-08-08 01:12:44.169646,Islamabad,11.2,71.5,16.4,0.0,0.23
2026-08-08 02:12:44.169646,Islamabad,13.4,48.5,13.7,0.0,0.95
2026-08-08 03:12:44.169646,Islamabad,15.0,16.8,17.7,0.0,0.51
2026-08-08 04:12:44.169646,Islamabad,16.0,67.2,7.0,0.0,0.42
2026-08-08 05:12:44.169646,Islamabad,17.0,39.9,14.9,0.0,0.29
2026-08-08 06:12:44.169646,Islamabad,17.4,64.3,6.6,0.0,0.0
2026-08-08 07:12:44.169646,Islamabad,21.8,58.9,14.3,224.6,0.09
2026-08-08 08:12:44.169646,Islamabad,22.2,51.4,24.8,403.7,0.0
2026-08-08 09:12:44.169646,Islamabad,23.3,26.1,10.7,596.2,0.0
2026-08-08 10:12:44.169646,Islamabad,24.8,50.2,13.8,722.8,0.1
2026-08-08 11:12:44.169646,Islamabad,28.2,64.4,8.5,858.5,0.1
2026-08-08 12:12:44.169646,Islamabad,26.0,32.8,3.0,829.6,0.36
2026-08-08 13:12:44.169646,Islamabad,25.5,51.9,35.8,757.4,0.01
2026-08-08 14:12:44.169646,Islamabad,22.4,37.4,11.4,635.1,0.0
2026-08-08 15:12:44.169646,Islamabad,20.9,62.8,12.8,688.9,0.19
2026-08-08 16:12:44.169646,Islamabad,22.1,46.9,24.1,405.2,0.78
2026-08-08 17:12:44.169646,Islamabad,23.1,64.8,2.0,231.2,0.31
2026-08-08 18:12:44.169646,Islamabad,20.1,40.7,9.2,0.0,0.06
2026-08-08 19:12:44.169646,Islamabad,19.9,39.0,12.9,0.0,1.31
2026-08-08 20:12:44.169646,Islamabad,18.7,42.0,20.2,0.0,0.0
2026-08-08 21:12:44.169646,Islamabad,13.5,76.3,5.6,0.0,0.0
2026-08-08 22:12:44.169646,Islamabad,12.3,63.8,3.4,0.0,0.04
2026-08-08 23:12:44.169646,Islamabad,15.8,39.2,5.1,0.0,0.0
2026-08-09 00:12:44.169646,Islamabad,13.9,17.5,19.8,0.0,0.14
2026-08-09 01:12:44.169646,Islamabad,12.8,58.2,14.3,0.0,0.23
2026-08-09 02:12:44.169646,Islamabad,9.2,46.8,20.7,0.0,0.0
2026-08-09 03:12:44.169646,Islamabad,14.5,47.1,8.0,0.0,0.0
2026-08-09 04:12:44.169646,Islamabad,13.8,67.6,9.0,0.0,0.0
2026-08-09 05:12:44.169646,Islamabad,14.4,60.8,16.9,0.0,0.27
2026-08-09 06:12:44.169646,Islamabad,18.1,54.0,13.1,0.0,0.61
2026-08-09 07:12:44.169646,Islamabad,17.8,85.2,7.0,249.7,0.0
2026-08-09 08:12:44.169646,Islamabad,18.4,63.2,11.6,499.7,0.0
2026-08-09 09:12:44.169646,Islamabad,23.4,35.4,30.5,611.7,0.16
2026-08-09 10:12:44.169646,Islamabad,21.8,64.7,14.4,634.0,0.7
2026-08-09 11:12:44.169646,Islamabad,21.9,86.4,11.9,843.7,0.0
2026-08-09 12:12:44.169646,Islamabad,25.3,80.2,13.6,819.8,0.0
2026-08-09 13:12:44.169646,Islamabad,28.5,37.9,17.6,741.7,0.07
2026-08-09 14:12:44.169646,Islamabad,21.2,54.6,11.0,797.6,0.15
2026-08-09 15:12:44.169646,Islamabad,23.6,42.7,9.6,574.2,1.65
2026-08-09 16:12:44.169646,Islamabad,25.5,44.5,5.0,444.2,0.39
2026-08-09 17:12:44.169646,Islamabad,22.5,45.8,9.3,228.4,0.0
2026-08-09 18:12:44.169646,Islamabad,19.6,80.3,6.2,0.0,0.47
2026-08-09 19:12:44.169646,Islamabad,19.3,32.1,5.2,0.0,0.0
2026-08-09 20:12:44.169646,Islamabad,13.2,67.9,21.9,0.0,0.24
2026-08-09 21:12:44.169646,Islamabad,14.0,69.8,2.8,0.0,0.13
2026-08-09 22:12:44.169646,Islamabad,12.4,25.3,16.0,0.0,0.3
2026-08-09 23:12:44.169646,Islamabad,18.9,50.0,8.9,0.0,0.0
2026-08-10 00:12:44.169646,Islamabad,14.6,65.9,10.5,0.0,0.29
2026-08-10 01:12:44.169646,Islamabad,14.3,47.2,14.6,0.0,0.45
2026-08-10 02:12:44.169646,Islamabad,10.4,53.0,11.2,0.0,0.0
2026-08-10 03:12:44.169646,Islamabad,12.3,45.4,17.9,0.0,0.0
2026-08-10 04:12:44.169646,Islamabad,15.9,54.6,21.4,0.0,0.0
2026-08-10 05:12:44.169646,Islamabad,17.8,36.3,4.4,0.0,0.0
2026-08-10 06:12:44.169646,Islamabad,18.9,76.5,5.2,0.0,1.13
2026-08-10 07:12:44.169646,Islamabad,22.1,49.3,26.9,233.1,0.7
2026-08-10 08:12:44.169646,Islamabad,22.3,67.7,17.8,475.0,0.0
2026-08-10 09:12:44.169646,Islamabad,21.0,61.1,3.9,679.4,1.87
2026-08-10 10:12:44.169646,Islamabad,21.6,49.7,3.2,849.3,0.02
2026-07-11 17:12:44.169646,Rawalpindi,23.5,71.2,16.5,222.2,1.22
2026-07-11 18:12:44.169646,Rawalpindi,18.0,59.4,8.9,0.0,0.11
2026-07-11 19:12:44.169646,Rawalpindi,23.1,38.5,3.6,0.0,0.26
2026-07-11 20:12:44.169646,Rawalpindi,18.3,34.2,10.8,0.0,0.0
2026-07-11 21:12:44.169646,Rawalpindi,23.6,74.6,4.1,0.0,0.32
2026-07-11 22:12:44.169646,Rawalpindi,17.0,56.6,7.1,0.0,0.0
2026-07-11 23:12:44.169646,Rawalpindi,18.5,39.9,24.4,0.0,0.42
2026-07-12 00:12:44.169646,Rawalpindi,12.2,46.2,10.5,0.0,0.16
2026-07-12 01:12:44.169646,Rawalpindi,14.9,45.5,14.4,0.0,0.0
2026-07-12 02:12:44.169646,Rawalpindi,18.2,28.3,9.9,0.0,0.0
2026-07-12 03:12:44.169646,Rawalpindi,18.5,52.5,25.8,0.0,0.0
2026-07-12 04:12:44.169646,Rawalpindi,20.9,32.5,6.1,0.0,1.77
2026-07-12 05:12:44.169646,Rawalpindi,21.8,57.7,16.6,0.0,0.0
2026-07-12 06:12:44.169646,Rawalpindi,23.0,62.6,5.3,0.0,0.0
2026-07-12 07:12:44.169646,Rawalpindi,21.7,61.5,10.4,232.0,0.79
2026-07-12 08:12:44.169646,Rawalpindi,30.3,69.7,22.1,433.5,0.0
2026-07-12 09:12:44.169646,Rawalpindi,27.8,49.1,11.3,657.9,0.0
2026-07-12 10:12:44.169646,Rawalpindi,26.5,43.3,8.9,843.2,0.22
2026-07-12 11:12:44.169646,Rawalpindi,28.9,52.2,8.2,877.8,0.0
2026-07-12 12:12:44.169646,Rawalpindi,28.2,51.1,9.5,765.8,0.0
2026-07-12 13:12:44.169646,Rawalpindi,27.0,68.0,14.3,867.7,0.84
2026-07-12 14:12:44.169646,Rawalpindi,28.8,58.7,5.1,656.1,0.67
2026-07-12 15:12:44.169646,Rawalpindi,27.8,52.4,7.5,698.9,0.62
2026-07-12 16:12:44.169646,Rawalpindi,29.0,49.5,4.1,411.1,0.32
2026-07-12 17:12:44.169646,Rawalpindi,23.2,52.7,21.1,198.9,0.0
2026-07-12 18:12:44.169646,Rawalpindi,22.7,59.0,21.8,0.0,0.0
2026-07-12 19:12:44.169646,Rawalpindi,22.8,51.0,14.3,0.0,0.33
2026-07-12 20:12:44.169646,Rawalpindi,20.4,73.4,20.5,0.0,0.21
2026-07-12 21:12:44.169646,Rawalpindi,17.2,61.9,25.1,0.0,0.5
2026-07-12 22:12:44.169646,Rawalpindi,19.0,31.8,10.3,0.0,0.24
2026-07-12 23:12:44.169646,Rawalpindi,14.8,12.3,8.4,0.0,0.12
2026-07-13 00:12:44.169646,Rawalpindi,16.0,67.6,4.1,0.0,0.2
2026-07-13 01:12:44.169646,Rawalpindi,14.1,53.4,27.2,0.0,0.0
2026-07-13 02:12:44.169646,Rawalpindi,19.5,65.5,11.3,0.0,0.29
2026-07-13 03:12:44.169646,Rawalpindi,16.2,59.6,17.9,0.0,1.02
2026-07-13 04:12:44.169646,Rawalpindi,20.5,54.9,11.2,0.0,0.03
2026-07-13 05:12:44.169646,Rawalpindi,19.5,63.4,22.9,0.0,0.51
2026-07-13 06:12:44.169646,Rawalpindi,23.6,69.5,16.0,0.0,0.06
2026-07-13 07:12:44.169646,Rawalpindi,24.4,66.0,6.5,220.0,1.17
2026-07-13 08:12:44.169646,Rawalpindi,24.7,45.8,11.7,365.2,0.0
2026-07-13 09:12:44.169646,Rawalpindi,25.5,71.3,7.0,647.9,0.0
2026-07-13 10:12:44.169646,Rawalpindi,27.2,72.7,27.1,635.3,0.0
2026-07-13 11:12:44.169646,Rawalpindi,28.0,40.3,6.2,703.9,0.64
2026-07-13 12:12:44.169646,Rawalpindi,28.7,70.2,14.0,747.1,0.0
2026-07-13 13:12:44.169646,Rawalpindi,32.6,32.3,9.4,953.5,0.42
2026-07-13 14:12:44.169646,Rawalpindi,27.8,39.0,12.4,664.2,0.0
2026-07-13 15:12:44.169646,Rawalpindi,24.8,59.7,18.8,613.1,0.0
2026-07-13 16:12:44.169646,Rawalpindi,24.9,53.8,4.7,386.6,1.32
2026-07-13 17:12:44.169646,Rawalpindi,24.0,51.0,12.8,256.6,0.41
2026-07-13 18:12:44.169646,Rawalpindi,23.8,24.9,10.9,0.0,0.1
2026-07-13 19:12:44.169646,Rawalpindi,16.4,60.8,18.7,0.0,0.05
2026-07-13 20:12:44.169646,Rawalpindi,17.8,62.3,21.1,0.0,0.0
2026-07-13 21:12:44.169646,Rawalpindi,14.4,51.0,22.4,0.0,0.86
2026-07-13 22:12:44.169646,Rawalpindi,19.3,43.1,4.9,0.0,0.0
2026-07-13 23:12:44.169646,Rawalpindi,17.1,55.7,6.2,0.0,0.17
2026-07-14 00:12:44.169646,Rawalpindi,15.9,62.4,5.2,0.0,0.0
2026-07-14 01:12:44.169646,Rawalpindi,18.6,57.6,14.9,0.0,0.0
2026-07-14 02:12:44.169646,Rawalpindi,19.4,58.0,9.4,0.0,0.0
2026-07-14 03:12:44.169646,Rawalpindi,18.7,30.1,7.8,0.0,0.34
2026-07-14 04:12:44.169646,Rawalpindi,17.6,80.3,17.0,0.0,0.0
2026-07-14 05:12:44.169646,Rawalpindi,22.5,76.8,15.0,0.0,0.0
2026-07-14 06:12:44.169646,Rawalpindi,22.6,91.0,9.3,0.0,0.0
2026-07-14 07:12:44.169646,Rawalpindi,20.7,33.3,14.6,214.0,0.0
2026-07-14 08:12:44.169646,Rawalpindi,25.8,28.6,13.7,438.8,0.77
2026-07-14 09:12:44.169646,Rawalpindi,23.1,78.0,26.7,571.6,0.01
2026-07-14 10:12:44.169646,Rawalpindi,27.6,53.6,32.8,636.6,1.31
2026-07-14 11:12:44.169646,Rawalpindi,30.8,67.2,14.3,716.9,0.0
2026-07-14 12:12:44.169646,Rawalpindi,25.8,37.1,4.3,884.2,0.0
2026-07-14 13:12:44.169646,Rawalpindi,31.8,74.3,6.0,774.6,0.79
2026-07-14 14:12:44.169646,Rawalpindi,28.2,52.9,15.1,642.6,0.24
2026-07-14 15:12:44.169646,Rawalpindi,26.2,73.8,19.4,499.6,0.0
2026-07-14 16:12:44.169646,Rawalpindi,26.7,63.1,40.9,424.7,0.01
2026-07-14 17:12:44.169646,Rawalpindi,26.5,73.4,14.1,221.4,0.5
2026-07-14 18:12:44.169646,Rawalpindi,19.8,87.5,2.9,0.0,0.0
2026-07-14 19:12:44.169646,Rawalpindi,20.9,39.7,21.5,0.0,0.22
2026-07-14 20:12:44.169646,Rawalpindi,18.0,72.0,2.3,0.0,0.57
2026-07-14 21:12:44.169646,Rawalpindi,17.7,47.0,9.7,0.0,0.48
2026-07-14 22:12:44.169646,Rawalpindi,14.9,66.2,6.4,0.0,0.0
2026-07-14 23:12:44.169646,Rawalpindi,16.8,73.0,9.4,0.0,0.14
2026-07-15 00:12:44.169646,Rawalpindi,19.3,83.5,16.6,0.0,0.3
2026-07-15 01:12:44.169646,Rawalpindi,16.4,47.8,22.3,0.0,0.15
2026-07-15 02:12:44.169646,Rawalpindi,19.3,48.4,8.0,0.0,0.0
2026-07-15 03:12:44.169646,Rawalpindi,19.7,49.2,17.1,0.0,0.01
2026-07-15 04:12:44.169646,Rawalpindi,20.9,59.8,16.9,0.0,0.19
2026-07-15 05:12:44.169646,Rawalpindi,17.9,46.5,3.7,0.0,0.51
2026-07-15 06:12:44.169646,Rawalpindi,22.2,40.3,11.7,0.0,0.0
2026-07-15 07:12:44.169646,Rawalpindi,24.6,63.5,10.7,257.2,0.07
2026-07-15 08:12:44.169646,Rawalpindi,26.6,50.9,14.6,377.0,0.5
2026-07-15 09:12:44.169646,Rawalpindi,25.4,57.5,18.1,624.7,0.0
2026-07-15 10:12:44.169646,Rawalpindi,29.0,60.3,10.9,862.5,0.0
2026-07-15 11:12:44.169646,Rawalpindi,32.1,41.3,25.0,934.4,0.9
2026-07-15 12:12:44.169646,Rawalpindi,31.3,71.8,10.1,700.7,0.89
2026-07-15 13:12:44.169646,Rawalpindi,27.8,83.9,8.0,706.4,0.1
2026-07-15 14:12:44.169646,Rawalpindi,28.8,40.6,6.5,682.6,0.0
2026-07-15 15:12:44.169646,Rawalpindi,32.3,51.5,13.0,686.8,0.29
2026-07-15 16:12:44.169646,Rawalpindi,26.8,42.2,7.4,447.3,0.25
2026-07-15 17:12:44.169646,Rawalpindi,25.1,34.8,16.3,233.1,0.9
2026-07-15 18:12:44.169646,Rawalpindi,21.9,53.3,10.4,0.0,0.71
2026-07-15 19:12:44.169646,Rawalpindi,25.5,57.6,10.1,0.0,0.16
2026-07-15 20:12:44.169646,Rawalpindi,18.5,68.7,24.6,0.0,0.0
2026-07-15 21:12:44.169646,Rawalpindi,19.1,55.4,14.6,0.0,0.1
2026-07-15 22:12:44.169646,Rawalpindi,15.2,70.0,3.5,0.0,0.0
2026-07-15 23:12:44.169646,Rawalpindi,16.0,67.8,20.2,0.0,0.0
2026-07-16 00:12:44.169646,Rawalpindi,17.8,44.6,9.4,0.0,0.0
2026-07-16 01:12:44.169646,Rawalpindi,13.5,61.8,10.2,0.0,0.22
2026-07-16 02:12:44.169646,Rawalpindi,18.6,60.1,23.2,0.0,0.69
2026-07-16 03:12:44.169646,Rawalpindi,16.9,85.6,16.0,0.0,0.25
2026-07-16 04:12:44.169646,Rawalpindi,19.6,32.3,7.2,0.0,0.85
2026-07-16 05:12:44.169646,Rawalpindi,23.0,46.1,10.3,0.0,0.42
2026-07-16 06:12:44.169646,Rawalpindi,23.9,43.8,12.3,0.0,0.0
2026-07-16 07:12:44.169646,Rawalpindi,26.7,56.7,3.4,239.8,0.04
2026-07-16 08:12:44.169646,Rawalpindi,26.3,69.3,9.4,358.9,0.11
2026-07-16 09:12:44.169646,Rawalpindi,27.8,40.9,7.1,629.6,0.1
2026-07-16 10:12:44.169646,Rawalpindi,26.8,72.6,16.5,670.4,0.0
2026-07-16 11:12:44.169646,Rawalpindi,28.2,62.4,20.9,856.7,0.0
2026-07-16 12:12:44.169646,Rawalpindi,28.4,50.1,12.6,965.3,0.08
2026-07-16 13:12:44.169646,Rawalpindi,29.7,81.4,13.6,691.9,0.22
2026-07-16 14:12:44.169646,Rawalpindi,30.4,67.5,22.8,741.3,0.01
2026-07-16 15:12:44.169646,Rawalpindi,29.8,56.5,15.3,671.7,0.0
2026-07-16 16:12:44.169646,Rawalpindi,26.7,29.0,14.1,470.8,0.0
2026-07-16 17:12:44.169646,Rawalpindi,25.1,31.5,21.3,236.2,1.42
2026-07-16 18:12:44.169646,Rawalpindi,22.4,69.7,7.9,0.0,0.0
2026-07-16 19:12:44.169646,Rawalpindi,23.7,54.3,25.2,0.0,2.25
2026-07-16 20:12:44.169646,Rawalpindi,19.8,59.2,11.5,0.0,0.16
2026-07-16 21:12:44.169646,Rawalpindi,19.3,55.6,26.8,0.0,0.02
2026-07-16 22:12:44.169646,Rawalpindi,19.5,63.0,11.3,0.0,0.58
2026-07-16 23:12:44.169646,Rawalpindi,16.6,40.0,12.2,0.0,0.28
2026-07-17 00:12:44.169646,Rawalpindi,15.8,64.1,9.4,0.0,0.45
2026-07-17 01:12:44.169646,Rawalpindi,18.9,50.5,10.7,0.0,0.41
2026-07-17 02:12:44.169646,Rawalpindi,18.6,55.6,9.4,0.0,0.0
2026-07-17 03:12:44.169646,Rawalpindi,16.6,69.9,13.1,0.0,0.0
2026-07-17 04:12:44.169646,Rawalpindi,19.9,29.8,31.5,0.0,0.0
2026-07-17 05:12:44.169646,Rawalpindi,19.2,43.0,18.8,0.0,0.06
2026-07-17 06:12:44.169646,Rawalpindi,24.5,49.6,10.6,0.0,0.0
2026-07-17 07:12:44.169646,Rawalpindi,24.6,22.9,6.9,181.2,0.0
2026-07-17 08:12:44.169646,Rawalpindi,24.0,47.3,30.5,379.3,0.15
2026-07-17 09:12:44.169646,Rawalpindi,28.0,63.3,16.6,636.6,0.2
2026-07-17 10:12:44.169646,Rawalpindi,28.7,58.1,8.5,654.5,0.0
2026-07-17 11:12:44.169646,Rawalpindi,27.8,73.3,10.9,939.0,0.0
2026-07-17 12:12:44.169646,Rawalpindi,32.7,40.2,9.9,929.8,0.2
2026-07-17 13:12:44.169646,Rawalpindi,28.7,34.0,22.2,834.5,0.83
2026-07-17 14:12:44.169646,Rawalpindi,26.7,54.8,0.4,825.7,0.03
2026-07-17 15:12:44.169646,Rawalpindi,23.9,76.6,15.2,691.6,0.22
2026-07-17 16:12:44.169646,Rawalpindi,24.5,53.3,16.8,460.7,0.08
2026-07-17 17:12:44.169646,Rawalpindi,26.1,19.5,16.8,239.2,0.24
2026-07-17 18:12:44.169646,Rawalpindi,22.8,67.2,14.7,0.0,0.17
2026-07-17 19:12:44.169646,Rawalpindi,20.6,44.1,15.4,0.0,0.31
2026-07-17 20:12:44.169646,Rawalpindi,19.9,41.3,14.3,0.0,0.0
2026-07-17 21:12:44.169646,Rawalpindi,17.1,47.0,6.6,0.0,0.52
2026-07-17 22:12:44.169646,Rawalpindi,16.3,44.8,7.4,0.0,0.32
2026-07-17 23:12:44.169646,Rawalpindi,13.6,40.7,10.7,0.0,0.4
2026-07-18 00:12:44.169646,Rawalpindi,17.2,50.4,6.5,0.0,2.61
2026-07-18 01:12:44.169646,Rawalpindi,16.0,75.6,17.6,0.0,0.07
2026-07-18 02:12:44.169646,Rawalpindi,20.9,78.8,15.3,0.0,0.0
2026-07-18 03:12:44.169646,Rawalpindi,20.9,66.9,9.2,0.0,1.62
2026-07-18 04:12:44.169646,Rawalpindi,21.5,73.7,21.7,0.0,0.59
2026-07-18 05:12:44.169646,Rawalpindi,23.3,40.3,3.4,0.0,0.01
2026-07-18 06:12:44.169646,Rawalpindi,22.0,58.2,14.0,0.0,0.0
2026-07-18 07:12:44.169646,Rawalpindi,26.3,27.5,11.4,229.4,0.05
2026-07-18 08:12:44.169646,Rawalpindi,23.6,62.5,22.0,404.0,0.0
2026-07-18 09:12:44.169646,Rawalpindi,26.4,64.2,2.8,677.8,0.0
2026-07-18 10:12:44.169646,Rawalpindi,28.9,61.2,6.5,764.6,0.78
2026-07-18 11:12:44.169646,Rawalpindi,26.1,57.7,16.4,810.6,0.0
2026-07-18 12:12:44.169646,Rawalpindi,27.8,70.5,7.3,875.0,0.06
2026-07-18 13:12:44.169646,Rawalpindi,26.6,44.4,3.2,757.3,0.0
2026-07-18 14:12:44.169646,Rawalpindi,25.3,51.8,27.8,640.9,0.0
2026-07-18 15:12:44.169646,Rawalpindi,23.4,45.5,14.3,603.7,0.0
2026-07-18 16:12:44.169646,Rawalpindi,28.3,42.5,21.7,492.5,0.0
2026-07-18 17:12:44.169646,Rawalpindi,22.6,87.9,14.1,219.3,0.38
2026-07-18 18:12:44.169646,Rawalpindi,23.7,63.0,9.4,0.0,0.49
2026-07-18 19:12:44.169646,Rawalpindi,24.5,54.0,12.5,0.0,1.61
2026-07-18 20:12:44.169646,Rawalpindi,18.9,59.2,10.5,0.0,0.0
2026-07-18 21:12:44.169646,Rawalpindi,17.5,41.8,18.3,0.0,0.64
2026-07-18 22:12:44.169646,Rawalpindi,17.0,77.2,7.2,0.0,0.05
2026-07-18 23:12:44.169646,Rawalpindi,16.0,72.6,32.4,0.0,0.18
2026-07-19 00:12:44.169646,Rawalpindi,12.3,53.6,1.6,0.0,0.17
2026-07-19 01:12:44.169646,Rawalpindi,17.4,94.8,13.2,0.0,0.63
2026-07-19 02:12:44.169646,Rawalpindi,17.9,26.5,16.0,0.0,0.0
2026-07-19 03:12:44.169646,Rawalpindi,18.1,59.3,3.5,0.0,0.7
2026-07-19 04:12:44.169646,Rawalpindi,19.1,54.9,5.5,0.0,0.08
2026-07-19 05:12:44.169646,Rawalpindi,20.0,36.3,24.3,0.0,0.49
2026-07-19 06:12:44.169646,Rawalpindi,20.8,72.9,10.2,0.0,0.0
2026-07-19 07:12:44.169646,Rawalpindi,20.8,75.6,24.8,193.1,0.21
2026-07-19 08:12:44.169646,Rawalpindi,25.3,64.7,2.6,359.6,0.85
2026-07-19 09:12:44.169646,Rawalpindi,26.5,48.5,16.2,558.2,0.0
2026-07-19 10:12:44.169646,Rawalpindi,28.2,26.9,16.5,807.3,0.0
2026-07-19 11:12:44.169646,Rawalpindi,28.3,56.8,16.5,852.9,0.7
2026-07-19 12:12:44.169646,Rawalpindi,27.2,69.8,2.6,997.5,1.86
2026-07-19 13:12:44.169646,Rawalpindi,27.1,31.4,7.9,932.2,0.0
2026-07-19 14:12:44.169646,Rawalpindi,30.0,69.3,11.6,608.2,0.04
2026-07-19 15:12:44.169646,Rawalpindi,27.0,29.3,9.4,527.8,0.32
2026-07-19 16:12:44.169646,Rawalpindi,25.5,70.0,16.0,361.2,0.84
2026-07-19 17:12:44.169646,Rawalpindi,16.8,89.6,15.1,258.2,0.52
2026-07-19 18:12:44.169646,Rawalpindi,19.6,64.5,15.7,0.0,0.0
2026-07-19 19:12:44.169646,Rawalpindi,19.8,54.0,22.0,0.0,0.78
2026-07-19 20:12:44.169646,Rawalpindi,22.7,49.6,6.6,0.0,0.05
2026-07-19 21:12:44.169646,Rawalpindi,21.7,43.6,11.9,0.0,0.05
2026-07-19 22:12:44.169646,Rawalpindi,16.5,53.8,23.7,0.0,0.0
2026-07-19 23:12:44.169646,Rawalpindi,15.4,28.9,9.3,0.0,0.1
2026-07-20 00:12:44.169646,Rawalpindi,12.6,51.1,4.6,0.0,0.0
2026-07-20 01:12:44.169646,Rawalpindi,18.5,54.3,4.9,0.0,0.27
2026-07-20 02:12:44.169646,Rawalpindi,15.3,68.2,15.8,0.0,0.28
2026-07-20 03:12:44.169646,Rawalpindi,18.9,59.9,10.7,0.0,0.0
2026-07-20 04:12:44.169646,Rawalpindi,17.4,56.1,9.6,0.0,0.77
2026-07-20 05:12:44.169646,Rawalpindi,15.3,73.9,8.3,0.0,0.0
2026-07-20 06:12:44.169646,Rawalpindi,23.2,47.3,13.1,0.0,0.0
2026-07-20 07:12:44.169646,Rawalpindi,24.5,60.2,14.9,253.5,0.05
2026-07-20 08:12:44.169646,Rawalpindi,27.5,69.4,13.6,458.3,0.3
2026-07-20 09:12:44.169646,Rawalpindi,24.4,59.6,14.8,685.5,0.35
2026-07-20 10:12:44.169646,Rawalpindi,28.3,51.5,16.0,736.8,1.22
2026-07-20 11:12:44.169646,Rawalpindi,28.1,65.1,26.0,724.2,1.77
2026-07-20 12:12:44.169646,Rawalpindi,27.6,40.9,4.7,864.5,0.0
2026-07-20 13:12:44.169646,Rawalpindi,28.7,55.7,23.4,684.2,0.84
2026-07-20 14:12:44.169646,Rawalpindi,26.4,70.0,10.8,733.7,1.17
2026-07-20 15:12:44.169646,Rawalpindi,24.4,55.6,11.8,553.1,1.23
2026-07-20 16:12:44.169646,Rawalpindi,28.4,64.3,21.7,363.3,0.09
2026-07-20 17:12:44.169646,Rawalpindi,23.2,67.0,12.0,234.2,0.0
2026-07-20 18:12:44.169646,Rawalpindi,21.3,52.9,15.4,0.0,0.0
2026-07-20 19:12:44.169646,Rawalpindi,14.2,44.2,13.1,0.0,0.0
2026-07-20 20:12:44.169646,Rawalpindi,14.5,63.2,8.7,0.0,0.14
2026-07-20 21:12:44.169646,Rawalpindi,18.0,62.7,9.0,0.0,0.19
2026-07-20 22:12:44.169646,Rawalpindi,13.5,77.5,8.7,0.0,0.0
2026-07-20 23:12:44.169646,Rawalpindi,17.3,37.5,22.1,0.0,0.0
2026-07-21 00:12:44.169646,Rawalpindi,12.9,47.5,9.4,0.0,0.0
2026-07-21 01:12:44.169646,Rawalpindi,18.3,76.1,23.4,0.0,0.3
2026-07-21 02:12:44.169646,Rawalpindi,17.5,44.9,6.7,0.0,0.11
2026-07-21 03:12:44.169646,Rawalpindi,15.5,53.7,9.1,0.0,0.0
2026-07-21 04:12:44.169646,Rawalpindi,17.3,72.2,12.4,0.0,0.44
2026-07-21 05:12:44.169646,Rawalpindi,21.3,46.5,20.0,0.0,1.95
2026-07-21 06:12:44.169646,Rawalpindi,17.6,41.6,3.7,0.0,0.0
2026-07-21 07:12:44.169646,Rawalpindi,25.7,41.8,15.1,190.2,0.0
2026-07-21 08:12:44.169646,Rawalpindi,23.5,86.0,8.0,367.3,0.0
2026-07-21 09:12:44.169646,Rawalpindi,25.7,36.2,15.5,697.5,0.6
2026-07-21 10:12:44.169646,Rawalpindi,27.0,60.6,24.3,668.1,0.3
2026-07-21 11:12:44.169646,Rawalpindi,27.7,60.3,22.3,900.8,0.41
2026-07-21 12:12:44.169646,Rawalpindi,25.4,93.6,18.2,947.0,0.0
2026-07-21 13:12:44.169646,Rawalpindi,32.1,54.6,8.0,684.4,0.0
2026-07-21 14:12:44.169646,Rawalpindi,26.2,66.6,20.0,747.9,0.0
2026-07-21 15:12:44.169646,Rawalpindi,24.2,63.3,18.7,668.9,0.61
2026-07-21 16:12:44.169646,Rawalpindi,23.9,29.2,10.6,454.1,0.0
2026-07-21 17:12:44.169646,Rawalpindi,23.8,39.5,1.1,210.3,0.43
2026-07-21 18:12:44.169646,Rawalpindi,18.2,43.4,11.7,0.0,0.29
2026-07-21 19:12:44.169646,Rawalpindi,20.8,55.6,8.5,0.0,0.27
2026-07-21 20:12:44.169646,Rawalpindi,17.7,41.2,4.3,0.0,0.76
2026-07-21 21:12:44.169646,Rawalpindi,15.4,43.9,17.2,0.0,0.0
2026-07-21 22:12:44.169646,Rawalpindi,15.7,51.2,27.2,0.0,0.0
2026-07-21 23:12:44.169646,Rawalpindi,12.2,69.8,12.7,0.0,0.0
2026-07-22 00:12:44.169646,Rawalpindi,18.2,78.1,4.3,0.0,0.91
2026-07-22 01:12:44.169646,Rawalpindi,13.0,52.3,9.1,0.0,0.71
2026-07-22 02:12:44.169646,Rawalpindi,18.5,24.4,25.8,0.0,0.23
2026-07-22 03:12:44.169646,Rawalpindi,15.0,67.0,15.8,0.0,0.0
2026-07-22 04:12:44.169646,Rawalpindi,17.9,52.6,10.4,0.0,0.0
2026-07-22 05:12:44.169646,Rawalpindi,18.6,59.5,9.7,0.0,1.37
2026-07-22 06:12:44.169646,Rawalpindi,21.9,38.6,39.9,0.0,0.0
2026-07-22 07:12:44.169646,Rawalpindi,23.3,52.4,15.5,206.5,0.0
2026-07-22 08:12:44.169646,Rawalpindi,19.9,61.4,20.8,430.5,1.5
2026-07-22 09:12:44.169646,Rawalpindi,27.4,66.4,4.8,607.2,0.25
2026-07-22 10:12:44.169646,Rawalpindi,25.9,45.9,15.5,790.1,0.0
2026-07-22 11:12:44.169646,Rawalpindi,31.2,62.4,28.2,754.9,0.0
2026-07-22 12:12:44.169646,Rawalpindi,29.2,64.0,23.8,837.4,0.38
2026-07-22 13:12:44.169646,Rawalpindi,27.0,54.1,20.3,832.9,0.69
2026-07-22 14:12:44.169646,Rawalpindi,25.8,63.2,14.6,716.9,0.25
2026-07-22 15:12:44.169646,Rawalpindi,28.3,38.9,13.7,620.3,0.24
2026-07-22 16:12:44.169646,Rawalpindi,22.3,60.3,7.9,481.2,0.38
2026-07-22 17:12:44.169646,Rawalpindi,24.1,39.7,1.5,250.7,1.65
2026-07-22 18:12:44.169646,Rawalpindi,22.4,66.3,25.0,0.0,0.26
2026-07-22 19:12:44.169646,Rawalpindi,16.4,52.7,19.8,0.0,0.37
2026-07-22 20:12:44.169646,Rawalpindi,20.2,58.8,21.1,0.0,0.0
2026-07-22 21:12:44.169646,Rawalpindi,16.7,68.5,11.3,0.0,1.49
2026-07-22 22:12:44.169646,Rawalpindi,14.8,71.8,15.3,0.0,0.09
2026-07-22 23:12:44.169646,Rawalpindi,16.8,64.1,13.6,0.0,0.0
2026-07-23 00:12:44.169646,Rawalpindi,14.7,67.4,2.1,0.0,1.7
2026-07-23 01:12:44.169646,Rawalpindi,16.3,69.8,1.7,0.0,0.0
2026-07-23 02:12:44.169646,Rawalpindi,20.5,43.0,16.6,0.0,0.48
2026-07-23 03:12:44.169646,Rawalpindi,21.1,65.6,19.4,0.0,0.34
2026-07-23 04:12:44.169646,Rawalpindi,20.2,76.8,9.4,0.0,0.0
2026-07-23 05:12:44.169646,Rawalpindi,23.3,25.6,24.6,0.0,0.0
2026-07-23 06:12:44.169646,Rawalpindi,21.0,78.7,20.8,0.0,0.27
2026-07-23 07:12:44.169646,Rawalpindi,23.1,41.5,3.9,247.3,0.0
2026-07-23 08:12:44.169646,Rawalpindi,25.1,59.8,9.1,466.3,0.05
2026-07-23 09:12:44.169646,Rawalpindi,24.3,62.0,16.9,621.2,0.65
2026-07-23 10:12:44.169646,Rawalpindi,25.9,43.8,16.5,746.9,0.35
2026-07-23 11:12:44.169646,Rawalpindi,28.3,59.0,14.8,907.3,1.6
2026-07-23 12:12:44.169646,Rawalpindi,29.3,15.8,25.6,703.7,0.14
2026-07-23 13:12:44.169646,Rawalpindi,26.2,53.2,0.9,781.2,0.0
2026-07-23 14:12:44.169646,Rawalpindi,23.9,57.9,13.6,809.7,0.0
2026-07-23 15:12:44.169646,Rawalpindi,26.3,61.5,0.4,696.8,0.01
2026-07-23 16:12:44.169646,Rawalpindi,25.2,71.6,19.2,456.9,0.0
2026-07-23 17:12:44.169646,Rawalpindi,24.8,63.6,8.9,184.3,0.0
2026-07-23 18:12:44.169646,Rawalpindi,22.2,62.5,19.2,0.0,0.0
2026-07-23 19:12:44.169646,Rawalpindi,19.2,62.1,16.6,0.0,0.0
2026-07-23 20:12:44.169646,Rawalpindi,20.8,54.6,12.6,0.0,0.0
2026-07-23 21:12:44.169646,Rawalpindi,15.4,56.4,16.4,0.0,0.63
2026-07-23 22:12:44.169646,Rawalpindi,13.1,50.1,19.1,0.0,0.09
2026-07-23 23:12:44.169646,Rawalpindi,15.3,62.5,3.9,0.0,0.2
2026-07-24 00:12:44.169646,Rawalpindi,14.3,52.1,22.4,0.0,2.84
2026-07-24 01:12:44.169646,Rawalpindi,18.0,43.3,3.9,0.0,0.0
2026-07-24 02:12:44.169646,Rawalpindi,18.6,60.8,11.7,0.0,0.07
2026-07-24 03:12:44.169646,Rawalpindi,18.8,41.5,10.0,0.0,0.0
2026-07-24 04:12:44.169646,Rawalpindi,18.2,54.7,11.3,0.0,0.0
2026-07-24 05:12:44.169646,Rawalpindi,19.5,30.2,12.8,0.0,1.8
2026-07-24 06:12:44.169646,Rawalpindi,21.6,47.5,12.5,0.0,0.0
2026-07-24 07:12:44.169646,Rawalpindi,21.8,45.4,8.6,186.7,0.29
2026-07-24 08:12:44.169646,Rawalpindi,25.7,85.1,5.5,350.1,0.63
2026-07-24 09:12:44.169646,Rawalpindi,26.3,51.5,6.2,680.5,0.84
2026-07-24 10:12:44.169646,Rawalpindi,29.3,76.1,10.8,827.8,0.36
2026-07-24 11:12:44.169646,Rawalpindi,29.3,65.6,4.3,867.5,0.0
2026-07-24 12:12:44.169646,Rawalpindi,22.9,48.7,6.7,725.9,0.0
2026-07-24 13:12:44.169646,Rawalpindi,29.1,53.4,15.4,825.6,0.0
2026-07-24 14:12:44.169646,Rawalpindi,27.2,67.7,12.1,629.8,0.58
2026-07-24 15:12:44.169646,Rawalpindi,26.4,58.9,29.2,543.3,0.0
2026-07-24 16:12:44.169646,Rawalpindi,24.2,45.2,16.0,366.6,0.85
2026-07-24 17:12:44.169646,Rawalpindi,23.1,65.9,33.9,222.7,0.13
2026-07-24 18:12:44.169646,Rawalpindi,23.4,52.2,14.4,0.0,0.0
2026-07-24 19:12:44.169646,Rawalpindi,23.4,40.3,23.1,0.0,0.72
2026-07-24 20:12:44.169646,Rawalpindi,17.2,96.7,17.3,0.0,0.0
2026-07-24 21:12:44.169646,Rawalpindi,16.5,55.9,19.8,0.0,2.82
2026-07-24 22:12:44.169646,Rawalpindi,15.8,61.4,13.1,0.0,0.0
2026-07-24 23:12:44.169646,Rawalpindi,14.6,27.1,17.6,0.0,0.0
2026-07-25 00:12:44.169646,Rawalpindi,17.3,23.4,7.4,0.0,0.0
2026-07-25 01:12:44.169646,Rawalpindi,19.6,64.3,15.2,0.0,0.0
2026-07-25 02:12:44.169646,Rawalpindi,14.4,44.4,3.1,0.0,0.0
2026-07-25 03:12:44.169646,Rawalpindi,13.2,42.0,6.6,0.0,0.0
2026-07-25 04:12:44.169646,Rawalpindi,16.6,67.3,9.4,0.0,0.25
2026-07-25 05:12:44.169646,Rawalpindi,20.1,27.4,15.4,0.0,0.07
2026-07-25 06:12:44.169646,Rawalpindi,17.5,39.8,17.4,0.0,0.3
2026-07-25 07:12:44.169646,Rawalpindi,25.2,46.2,16.2,255.5,0.0
2026-07-25 08:12:44.169646,Rawalpindi,25.0,74.1,16.8,481.7,0.43
2026-07-25 09:12:44.169646,Rawalpindi,24.0,59.0,3.6,597.9,0.0
2026-07-25 10:12:44.169646,Rawalpindi,25.1,79.8,10.2,606.6,0.0
2026-07-25 11:12:44.169646,Rawalpindi,28.2,65.0,2.6,909.8,0.0
2026-07-25 12:12:44.169646,Rawalpindi,29.2,64.3,13.3,834.4,0.0
2026-07-25 13:12:44.169646,Rawalpindi,26.4,62.0,12.9,739.3,0.0
2026-07-25 14:12:44.169646,Rawalpindi,26.6,84.6,4.0,644.6,0.0
2026-07-25 15:12:44.169646,Rawalpindi,24.5,43.0,3.6,671.7,0.0
2026-07-25 16:12:44.169646,Rawalpindi,25.1,27.6,23.9,464.4,0.0
2026-07-25 17:12:44.169646,Rawalpindi,22.2,51.1,18.6,203.5,0.28
2026-07-25 18:12:44.169646,Rawalpindi,22.1,48.4,21.9,0.0,0.0
2026-07-25 19:12:44.169646,Rawalpindi,16.8,25.9,21.4,0.0,0.0
2026-07-25 20:12:44.169646,Rawalpindi,20.6,63.2,8.4,0.0,0.0
2026-07-25 21:12:44.169646,Rawalpindi,19.2,68.6,26.9,0.0,0.65
2026-07-25 22:12:44.169646,Rawalpindi,17.0,68.8,5.3,0.0,0.53
2026-07-25 23:12:44.169646,Rawalpindi,14.9,64.6,9.2,0.0,0.07
2026-07-26 00:12:44.169646,Rawalpindi,16.7,63.8,18.7,0.0,0.12
2026-07-26 01:12:44.169646,Rawalpindi,13.5,39.0,1.4,0.0,0.0
2026-07-26 02:12:44.169646,Rawalpindi,16.7,43.6,11.0,0.0,0.31
2026-07-26 03:12:44.169646,Rawalpindi,15.2,49.0,5.6,0.0,0.0
2026-07-26 04:12:44.169646,Rawalpindi,17.4,49.6,14.0,0.0,0.0
2026-07-26 05:12:44.169646,Rawalpindi,18.5,52.7,22.4,0.0,0.0
2026-07-26 06:12:44.169646,Rawalpindi,18.5,32.1,12.2,0.0,0.0
2026-07-26 07:12:44.169646,Rawalpindi,24.1,79.5,9.2,187.2,1.62
2026-07-26 08:12:44.169646,Rawalpindi,18.6,46.2,20.3,372.5,0.0
2026-07-26 09:12:44.169646,Rawalpindi,24.9,41.0,30.0,587.6,0.0
2026-07-26 10:12:44.169646,Rawalpindi,23.2,53.8,10.6,788.5,0.22
2026-07-26 11:12:44.169646,Rawalpindi,28.2,26.4,10.3,812.1,0.09
2026-07-26 12:12:44.169646,Rawalpindi,29.3,48.1,22.9,848.6,0.0
2026-07-26 13:12:44.169646,Rawalpindi,26.2,41.9,10.6,729.4,0.0
2026-07-26 14:12:44.169646,Rawalpindi,26.5,70.9,18.7,735.5,0.0
2026-07-26 15:12:44.169646,Rawalpindi,25.0,72.4,19.6,523.9,0.01
2026-07-26 16:12:44.169646,Rawalpindi,25.7,58.5,22.4,483.6,0.0
2026-07-26 17:12:44.169646,Rawalpindi,20.8,66.5,9.7,245.7,0.01
2026-07-26 18:12:44.169646,Rawalpindi,21.1,56.9,10.1,0.0,0.0
2026-07-26 19:12:44.169646,Rawalpindi,19.3,68.3,22.3,0.0,0.36
2026-07-26 20:12:44.169646,Rawalpindi,18.6,67.7,19.4,0.0,0.0
2026-07-26 21:12:44.169646,Rawalpindi,16.7,48.4,16.7,0.0,0.33
2026-07-26 22:12:44.169646,Rawalpindi,18.1,43.5,20.4,0.0,0.17
2026-07-26 23:12:44.169646,Rawalpindi,18.1,32.4,21.1,0.0,0.85
2026-07-27 00:12:44.169646,Rawalpindi,14.7,52.2,11.4,0.0,0.09
2026-07-27 01:12:44.169646,Rawalpindi,12.9,76.5,7.3,0.0,0.0
2026-07-27 02:12:44.169646,Rawalpindi,18.6,33.5,9.4,0.0,0.18
2026-07-27 03:12:44.169646,Rawalpindi,13.6,58.0,14.9,0.0,0.0
2026-07-27 04:12:44.169646,Rawalpindi,21.4,52.7,13.4,0.0,0.39
2026-07-27 05:12:44.169646,Rawalpindi,21.1,19.7,17.9,0.0,0.62
2026-07-27 06:12:44.169646,Rawalpindi,20.0,83.4,11.2,0.0,0.0
2026-07-27 07:12:44.169646,Rawalpindi,24.6,61.7,3.2,221.4,1.1
2026-07-27 08:12:44.169646,Rawalpindi,24.7,51.3,11.0,472.0,0.0
2026-07-27 09:12:44.169646,Rawalpindi,25.3,61.4,13.1,547.9,0.2
2026-07-27 10:12:44.169646,Rawalpindi,25.5,52.6,3.3,675.7,0.0
2026-07-27 11:12:44.169646,Rawalpindi,26.0,51.2,25.0,748.0,0.13
2026-07-27 12:12:44.169646,Rawalpindi,30.0,25.7,22.5,701.7,0.08
2026-07-27 13:12:44.169646,Rawalpindi,27.9,53.9,9.6,887.8,1.08
2026-07-27 14:12:44.169646,Rawalpindi,29.9,62.4,5.8,661.4,0.0
2026-07-27 15:12:44.169646,Rawalpindi,22.1,49.0,26.4,512.3,0.36
2026-07-27 16:12:44.169646,Rawalpindi,27.1,56.9,6.6,441.7,0.2
2026-07-27 17:12:44.169646,Rawalpindi,20.1,66.4,10.4,206.0,0.16
2026-07-27 18:12:44.169646,Rawalpindi,21.5,46.5,16.3,0.0,1.05
2026-07-27 19:12:44.169646,Rawalpindi,20.0,64.1,7.0,0.0,0.36
2026-07-27 20:12:44.169646,Rawalpindi,20.3,64.4,21.4,0.0,0.0
2026-07-27 21:12:44.169646,Rawalpindi,13.8,67.8,9.8,0.0,0.07
2026-07-27 22:12:44.169646,Rawalpindi,19.5,35.4,17.9,0.0,0.16
2026-07-27 23:12:44.169646,Rawalpindi,9.7,58.5,17.3,0.0,0.28
2026-07-28 00:12:44.169646,Rawalpindi,17.0,68.9,21.5,0.0,0.0
2026-07-28 01:12:44.169646,Rawalpindi,18.8,74.0,8.8,0.0,1.91
2026-07-28 02:12:44.169646,Rawalpindi,14.1,71.0,10.0,0.0,0.33
2026-07-28 03:12:44.169646,Rawalpindi,16.3,50.7,9.7,0.0,0.66
2026-07-28 04:12:44.169646,Rawalpindi,16.3,71.4,21.2,0.0,0.92
2026-07-28 05:12:44.169646,Rawalpindi,16.6,57.8,18.2,0.0,0.0
2026-07-28 06:12:44.169646,Rawalpindi,19.4,55.6,10.4,0.0,0.28
2026-07-28 07:12:44.169646,Rawalpindi,22.4,48.6,1.7,241.1,0.39
2026-07-28 08:12:44.169646,Rawalpindi,24.4,43.9,13.4,418.3,0.0
2026-07-28 09:12:44.169646,Rawalpindi,24.7,54.2,14.6,678.4,1.73
2026-07-28 10:12:44.169646,Rawalpindi,24.3,57.6,5.3,843.5,0.06
2026-07-28 11:12:44.169646,Rawalpindi,26.2,72.3,10.3,724.2,1.93
2026-07-28 12:12:44.169646,Rawalpindi,25.0,34.0,10.3,703.6,0.0
2026-07-28 13:12:44.169646,Rawalpindi,26.0,55.1,21.3,754.5,0.0
2026-07-28 14:12:44.169646,Rawalpindi,26.4,73.1,0.4,758.5,0.02
2026-07-28 15:12:44.169646,Rawalpindi,23.1,36.6,21.6,622.0,0.0
2026-07-28 16:12:44.169646,Rawalpindi,21.4,44.9,6.6,487.3,0.13
2026-07-28 17:12:44.169646,Rawalpindi,21.9,36.2,3.1,213.3,0.57
2026-07-28 18:12:44.169646,Rawalpindi,19.2,68.6,10.1,0.0,0.43
2026-07-28 19:12:44.169646,Rawalpindi,17.9,59.0,20.5,0.0,0.0
2026-07-28 20:12:44.169646,Rawalpindi,18.7,43.6,6.7,0.0,0.0
2026-07-28 21:12:44.169646,Rawalpindi,18.3,48.0,6.6,0.0,0.0
2026-07-28 22:12:44.169646,Rawalpindi,13.6,34.7,16.8,0.0,0.0
2026-07-28 23:12:44.169646,Rawalpindi,16.2,74.2,10.0,0.0,0.0
2026-07-29 00:12:44.169646,Rawalpindi,15.1,82.8,21.4,0.0,1.05
2026-07-29 01:12:44.169646,Rawalpindi,13.7,56.5,12.6,0.0,0.0
2026-07-29 02:12:44.169646,Rawalpindi,15.0,23.6,8.9,0.0,0.0
2026-07-29 03:12:44.169646,Rawalpindi,13.0,44.1,6.5,0.0,0.43
2026-07-29 04:12:44.169646,Rawalpindi,19.7,49.6,22.0,0.0,0.4
2026-07-29 05:12:44.169646,Rawalpindi,22.0,44.3,6.2,0.0,0.24
2026-07-29 06:12:44.169646,Rawalpindi,23.9,39.4,13.6,0.0,0.21
2026-07-29 07:12:44.169646,Rawalpindi,22.9,34.7,11.2,216.9,0.0
2026-07-29 08:12:44.169646,Rawalpindi,21.2,38.7,13.5,455.0,0.0
2026-07-29 09:12:44.169646,Rawalpindi,24.9,46.1,3.2,674.5,0.05
2026-07-29 10:12:44.169646,Rawalpindi,26.4,51.9,14.5,627.4,0.05
2026-07-29 11:12:44.169646,Rawalpindi,29.7,55.3,16.3,727.5,0.1
2026-07-29 12:12:44.169646,Rawalpindi,29.2,37.1,11.7,757.6,0.1
2026-07-29 13:12:44.169646,Rawalpindi,21.7,41.2,15.5,890.8,0.21
2026-07-29 14:12:44.169646,Rawalpindi,21.8,67.8,5.9,808.6,0.06
2026-07-29 15:12:44.169646,Rawalpindi,25.4,55.3,19.0,705.2,0.02
2026-07-29 16:12:44.169646,Rawalpindi,19.6,62.6,17.6,474.5,0.44
2026-07-29 17:12:44.169646,Rawalpindi,21.4,39.5,5.5,222.9,0.0
2026-07-29 18:12:44.169646,Rawalpindi,21.8,75.7,9.6,0.0,0.0
2026-07-29 19:12:44.169646,Rawalpindi,21.5,57.2,2.1,0.0,0.0
2026-07-29 20:12:44.169646,Rawalpindi,19.0,40.7,22.5,0.0,0.4
2026-07-29 21:12:44.169646,Rawalpindi,14.3,55.9,17.8,0.0,0.0
2026-07-29 22:12:44.169646,Rawalpindi,12.6,39.3,10.0,0.0,0.0
2026-07-29 23:12:44.169646,Rawalpindi,13.4,62.7,20.5,0.0,0.68
2026-07-30 00:12:44.169646,Rawalpindi,12.3,54.7,13.9,0.0,0.56
2026-07-30 01:12:44.169646,Rawalpindi,16.1,47.4,15.9,0.0,1.88
2026-07-30 02:12:44.169646,Rawalpindi,14.1,62.8,11.6,0.0,0.0
2026-07-30 03:12:44.169646,Rawalpindi,16.4,49.1,23.4,0.0,1.52
2026-07-30 04:12:44.169646,Rawalpindi,15.6,45.2,13.6,0.0,0.0
2026-07-30 05:12:44.169646,Rawalpindi,20.4,47.4,19.3,0.0,0.83
2026-07-30 06:12:44.169646,Rawalpindi,25.8,43.6,7.8,0.0,0.57
2026-07-30 07:12:44.169646,Rawalpindi,20.4,70.1,7.4,237.7,0.13
2026-07-30 08:12:44.169646,Rawalpindi,25.4,69.9,6.7,497.4,0.03
2026-07-30 09:12:44.169646,Rawalpindi,24.9,70.1,11.3,680.9,0.49
2026-07-30 10:12:44.169646,Rawalpindi,24.8,61.4,6.6,720.3,0.0
2026-07-30 11:12:44.169646,Rawalpindi,27.2,54.8,20.8,847.7,1.08
2026-07-30 12:12:44.169646,Rawalpindi,28.0,32.5,18.6,718.5,0.0
2026-07-30 13:12:44.169646,Rawalpindi,25.3,38.9,21.9,837.8,1.36
2026-07-30 14:12:44.169646,Rawalpindi,23.7,85.6,13.5,638.9,0.0
2026-07-30 15:12:44.169646,Rawalpindi,23.1,51.0,17.1,702.6,0.0
2026-07-30 16:12:44.169646,Rawalpindi,24.4,71.0,11.3,406.5,0.0
2026-07-30 17:12:44.169646,Rawalpindi,23.6,33.1,19.4,227.3,0.0
2026-07-30 18:12:44.169646,Rawalpindi,18.2,73.4,17.2,0.0,0.0
2026-07-30 19:12:44.169646,Rawalpindi,17.2,62.6,31.0,0.0,0.51
2026-07-30 20:12:44.169646,Rawalpindi,19.3,41.8,5.7,0.0,0.23
2026-07-30 21:12:44.169646,Rawalpindi,15.7,48.1,29.4,0.0,0.0
2026-07-30 22:12:44.169646,Rawalpindi,13.7,57.4,15.8,0.0,0.0
2026-07-30 23:12:44.169646,Rawalpindi,12.3,36.0,7.2,0.0,1.12
2026-07-31 00:12:44.169646,Rawalpindi,13.6,49.4,14.6,0.0,1.46
2026-07-31 01:12:44.169646,Rawalpindi,11.1,69.8,19.6,0.0,0.0
2026-07-31 02:12:44.169646,Rawalpindi,19.3,74.3,7.0,0.0,0.1
2026-07-31 03:12:44.169646,Rawalpindi,13.2,72.4,9.2,0.0,0.0
2026-07-31 04:12:44.169646,Rawalpindi,14.8,61.7,15.6,0.0,0.19
2026-07-31 05:12:44.169646,Rawalpindi,17.7,64.7,2.5,0.0,0.93
2026-07-31 06:12:44.169646,Rawalpindi,19.9,68.2,12.5,0.0,0.07
2026-07-31 07:12:44.169646,Rawalpindi,22.8,67.5,16.6,186.7,0.0
2026-07-31 08:12:44.169646,Rawalpindi,22.7,43.1,19.9,361.6,0.01
2026-07-31 09:12:44.169646,Rawalpindi,27.6,82.2,23.6,702.5,0.65
2026-07-31 10:12:44.169646,Rawalpindi,23.3,49.9,11.4,760.0,0.0
2026-07-31 11:12:44.169646,Rawalpindi,25.6,41.6,14.9,864.8,0.44
2026-07-31 12:12:44.169646,Rawalpindi,22.2,49.4,28.8,861.6,0.0
2026-07-31 13:12:44.169646,Rawalpindi,21.9,60.1,11.3,706.7,0.21
2026-07-31 14:12:44.169646,Rawalpindi,24.4,55.4,7.7,756.7,0.0
2026-07-31 15:12:44.169646,Rawalpindi,26.0,48.6,9.8,505.1,0.0
2026-07-31 16:12:44.169646,Rawalpindi,25.7,62.8,17.7,459.1,0.0
2026-07-31 17:12:44.169646,Rawalpindi,21.4,67.2,15.8,182.0,0.16
2026-07-31 18:12:44.169646,Rawalpindi,17.6,92.8,7.3,0.0,1.23
2026-07-31 19:12:44.169646,Rawalpindi,19.8,81.3,15.0,0.0,0.62
2026-07-31 20:12:44.169646,Rawalpindi,15.4,59.5,16.4,0.0,0.12
2026-07-31 21:12:44.169646,Rawalpindi,14.1,49.3,12.2,0.0,0.27
2026-07-31 22:12:44.169646,Rawalpindi,15.9,39.1,19.8,0.0,0.0
2026-07-31 23:12:44.169646,Rawalpindi,13.6,57.7,1.3,0.0,0.0
2026-08-01 00:12:44.169646,Rawalpindi,14.5,56.1,18.2,0.0,0.0
2026-08-01 01:12:44.169646,Rawalpindi,14.6,45.0,0.9,0.0,0.49
2026-08-01 02:12:44.169646,Rawalpindi,13.2,39.5,9.7,0.0,0.42
2026-08-01 03:12:44.169646,Rawalpindi,13.9,40.2,13.2,0.0,0.01
2026-08-01 04:12:44.169646,Rawalpindi,17.2,41.7,6.8,0.0,0.0
2026-08-01 05:12:44.169646,Rawalpindi,18.8,52.7,9.4,0.0,0.45
2026-08-01 06:12:44.169646,Rawalpindi,20.7,55.3,5.6,0.0,0.8
2026-08-01 07:12:44.169646,Rawalpindi,19.1,53.4,14.8,242.6,0.77
2026-08-01 08:12:44.169646,Rawalpindi,21.9,69.2,17.3,388.4,0.13
2026-08-01 09:12:44.169646,Rawalpindi,24.8,38.4,7.2,513.2,0.09
2026-08-01 10:12:44.169646,Rawalpindi,24.4,46.6,16.4,841.8,0.0
2026-08-01 11:12:44.169646,Rawalpindi,25.1,62.9,10.2,846.9,0.4
2026-08-01 12:12:44.169646,Rawalpindi,23.3,44.7,17.5,882.3,0.08
2026-08-01 13:12:44.169646,Rawalpindi,24.6,79.9,14.1,906.7,0.0
2026-08-01 14:12:44.169646,Rawalpindi,25.3,62.5,21.2,781.8,0.0
2026-08-01 15:12:44.169646,Rawalpindi,23.8,61.4,7.8,507.1,0.14
2026-08-01 16:12:44.169646,Rawalpindi,21.6,86.5,8.2,476.6,0.0
2026-08-01 17:12:44.169646,Rawalpindi,21.7,42.9,9.7,209.6,0.01
2026-08-01 18:12:44.169646,Rawalpindi,17.2,56.6,8.2,0.0,0.01
2026-08-01 19:12:44.169646,Rawalpindi,20.6,54.8,22.4,0.0,0.14
2026-08-01 20:12:44.169646,Rawalpindi,18.7,46.4,18.8,0.0,0.5
2026-08-01 21:12:44.169646,Rawalpindi,16.4,70.9,17.7,0.0,0.45
2026-08-01 22:12:44.169646,Rawalpindi,17.5,55.4,18.8,0.0,0.94
2026-08-01 23:12:44.169646,Rawalpindi,14.3,67.3,2.7,0.0,0.0
2026-08-02 00:12:44.169646,Rawalpindi,13.5,62.2,10.3,0.0,0.02
2026-08-02 01:12:44.169646,Rawalpindi,15.2,31.8,18.6,0.0,0.0
2026-08-02 02:12:44.169646,Rawalpindi,16.3,72.6,13.0,0.0,0.0
2026-08-02 03:12:44.169646,Rawalpindi,15.1,69.8,10.3,0.0,0.21
2026-08-02 04:12:44.169646,Rawalpindi,16.9,67.5,17.0,0.0,0.01
2026-08-02 05:12:44.169646,Rawalpindi,17.5,50.5,5.7,0.0,0.0
2026-08-02 06:12:44.169646,Rawalpindi,17.7,57.3,30.3,0.0,0.04
2026-08-02 07:12:44.169646,Rawalpindi,17.3,44.9,14.5,230.7,0.0
2026-08-02 08:12:44.169646,Rawalpindi,25.3,34.7,16.9,433.2,1.12
2026-08-02 09:12:44.169646,Rawalpindi,22.7,70.2,11.6,656.0,0.45
2026-08-02 10:12:44.169646,Rawalpindi,24.4,62.2,11.3,668.2,0.0
2026-08-02 11:12:44.169646,Rawalpindi,27.8,67.3,11.9,776.2,0.15
2026-08-02 12:12:44.169646,Rawalpindi,26.2,49.0,14.8,858.0,0.34
2026-08-02 13:12:44.169646,Rawalpindi,24.3,59.2,14.6,902.9,0.33
2026-08-02 14:12:44.169646,Rawalpindi,23.3,44.1,10.6,820.8,0.13
2026-08-02 15:12:44.169646,Rawalpindi,28.4,74.7,9.0,509.7,0.0
2026-08-02 16:12:44.169646,Rawalpindi,24.7,54.3,18.5,408.4,0.0
2026-08-02 17:12:44.169646,Rawalpindi,20.9,71.4,16.4,208.8,0.06
2026-08-02 18:12:44.169646,Rawalpindi,18.9,52.5,18.2,0.0,0.97
2026-08-02 19:12:44.169646,Rawalpindi,18.8,36.7,2.8,0.0,0.0
2026-08-02 20:12:44.169646,Rawalpindi,20.2,49.6,3.2,0.0,0.46
2026-08-02 21:12:44.169646,Rawalpindi,16.9,44.0,14.9,0.0,0.0
2026-08-02 22:12:44.169646,Rawalpindi,12.8,66.8,7.5,0.0,0.0
2026-08-02 23:12:44.169646,Rawalpindi,12.4,51.7,11.1,0.0,0.0
2026-08-03 00:12:44.169646,Rawalpindi,12.4,65.8,16.9,0.0,0.25
2026-08-03 01:12:44.169646,Rawalpindi,13.0,38.2,23.5,0.0,0.37
2026-08-03 02:12:44.169646,Rawalpindi,15.2,78.0,15.7,0.0,0.06
2026-08-03 03:12:44.169646,Rawalpindi,17.2,68.7,2.7,0.0,0.2
2026-08-03 04:12:44.169646,Rawalpindi,15.5,57.7,10.9,0.0,0.85
2026-08-03 05:12:44.169646,Rawalpindi,17.4,39.5,6.7,0.0,0.23
2026-08-03 06:12:44.169646,Rawalpindi,20.5,59.2,4.8,0.0,0.0
2026-08-03 07:12:44.169646,Rawalpindi,16.5,35.0,14.3,224.1,0.0
2026-08-03 08:12:44.169646,Rawalpindi,26.1,34.6,39.0,380.9,0.0
2026-08-03 09:12:44.169646,Rawalpindi,27.9,83.7,7.9,590.7,0.12
2026-08-03 10:12:44.169646,Rawalpindi,24.5,43.3,5.5,664.5,1.0
2026-08-03 11:12:44.169646,Rawalpindi,23.8,62.9,7.4,951.3,0.0
2026-08-03 12:12:44.169646,Rawalpindi,26.5,45.2,3.7,871.3,0.0
2026-08-03 13:12:44.169646,Rawalpindi,29.7,61.8,12.1,914.6,0.26
2026-08-03 14:12:44.169646,Rawalpindi,26.3,76.9,5.6,697.7,0.22
2026-08-03 15:12:44.169646,Rawalpindi,22.6,63.7,10.7,600.0,0.0
2026-08-03 16:12:44.169646,Rawalpindi,21.1,43.3,10.6,412.8,0.1
2026-08-03 17:12:44.169646,Rawalpindi,21.6,42.3,8.2,182.9,0.05
2026-08-03 18:12:44.169646,Rawalpindi,21.8,66.0,13.2,0.0,0.0
2026-08-03 19:12:44.169646,Rawalpindi,16.0,69.8,17.5,0.0,0.16
2026-08-03 20:12:44.169646,Rawalpindi,17.1,67.3,22.5,0.0,0.0
2026-08-03 21:12:44.169646,Rawalpindi,15.5,46.2,28.7,0.0,0.32
2026-08-03 22:12:44.169646,Rawalpindi,16.6,36.5,3.0,0.0,0.02
2026-08-03 23:12:44.169646,Rawalpindi,15.6,40.8,13.4,0.0,0.0
2026-08-04 00:12:44.169646,Rawalpindi,16.5,47.0,26.4,0.0,0.74
2026-08-04 01:12:44.169646,Rawalpindi,13.0,34.8,15.3,0.0,0.0
2026-08-04 02:12:44.169646,Rawalpindi,14.4,55.7,11.1,0.0,0.14
2026-08-04 03:12:44.169646,Rawalpindi,19.9,72.7,21.0,0.0,0.0
2026-08-04 04:12:44.169646,Rawalpindi,15.2,59.8,11.8,0.0,0.21
2026-08-04 05:12:44.169646,Rawalpindi,17.5,43.6,14.8,0.0,2.46
2026-08-04 06:12:44.169646,Rawalpindi,18.4,49.0,6.0,0.0,0.0
2026-08-04 07:12:44.169646,Rawalpindi,23.1,57.5,4.9,248.0,0.0
2026-08-04 08:12:44.169646,Rawalpindi,17.9,52.7,12.4,455.5,0.0
2026-08-04 09:12:44.169646,Rawalpindi,24.9,50.7,19.0,603.5,0.0
2026-08-04 10:12:44.169646,Rawalpindi,22.9,62.6,18.6,797.6,0.0
2026-08-04 11:12:44.169646,Rawalpindi,25.0,35.0,15.1,860.9,0.25
2026-08-04 12:12:44.169646,Rawalpindi,25.6,82.6,1.4,872.5,0.0
2026-08-04 13:12:44.169646,Rawalpindi,28.7,54.9,17.1,910.6,0.03
2026-08-04 14:12:44.169646,Rawalpindi,23.9,29.1,14.3,608.6,0.0
2026-08-04 15:12:44.169646,Rawalpindi,24.5,39.9,13.8,497.8,0.21
2026-08-04 16:12:44.169646,Rawalpindi,23.8,49.9,14.1,377.7,0.0
2026-08-04 17:12:44.169646,Rawalpindi,23.0,51.4,16.2,228.4,0.0
2026-08-04 18:12:44.169646,Rawalpindi,19.9,65.3,1.9,0.0,0.0
2026-08-04 19:12:44.169646,Rawalpindi,15.2,40.5,11.0,0.0,0.0
2026-08-04 20:12:44.169646,Rawalpindi,16.0,52.2,5.1,0.0,0.16
2026-08-04 21:12:44.169646,Rawalpindi,17.0,51.8,11.8,0.0,0.05
2026-08-04 22:12:44.169646,Rawalpindi,14.4,66.8,12.5,0.0,0.0
2026-08-04 23:12:44.169646,Rawalpindi,12.2,78.1,14.1,0.0,0.0
2026-08-05 00:12:44.169646,Rawalpindi,16.0,56.7,11.0,0.0,0.0
2026-08-05 01:12:44.169646,Rawalpindi,15.0,56.7,16.3,0.0,0.0
2026-08-05 02:12:44.169646,Rawalpindi,14.0,59.2,30.3,0.0,0.0
2026-08-05 03:12:44.169646,Rawalpindi,17.2,68.2,16.0,0.0,0.45
2026-08-05 04:12:44.169646,Rawalpindi,15.1,54.4,10.0,0.0,0.21
2026-08-05 05:12:44.169646,Rawalpindi,15.6,63.1,8.1,0.0,0.03
2026-08-05 06:12:44.169646,Rawalpindi,20.8,61.8,24.2,0.0,1.01
2026-08-05 07:12:44.169646,Rawalpindi,21.0,51.2,13.5,226.8,0.18
2026-08-05 08:12:44.169646,Rawalpindi,18.6,55.5,7.3,364.4,0.37
2026-08-05 09:12:44.169646,Rawalpindi,25.0,47.2,11.0,580.6,0.71
2026-08-05 10:12:44.169646,Rawalpindi,23.4,46.6,13.2,862.2,0.0
2026-08-05 11:12:44.169646,Rawalpindi,25.6,52.5,5.2,850.0,0.79
2026-08-05 12:12:44.169646,Rawalpindi,25.9,54.6,13.0,784.5,0.0
2026-08-05 13:12:44.169646,Rawalpindi,22.7,51.4,8.4,765.2,0.0
2026-08-05 14:12:44.169646,Rawalpindi,29.3,54.2,17.8,777.9,0.42
2026-08-05 15:12:44.169646,Rawalpindi,23.9,74.6,12.1,634.5,0.0
2026-08-05 16:12:44.169646,Rawalpindi,20.3,34.0,13.1,401.1,0.0
2026-08-05 17:12:44.169646,Rawalpindi,22.7,55.5,7.5,212.7,0.0
2026-08-05 18:12:44.169646,Rawalpindi,18.7,64.3,28.8,0.0,0.0
2026-08-05 19:12:44.169646,Rawalpindi,17.0,44.5,27.3,0.0,0.0
2026-08-05 20:12:44.169646,Rawalpindi,15.8,57.8,7.0,0.0,0.18
2026-08-05 21:12:44.169646,Rawalpindi,18.9,43.9,28.6,0.0,0.0
2026-08-05 22:12:44.169646,Rawalpindi,15.2,38.0,22.6,0.0,0.5
2026-08-05 23:12:44.169646,Rawalpindi,16.9,51.5,7.2,0.0,0.0
2026-08-06 00:12:44.169646,Rawalpindi,15.9,59.4,11.3,0.0,0.12
2026-08-06 01:12:44.169646,Rawalpindi,14.4,14.9,22.0,0.0,0.03
2026-08-06 02:12:44.169646,Rawalpindi,17.0,66.1,22.8,0.0,0.0
2026-08-06 03:12:44.169646,Rawalpindi,20.1,56.1,9.8,0.0,0.64
2026-08-06 04:12:44.169646,Rawalpindi,18.4,68.6,19.3,0.0,0.0
2026-08-06 05:12:44.169646,Rawalpindi,19.4,66.1,20.4,0.0,0.04
2026-08-06 06:12:44.169646,Rawalpindi,17.4,55.1,13.1,0.0,0.15
2026-08-06 07:12:44.169646,Rawalpindi,21.3,40.7,24.0,184.4,0.7
2026-08-06 08:12:44.169646,Rawalpindi,23.0,35.8,19.1,440.4,0.41
2026-08-06 09:12:44.169646,Rawalpindi,23.9,39.8,8.7,657.0,0.0
2026-08-06 10:12:44.169646,Rawalpindi,25.7,66.2,21.4,659.1,0.0
2026-08-06 11:12:44.169646,Rawalpindi,24.5,43.1,16.4,933.0,0.0
2026-08-06 12:12:44.169646,Rawalpindi,26.2,43.2,31.5,879.7,0.43
2026-08-06 13:12:44.169646,Rawalpindi,25.6,47.4,27.1,750.8,0.0
2026-08-06 14:12:44.169646,Rawalpindi,24.4,30.9,9.7,626.8,0.04
2026-08-06 15:12:44.169646,Rawalpindi,20.1,20.7,12.6,681.4,1.12
2026-08-06 16:12:44.169646,Rawalpindi,21.3,44.0,8.7,448.5,0.0
2026-08-06 17:12:44.169646,Rawalpindi,21.0,68.9,18.4,207.2,0.0
2026-08-06 18:12:44.169646,Rawalpindi,17.5,57.2,3.8,0.0,0.86
2026-08-06 19:12:44.169646,Rawalpindi,17.8,45.5,7.6,0.0,0.0
2026-08-06 20:12:44.169646,Rawalpindi,10.2,49.3,17.6,0.0,0.91
2026-08-06 21:12:44.169646,Rawalpindi,12.0,21.2,5.9,0.0,0.02
2026-08-06 22:12:44.169646,Rawalpindi,13.2,37.5,14.7,0.0,0.0
2026-08-06 23:12:44.169646,Rawalpindi,14.4,54.6,12.6,0.0,0.91
2026-08-07 00:12:44.169646,Rawalpindi,12.4,79.9,10.8,0.0,0.24
2026-08-07 01:12:44.169646,Rawalpindi,13.9,57.2,8.2,0.0,0.3
2026-08-07 02:12:44.169646,Rawalpindi,16.5,41.1,5.9,0.0,0.01
2026-08-07 03:12:44.169646,Rawalpindi,13.8,39.5,16.8,0.0,0.0
2026-08-07 04:12:44.169646,Rawalpindi,16.0,84.9,4.7,0.0,0.0
2026-08-07 05:12:44.169646,Rawalpindi,16.5,52.7,5.6,0.0,0.48
2026-08-07 06:12:44.169646,Rawalpindi,16.5,69.0,19.4,0.0,0.0
2026-08-07 07:12:44.169646,Rawalpindi,19.0,70.2,11.9,237.5,0.09
2026-08-07 08:12:44.169646,Rawalpindi,19.9,88.0,8.3,419.9,1.83
2026-08-07 09:12:44.169646,Rawalpindi,23.5,68.6,6.4,502.3,0.66
2026-08-07 10:12:44.169646,Rawalpindi,25.8,76.2,11.4,685.0,0.27
2026-08-07 11:12:44.169646,Rawalpindi,26.6,94.0,31.7,880.8,0.0
2026-08-07 12:12:44.169646,Rawalpindi,24.3,44.1,10.9,971.2,0.49
2026-08-07 13:12:44.169646,Rawalpindi,24.9,33.4,10.9,713.1,0.0
2026-08-07 14:12:44.169646,Rawalpindi,27.3,58.9,8.7,850.0,0.38
2026-08-07 15:12:44.169646,Rawalpindi,26.9,75.6,2.3,552.8,0.0
2026-08-07 16:12:44.169646,Rawalpindi,19.5,60.5,16.6,393.1,0.0
2026-08-07 17:12:44.169646,Rawalpindi,20.4,45.1,8.3,258.8,0.0
2026-08-07 18:12:44.169646,Rawalpindi,18.1,43.4,27.4,0.0,0.17
2026-08-07 19:12:44.169646,Rawalpindi,14.1,33.7,2.3,0.0,0.0
2026-08-07 20:12:44.169646,Rawalpindi,16.0,76.6,2.8,0.0,0.0
2026-08-07 21:12:44.169646,Rawalpindi,17.3,45.9,11.3,0.0,0.48
2026-08-07 22:12:44.169646,Rawalpindi,13.3,56.4,27.9,0.0,0.0
2026-08-07 23:12:44.169646,Rawalpindi,15.0,45.9,6.9,0.0,0.0
2026-08-08 00:12:44.169646,Rawalpindi,13.7,69.0,9.0,0.0,0.22
2026-08-08 01:12:44.169646,Rawalpindi,12.4,73.7,13.8,0.0,1.91
2026-08-08 02:12:44.169646,Rawalpindi,13.8,63.1,4.8,0.0,0.3
2026-08-08 03:12:44.169646,Rawalpindi,16.5,37.0,9.9,0.0,0.33
2026-08-08 04:12:44.169646,Rawalpindi,17.1,52.5,5.8,0.0,0.0
2026-08-08 05:12:44.169646,Rawalpindi,16.5,75.4,11.9,0.0,1.06
2026-08-08 06:12:44.169646,Rawalpindi,22.5,69.7,15.8,0.0,0.0
2026-08-08 07:12:44.169646,Rawalpindi,23.3,52.3,31.2,221.8,0.5
2026-08-08 08:12:44.169646,Rawalpindi,23.2,78.6,3.5,411.9,0.0
2026-08-08 09:12:44.169646,Rawalpindi,25.6,39.3,13.8,621.0,0.13
2026-08-08 10:12:44.169646,Rawalpindi,25.5,49.9,15.3,845.0,0.7
2026-08-08 11:12:44.169646,Rawalpindi,27.1,58.0,13.4,767.6,0.0
2026-08-08 12:12:44.169646,Rawalpindi,24.8,41.6,9.6,717.7,0.0
2026-08-08 13:12:44.169646,Rawalpindi,25.5,52.9,9.4,799.9,0.21
2026-08-08 14:12:44.169646,Rawalpindi,27.4,59.4,6.5,705.5,0.0
2026-08-08 15:12:44.169646,Rawalpindi,19.8,28.9,10.8,642.5,1.24
2026-08-08 16:12:44.169646,Rawalpindi,22.0,60.5,10.9,433.8,0.0
2026-08-08 17:12:44.169646,Rawalpindi,18.3,50.7,7.0,237.6,0.78
2026-08-08 18:12:44.169646,Rawalpindi,20.4,51.8,18.2,0.0,0.19
2026-08-08 19:12:44.169646,Rawalpindi,16.0,69.3,11.9,0.0,0.0
2026-08-08 20:12:44.169646,Rawalpindi,14.3,60.3,15.4,0.0,0.26
2026-08-08 21:12:44.169646,Rawalpindi,15.5,52.9,18.4,0.0,0.04
2026-08-08 22:12:44.169646,Rawalpindi,12.1,62.0,12.4,0.0,0.7
2026-08-08 23:12:44.169646,Rawalpindi,15.0,88.3,26.4,0.0,0.0
2026-08-09 00:12:44.169646,Rawalpindi,12.7,51.2,24.1,0.0,0.29
2026-08-09 01:12:44.169646,Rawalpindi,15.7,73.9,9.3,0.0,0.08
2026-08-09 02:12:44.169646,Rawalpindi,10.8,69.5,18.9,0.0,0.0
2026-08-09 03:12:44.169646,Rawalpindi,16.3,52.2,11.0,0.0,0.0
2026-08-09 04:12:44.169646,Rawalpindi,16.3,34.3,6.6,0.0,0.0
2026-08-09 05:12:44.169646,Rawalpindi,19.2,65.5,20.7,0.0,0.63
2026-08-09 06:12:44.169646,Rawalpindi,21.7,44.0,2.3,0.0,0.0
2026-08-09 07:12:44.169646,Rawalpindi,20.0,72.7,4.1,200.4,0.0
2026-08-09 08:12:44.169646,Rawalpindi,24.4,61.6,11.0,357.7,1.58
2026-08-09 09:12:44.169646,Rawalpindi,22.6,40.7,5.7,553.3,0.61
2026-08-09 10:12:44.169646,Rawalpindi,22.5,80.1,19.9,702.1,0.0
2026-08-09 11:12:44.169646,Rawalpindi,25.7,64.5,8.8,857.0,1.07
2026-08-09 12:12:44.169646,Rawalpindi,21.2,54.0,2.0,809.7,0.0
2026-08-09 13:12:44.169646,Rawalpindi,24.0,51.0,7.6,685.5,0.0
2026-08-09 14:12:44.169646,Rawalpindi,23.3,35.0,9.4,757.9,0.0
2026-08-09 15:12:44.169646,Rawalpindi,23.1,65.7,16.3,652.4,0.0
2026-08-09 16:12:44.169646,Rawalpindi,26.0,73.2,15.8,402.8,0.48
2026-08-09 17:12:44.169646,Rawalpindi,18.8,50.2,10.1,193.3,0.0
2026-08-09 18:12:44.169646,Rawalpindi,19.2,63.1,1.5,0.0,0.0
2026-08-09 19:12:44.169646,Rawalpindi,16.3,74.5,3.2,0.0,0.57
2026-08-09 20:12:44.169646,Rawalpindi,14.1,32.0,28.7,0.0,0.0
2026-08-09 21:12:44.169646,Rawalpindi,16.6,51.7,9.1,0.0,1.73
2026-08-09 22:12:44.169646,Rawalpindi,16.2,77.1,19.2,0.0,0.0
2026-08-09 23:12:44.169646,Rawalpindi,11.3,41.6,9.5,0.0,0.18
2026-08-10 00:12:44.169646,Rawalpindi,12.7,73.7,10.8,0.0,0.49
2026-08-10 01:12:44.169646,Rawalpindi,14.9,38.2,5.0,0.0,0.0
2026-08-10 02:12:44.169646,Rawalpindi,12.2,58.5,6.2,0.0,0.19
2026-08-10 03:12:44.169646,Rawalpindi,18.2,26.8,29.1,0.0,0.2
2026-08-10 04:12:44.169646,Rawalpindi,12.2,74.9,15.0,0.0,0.0
2026-08-10 05:12:44.169646,Rawalpindi,15.7,56.5,7.5,0.0,0.11
2026-08-10 06:12:44.169646,Rawalpindi,16.6,78.4,12.5,0.0,0.41
2026-08-10 07:12:44.169646,Rawalpindi,20.2,49.8,9.3,182.3,0.07
2026-08-10 08:12:44.169646,Rawalpindi,21.7,42.5,16.1,488.7,0.46
2026-08-10 09:12:44.169646,Rawalpindi,24.8,57.7,11.6,526.1,0.15
2026-08-10 10:12:44.169646,Rawalpindi,23.1,66.1,28.7,606.5,0.0
2026-07-11 17:12:44.169646,Lahore,24.4,38.0,20.1,219.7,0.0
2026-07-11 18:12:44.169646,Lahore,20.6,58.3,9.8,0.0,0.0
2026-07-11 19:12:44.169646,Lahore,23.1,59.1,6.7,0.0,0.0
2026-07-11 20:12:44.169646,Lahore,16.9,45.8,17.9,0.0,0.0
2026-07-11 21:12:44.169646,Lahore,18.3,49.2,15.8,0.0,0.0
2026-07-11 22:12:44.169646,Lahore,18.6,75.5,13.7,0.0,0.09
2026-07-11 23:12:44.169646,Lahore,14.8,57.5,8.7,0.0,0.03
2026-07-12 00:12:44.169646,Lahore,14.9,68.7,19.2,0.0,0.53
2026-07-12 01:12:44.169646,Lahore,18.3,29.7,9.8,0.0,0.0
2026-07-12 02:12:44.169646,Lahore,19.7,57.0,15.2,0.0,0.12
2026-07-12 03:12:44.169646,Lahore,15.8,53.2,4.5,0.0,0.0
2026-07-12 04:12:44.169646,Lahore,21.1,97.8,16.4,0.0,0.0
2026-07-12 05:12:44.169646,Lahore,19.6,27.9,6.8,0.0,0.88
2026-07-12 06:12:44.169646,Lahore,22.0,59.1,13.4,0.0,0.07
2026-07-12 07:12:44.169646,Lahore,27.7,49.6,18.7,245.2,0.0
2026-07-12 08:12:44.169646,Lahore,27.9,69.4,6.4,397.1,0.19
2026-07-12 09:12:44.169646,Lahore,28.9,82.6,8.5,540.2,0.32
2026-07-12 10:12:44.169646,Lahore,30.4,55.8,21.1,613.9,0.02
2026-07-12 11:12:44.169646,Lahore,29.5,70.2,9.8,745.8,0.0
2026-07-12 12:12:44.169646,Lahore,25.6,42.9,19.5,860.4,1.72
2026-07-12 13:12:44.169646,Lahore,28.1,50.7,5.9,790.8,0.6
2026-07-12 14:12:44.169646,Lahore,33.2,55.3,17.7,645.3,1.52
2026-07-12 15:12:44.169646,Lahore,28.6,54.7,2.9,502.3,1.31
2026-07-12 16:12:44.169646,Lahore,24.4,63.9,12.6,404.6,0.31
2026-07-12 17:12:44.169646,Lahore,24.1,86.8,12.6,227.6,0.0
2026-07-12 18:12:44.169646,Lahore,22.9,33.4,3.2,0.0,0.0
2026-07-12 19:12:44.169646,Lahore,21.8,48.9,4.1,0.0,0.0
2026-07-12 20:12:44.169646,Lahore,23.1,38.4,6.2,0.0,0.11
2026-07-12 21:12:44.169646,Lahore,17.3,44.1,22.5,0.0,0.0
2026-07-12 22:12:44.169646,Lahore,15.8,48.8,8.7,0.0,0.0
2026-07-12 23:12:44.169646,Lahore,19.7,34.1,17.5,0.0,0.06
2026-07-13 00:12:44.169646,Lahore,19.4,61.4,41.7,0.0,0.0
2026-07-13 01:12:44.169646,Lahore,17.2,66.0,18.5,0.0,0.13
2026-07-13 02:12:44.169646,Lahore,17.6,70.0,16.4,0.0,0.01
2026-07-13 03:12:44.169646,Lahore,18.5,30.7,4.4,0.0,0.0
2026-07-13 04:12:44.169646,Lahore,20.2,66.5,10.6,0.0,0.26
2026-07-13 05:12:44.169646,Lahore,18.0,62.5,7.6,0.0,0.15
2026-07-13 06:12:44.169646,Lahore,22.4,50.7,21.1,0.0,0.0
2026-07-13 07:12:44.169646,Lahore,25.4,71.5,14.4,184.3,0.0
2026-07-13 08:12:44.169646,Lahore,27.9,44.5,8.9,396.5,0.0
2026-07-13 09:12:44.169646,Lahore,25.0,67.9,19.4,593.6,0.48
2026-07-13 10:12:44.169646,Lahore,27.9,57.9,23.5,758.7,0.0
2026-07-13 11:12:44.169646,Lahore,27.5,66.4,16.9,870.2,1.0
2026-07-13 12:12:44.169646,Lahore,31.4,55.5,11.1,713.6,0.0
2026-07-13 13:12:44.169646,Lahore,26.1,97.3,4.3,956.6,0.0
2026-07-13 14:12:44.169646,Lahore,28.1,62.2,4.4,754.6,0.0
2026-07-13 15:12:44.169646,Lahore,29.9,64.8,8.1,679.5,0.0
2026-07-13 16:12:44.169646,Lahore,24.4,57.0,12.2,471.0,1.38
2026-07-13 17:12:44.169646,Lahore,22.3,46.1,25.7,235.3,0.0
2026-07-13 18:12:44.169646,Lahore,21.5,43.3,11.6,0.0,0.35
2026-07-13 19:12:44.169646,Lahore,22.5,79.3,14.2,0.0,0.62
2026-07-13 20:12:44.169646,Lahore,19.8,54.7,7.3,0.0,0.0
2026-07-13 21:12:44.169646,Lahore,15.5,36.7,4.8,0.0,0.4
2026-07-13 22:12:44.169646,Lahore,14.8,59.3,17.9,0.0,0.25
2026-07-13 23:12:44.169646,Lahore,18.3,45.5,27.9,0.0,0.35
2026-07-14 00:12:44.169646,Lahore,18.2,59.2,8.4,0.0,0.0
2026-07-14 01:12:44.169646,Lahore,18.8,59.7,14.7,0.0,1.59
2026-07-14 02:12:44.169646,Lahore,18.9,47.3,24.3,0.0,0.0
2026-07-14 03:12:44.169646,Lahore,18.7,43.8,13.0,0.0,0.0
2026-07-14 04:12:44.169646,Lahore,14.7,81.3,25.2,0.0,0.0
2026-07-14 05:12:44.169646,Lahore,22.6,58.8,9.9,0.0,0.0
2026-07-14 06:12:44.169646,Lahore,19.9,71.4,8.5,0.0,0.0
2026-07-14 07:12:44.169646,Lahore,25.5,58.4,1.5,226.4,0.0
2026-07-14 08:12:44.169646,Lahore,25.7,57.3,13.6,455.2,0.0
2026-07-14 09:12:44.169646,Lahore,26.3,39.7,19.4,691.8,0.0
2026-07-14 10:12:44.169646,Lahore,23.6,71.9,18.0,727.3,0.09
2026-07-14 11:12:44.169646,Lahore,27.5,43.1,16.3,840.7,0.05
2026-07-14 12:12:44.169646,Lahore,31.4,62.9,29.2,863.6,0.0
2026-07-14 13:12:44.169646,Lahore,28.4,58.7,11.7,830.2,0.0
2026-07-14 14:12:44.169646,Lahore,30.1,63.9,28.5,657.4,0.1
2026-07-14 15:12:44.169646,Lahore,27.6,64.5,9.8,632.7,0.44
2026-07-14 16:12:44.169646,Lahore,26.0,48.1,9.1,354.8,0.0
2026-07-14 17:12:44.169646,Lahore,24.9,66.0,20.7,233.1,0.36
2026-07-14 18:12:44.169646,Lahore,23.4,41.0,7.4,0.0,0.18
2026-07-14 19:12:44.169646,Lahore,17.3,72.8,26.4,0.0,0.0
2026-07-14 20:12:44.169646,Lahore,18.1,73.9,8.6,0.0,1.02
2026-07-14 21:12:44.169646,Lahore,19.2,28.9,7.4,0.0,2.37
2026-07-14 22:12:44.169646,Lahore,18.4,77.3,17.6,0.0,0.94
2026-07-14 23:12:44.169646,Lahore,16.4,71.2,10.6,0.0,0.53
2026-07-15 00:12:44.169646,Lahore,17.4,58.5,5.7,0.0,0.29
2026-07-15 01:12:44.169646,Lahore,19.2,63.5,2.4,0.0,0.58
2026-07-15 02:12:44.169646,Lahore,19.9,38.3,14.7,0.0,0.0
2026-07-15 03:12:44.169646,Lahore,20.7,42.8,9.2,0.0,0.63
2026-07-15 04:12:44.169646,Lahore,16.3,23.5,18.2,0.0,0.04
2026-07-15 05:12:44.169646,Lahore,24.2,73.9,15.3,0.0,0.77
2026-07-15 06:12:44.169646,Lahore,25.0,24.8,16.2,0.0,0.0
2026-07-15 07:12:44.169646,Lahore,25.6,68.6,8.9,197.8,0.52
2026-07-15 08:12:44.169646,Lahore,27.0,63.4,28.0,398.3,0.33
2026-07-15 09:12:44.169646,Lahore,26.9,43.9,6.4,635.9,0.86
2026-07-15 10:12:44.169646,Lahore,27.4,57.3,10.8,843.5,0.0
2026-07-15 11:12:44.169646,Lahore,29.7,73.0,8.2,802.9,0.06
2026-07-15 12:12:44.169646,Lahore,32.4,71.9,14.7,881.5,0.02
2026-07-15 13:12:44.169646,Lahore,25.0,62.6,14.5,722.0,0.0
2026-07-15 14:12:44.169646,Lahore,26.9,37.2,5.3,702.7,0.0
2026-07-15 15:12:44.169646,Lahore,25.6,67.5,4.8,631.4,0.0
2026-07-15 16:12:44.169646,Lahore,19.3,53.0,8.7,378.7,0.0
2026-07-15 17:12:44.169646,Lahore,23.0,69.4,19.2,198.2,0.0
2026-07-15 18:12:44.169646,Lahore,20.7,41.5,1.6,0.0,1.06
2026-07-15 19:12:44.169646,Lahore,20.7,70.7,11.5,0.0,0.07
2026-07-15 20:12:44.169646,Lahore,22.7,53.2,12.3,0.0,0.0
2026-07-15 21:12:44.169646,Lahore,16.8,79.8,6.8,0.0,0.0
2026-07-15 22:12:44.169646,Lahore,21.7,61.0,16.3,0.0,0.0
2026-07-15 23:12:44.169646,Lahore,19.5,45.8,24.2,0.0,0.93
2026-07-16 00:12:44.169646,Lahore,14.9,56.5,4.1,0.0,0.0
2026-07-16 01:12:44.169646,Lahore,16.7,81.2,14.9,0.0,0.63
2026-07-16 02:12:44.169646,Lahore,16.7,53.1,20.1,0.0,1.06
2026-07-16 03:12:44.169646,Lahore,19.7,64.1,21.5,0.0,0.07
2026-07-16 04:12:44.169646,Lahore,17.2,69.8,8.0,0.0,0.17
2026-07-16 05:12:44.169646,Lahore,19.7,77.5,10.7,0.0,1.24
2026-07-16 06:12:44.169646,Lahore,23.2,55.2,15.2,0.0,0.0
2026-07-16 07:12:44.169646,Lahore,22.7,29.8,10.6,231.9,0.58
2026-07-16 08:12:44.169646,Lahore,23.1,74.6,9.0,467.7,0.0
2026-07-16 09:12:44.169646,Lahore,27.6,71.3,15.6,616.0,0.23
2026-07-16 10:12:44.169646,Lahore,30.1,58.4,19.2,720.8,0.47
2026-07-16 11:12:44.169646,Lahore,27.9,34.1,20.0,918.1,0.0
2026-07-16 12:12:44.169646,Lahore,27.7,33.5,8.2,714.1,0.0
2026-07-16 13:12:44.169646,Lahore,27.4,35.1,7.9,911.7,0.14
2026-07-16 14:12:44.169646,Lahore,30.3,58.5,7.5,708.6,0.81
2026-07-16 15:12:44.169646,Lahore,27.6,71.5,1.9,514.8,0.0
2026-07-16 16:12:44.169646,Lahore,24.8,50.5,9.6,389.3,0.4
2026-07-16 17:12:44.169646,Lahore,22.9,59.7,17.7,257.0,0.0
2026-07-16 18:12:44.169646,Lahore,20.7,66.8,11.1,0.0,0.32
2026-07-16 19:12:44.169646,Lahore,20.6,26.1,6.9,0.0,0.0
2026-07-16 20:12:44.169646,Lahore,17.7,25.7,11.9,0.0,0.0
2026-07-16 21:12:44.169646,Lahore,17.8,48.8,5.3,0.0,0.0
2026-07-16 22:12:44.169646,Lahore,17.3,53.3,7.3,0.0,0.81
2026-07-16 23:12:44.169646,Lahore,15.9,66.7,12.0,0.0,1.26
2026-07-17 00:12:44.169646,Lahore,18.8,56.2,19.8,0.0,1.12
2026-07-17 01:12:44.169646,Lahore,16.2,54.0,5.0,0.0,0.12
2026-07-17 02:12:44.169646,Lahore,13.4,59.2,8.0,0.0,0.32
2026-07-17 03:12:44.169646,Lahore,20.3,30.3,16.7,0.0,0.0
2026-07-17 04:12:44.169646,Lahore,20.1,50.5,4.7,0.0,0.58
2026-07-17 05:12:44.169646,Lahore,21.3,72.9,14.9,0.0,0.0
2026-07-17 06:12:44.169646,Lahore,21.4,65.6,0.6,0.0,1.11
2026-07-17 07:12:44.169646,Lahore,24.1,57.7,6.7,214.0,0.04
2026-07-17 08:12:44.169646,Lahore,26.3,74.5,20.6,429.1,0.0
2026-07-17 09:12:44.169646,Lahore,26.2,71.6,17.2,495.5,0.75
2026-07-17 10:12:44.169646,Lahore,21.8,40.0,22.0,815.5,1.53
2026-07-17 11:12:44.169646,Lahore,30.3,29.2,13.1,914.6,0.01
2026-07-17 12:12:44.169646,Lahore,24.6,69.4,3.9,757.6,0.17
2026-07-17 13:12:44.169646,Lahore,29.9,50.8,9.1,740.8,1.46
2026-07-17 14:12:44.169646,Lahore,23.6,65.9,17.5,829.9,0.13
2026-07-17 15:12:44.169646,Lahore,29.1,48.7,24.3,576.8,0.0
2026-07-17 16:12:44.169646,Lahore,23.7,27.4,7.0,453.0,0.0
2026-07-17 17:12:44.169646,Lahore,23.6,26.4,21.4,219.1,0.15
2026-07-17 18:12:44.169646,Lahore,18.9,62.9,20.7,0.0,0.14
2026-07-17 19:12:44.169646,Lahore,19.1,23.4,16.0,0.0,0.0
2026-07-17 20:12:44.169646,Lahore,17.0,53.3,20.6,0.0,1.13
2026-07-17 21:12:44.169646,Lahore,18.9,41.8,15.1,0.0,0.41
2026-07-17 22:12:44.169646,Lahore,15.2,65.4,8.8,0.0,0.0
2026-07-17 23:12:44.169646,Lahore,16.7,67.4,29.0,0.0,0.0
2026-07-18 00:12:44.169646,Lahore,19.1,58.9,18.9,0.0,0.0
2026-07-18 01:12:44.169646,Lahore,15.3,50.7,19.2,0.0,0.49
2026-07-18 02:12:44.169646,Lahore,16.6,50.3,11.6,0.0,0.09
2026-07-18 03:12:44.169646,Lahore,18.7,55.3,18.0,0.0,0.0
2026-07-18 04:12:44.169646,Lahore,17.2,35.5,9.2,0.0,0.47
2026-07-18 05:12:44.169646,Lahore,20.4,21.2,13.1,0.0,0.0
2026-07-18 06:12:44.169646,Lahore,24.4,44.7,2.9,0.0,0.16
2026-07-18 07:12:44.169646,Lahore,26.5,66.5,21.7,235.0,0.0
2026-07-18 08:12:44.169646,Lahore,27.8,47.2,8.3,477.0,0.14
2026-07-18 09:12:44.169646,Lahore,27.1,50.4,7.5,649.9,0.19
2026-07-18 10:12:44.169646,Lahore,24.0,56.0,6.0,838.3,0.02
2026-07-18 11:12:44.169646,Lahore,30.5,59.7,14.5,719.7,0.0
2026-07-18 12:12:44.169646,Lahore,27.1,64.8,14.4,916.3,0.0
2026-07-18 13:12:44.169646,Lahore,26.8,43.1,12.1,933.1,0.92
2026-07-18 14:12:44.169646,Lahore,26.6,48.8,9.9,818.8,0.15
2026-07-18 15:12:44.169646,Lahore,27.3,67.6,11.5,508.9,0.0
2026-07-18 16:12:44.169646,Lahore,22.2,53.3,19.4,350.2,1.44
2026-07-18 17:12:44.169646,Lahore,24.8,69.2,20.5,243.3,1.66
2026-07-18 18:12:44.169646,Lahore,23.1,46.6,8.7,0.0,0.0
2026-07-18 19:12:44.169646,Lahore,21.2,68.9,12.7,0.0,0.0
2026-07-18 20:12:44.169646,Lahore,21.5,53.3,14.7,0.0,0.2
2026-07-18 21:12:44.169646,Lahore,17.6,49.5,15.9,0.0,0.0
2026-07-18 22:12:44.169646,Lahore,14.7,34.6,12.5,0.0,0.0
2026-07-18 23:12:44.169646,Lahore,20.5,25.1,5.6,0.0,0.0
2026-07-19 00:12:44.169646,Lahore,15.7,73.9,9.9,0.0,0.0
2026-07-19 01:12:44.169646,Lahore,15.2,45.0,12.8,0.0,0.0
2026-07-19 02:12:44.169646,Lahore,14.5,53.8,6.2,0.0,0.0
2026-07-19 03:12:44.169646,Lahore,19.6,50.8,2.8,0.0,2.17
2026-07-19 04:12:44.169646,Lahore,19.1,63.8,16.9,0.0,1.07
2026-07-19 05:12:44.169646,Lahore,18.8,38.3,5.1,0.0,0.11
2026-07-19 06:12:44.169646,Lahore,23.6,53.1,16.3,0.0,0.22
2026-07-19 07:12:44.169646,Lahore,25.3,51.8,7.1,214.9,1.59
2026-07-19 08:12:44.169646,Lahore,22.2,50.8,14.6,404.5,0.06
2026-07-19 09:12:44.169646,Lahore,29.1,72.9,9.2,521.1,0.39
2026-07-19 10:12:44.169646,Lahore,25.9,58.7,24.5,688.1,0.69
2026-07-19 11:12:44.169646,Lahore,26.8,58.2,1.7,852.1,0.24
2026-07-19 12:12:44.169646,Lahore,28.0,81.3,15.7,701.1,0.56
2026-07-19 13:12:44.169646,Lahore,31.1,65.1,16.8,702.3,0.18
2026-07-19 14:12:44.169646,Lahore,29.7,38.2,14.3,773.9,0.0
2026-07-19 15:12:44.169646,Lahore,24.9,53.5,6.5,685.7,0.0
2026-07-19 16:12:44.169646,Lahore,28.0,42.1,3.1,439.8,0.0
2026-07-19 17:12:44.169646,Lahore,24.3,59.6,9.5,205.5,0.06
2026-07-19 18:12:44.169646,Lahore,24.8,67.0,21.6,0.0,0.0
2026-07-19 19:12:44.169646,Lahore,21.4,74.0,13.1,0.0,0.2
2026-07-19 20:12:44.169646,Lahore,19.3,70.3,6.3,0.0,0.0
2026-07-19 21:12:44.169646,Lahore,19.1,41.4,8.2,0.0,0.0
2026-07-19 22:12:44.169646,Lahore,11.8,35.2,2.6,0.0,0.44
2026-07-19 23:12:44.169646,Lahore,16.5,73.0,6.5,0.0,0.0
2026-07-20 00:12:44.169646,Lahore,15.7,53.9,21.7,0.0,0.03
2026-07-20 01:12:44.169646,Lahore,15.5,47.7,25.9,0.0,0.06
2026-07-20 02:12:44.169646,Lahore,22.4,81.2,5.2,0.0,1.46
2026-07-20 03:12:44.169646,Lahore,18.1,47.3,3.7,0.0,0.0
2026-07-20 04:12:44.169646,Lahore,19.3,59.8,9.6,0.0,0.1
2026-07-20 05:12:44.169646,Lahore,18.6,76.8,9.3,0.0,0.0
2026-07-20 06:12:44.169646,Lahore,21.2,76.3,23.0,0.0,0.0
2026-07-20 07:12:44.169646,Lahore,21.8,36.1,14.1,201.3,0.16
2026-07-20 08:12:44.169646,Lahore,24.2,47.6,18.8,401.8,0.0
2026-07-20 09:12:44.169646,Lahore,25.2,57.5,18.9,634.6,0.16
2026-07-20 10:12:44.169646,Lahore,25.9,39.0,11.3,815.4,0.0
2026-07-20 11:12:44.169646,Lahore,28.0,63.9,2.4,909.6,0.0
2026-07-20 12:12:44.169646,Lahore,32.5,38.6,12.5,757.0,0.28
2026-07-20 13:12:44.169646,Lahore,30.3,39.1,11.9,789.1,0.0
2026-07-20 14:12:44.169646,Lahore,24.7,64.8,13.5,821.6,0.11
2026-07-20 15:12:44.169646,Lahore,21.5,63.9,18.8,700.0,0.41
2026-07-20 16:12:44.169646,Lahore,23.6,44.1,15.1,354.4,0.0
2026-07-20 17:12:44.169646,Lahore,25.5,33.8,5.7,245.5,0.95
2026-07-20 18:12:44.169646,Lahore,21.8,73.8,11.8,0.0,1.0
2026-07-20 19:12:44.169646,Lahore,21.5,34.5,34.2,0.0,0.0
2026-07-20 20:12:44.169646,Lahore,18.8,72.3,13.2,0.0,0.5
2026-07-20 21:12:44.169646,Lahore,17.4,75.5,21.0,0.0,0.02
2026-07-20 22:12:44.169646,Lahore,16.5,55.6,5.8,0.0,0.65
2026-07-20 23:12:44.169646,Lahore,13.9,36.3,15.6,0.0,0.15
2026-07-21 00:12:44.169646,Lahore,15.9,52.5,14.7,0.0,0.67
2026-07-21 01:12:44.169646,Lahore,11.1,69.9,10.2,0.0,0.0
2026-07-21 02:12:44.169646,Lahore,13.8,54.8,6.0,0.0,0.0
2026-07-21 03:12:44.169646,Lahore,17.6,68.4,19.1,0.0,0.05
2026-07-21 04:12:44.169646,Lahore,21.8,77.9,2.7,0.0,0.0
2026-07-21 05:12:44.169646,Lahore,20.1,71.9,11.3,0.0,0.07
2026-07-21 06:12:44.169646,Lahore,22.3,19.5,27.8,0.0,0.0
2026-07-21 07:12:44.169646,Lahore,20.3,53.7,15.4,185.7,1.81
2026-07-21 08:12:44.169646,Lahore,23.0,67.7,3.4,424.0,0.08
2026-07-21 09:12:44.169646,Lahore,26.1,53.2,1.5,507.0,0.69
2026-07-21 10:12:44.169646,Lahore,28.8,41.8,25.9,746.4,0.0
2026-07-21 11:12:44.169646,Lahore,30.6,61.0,23.4,905.3,0.0
2026-07-21 12:12:44.169646,Lahore,29.2,63.1,10.9,950.9,0.19
2026-07-21 13:12:44.169646,Lahore,31.8,72.2,16.1,757.9,0.32
2026-07-21 14:12:44.169646,Lahore,26.4,34.6,17.6,715.9,0.25
2026-07-21 15:12:44.169646,Lahore,30.2,50.0,7.7,550.7,0.0
2026-07-21 16:12:44.169646,Lahore,25.0,65.1,1.6,383.7,0.34
2026-07-21 17:12:44.169646,Lahore,21.2,66.2,22.7,207.0,0.0
2026-07-21 18:12:44.169646,Lahore,21.0,60.2,12.5,0.0,0.02
2026-07-21 19:12:44.169646,Lahore,18.2,42.2,17.2,0.0,0.0
2026-07-21 20:12:44.169646,Lahore,20.9,60.1,20.2,0.0,0.0
2026-07-21 21:12:44.169646,Lahore,19.7,79.9,8.6,0.0,0.0
2026-07-21 22:12:44.169646,Lahore,17.1,28.1,19.1,0.0,0.75
2026-07-21 23:12:44.169646,Lahore,15.6,81.9,26.7,0.0,0.11
2026-07-22 00:12:44.169646,Lahore,17.9,54.0,6.8,0.0,0.0
2026-07-22 01:12:44.169646,Lahore,16.6,59.8,4.1,0.0,0.42
2026-07-22 02:12:44.169646,Lahore,19.8,45.5,5.7,0.0,1.51
2026-07-22 03:12:44.169646,Lahore,16.8,69.3,22.4,0.0,0.83
2026-07-22 04:12:44.169646,Lahore,19.9,54.1,29.1,0.0,0.0
2026-07-22 05:12:44.169646,Lahore,19.6,47.5,12.3,0.0,0.0
2026-07-22 06:12:44.169646,Lahore,22.7,60.5,10.3,0.0,0.28
2026-07-22 07:12:44.169646,Lahore,23.5,35.2,6.3,197.5,0.0
2026-07-22 08:12:44.169646,Lahore,25.7,56.6,12.5,368.3,0.28
2026-07-22 09:12:44.169646,Lahore,27.5,54.9,2.3,530.3,0.0
2026-07-22 10:12:44.169646,Lahore,23.5,60.5,19.2,650.0,0.0
2026-07-22 11:12:44.169646,Lahore,28.5,53.9,12.4,853.7,0.0
2026-07-22 12:12:44.169646,Lahore,31.0,57.3,15.4,946.8,0.48
2026-07-22 13:12:44.169646,Lahore,25.5,68.4,13.1,930.5,0.03
2026-07-22 14:12:44.169646,Lahore,28.2,67.7,16.2,789.2,0.06
2026-07-22 15:12:44.169646,Lahore,27.9,46.2,14.7,684.0,0.11
2026-07-22 16:12:44.169646,Lahore,22.7,62.2,19.6,363.1,0.13
2026-07-22 17:12:44.169646,Lahore,22.7,40.2,21.7,204.3,0.05
2026-07-22 18:12:44.169646,Lahore,18.6,61.5,24.5,0.0,0.49
2026-07-22 19:12:44.169646,Lahore,22.5,54.6,6.8,0.0,0.0
2026-07-22 20:12:44.169646,Lahore,16.0,51.2,8.2,0.0,0.14
2026-07-22 21:12:44.169646,Lahore,19.3,51.0,7.6,0.0,2.57
2026-07-22 22:12:44.169646,Lahore,16.8,21.5,5.7,0.0,0.13
2026-07-22 23:12:44.169646,Lahore,15.0,31.5,11.2,0.0,0.0
2026-07-23 00:12:44.169646,Lahore,14.8,68.3,12.4,0.0,0.0
2026-07-23 01:12:44.169646,Lahore,15.4,48.1,17.2,0.0,0.0
2026-07-23 02:12:44.169646,Lahore,20.3,29.3,34.6,0.0,0.41
2026-07-23 03:12:44.169646,Lahore,15.3,39.9,19.7,0.0,0.0
2026-07-23 04:12:44.169646,Lahore,19.4,52.7,1.7,0.0,0.07
2026-07-23 05:12:44.169646,Lahore,21.3,67.9,10.2,0.0,0.08
2026-07-23 06:12:44.169646,Lahore,21.4,52.2,21.6,0.0,0.0
2026-07-23 07:12:44.169646,Lahore,24.0,67.3,10.6,232.9,0.0
2026-07-23 08:12:44.169646,Lahore,25.9,52.4,21.4,438.0,0.0
2026-07-23 09:12:44.169646,Lahore,26.9,62.4,18.6,671.5,0.0
2026-07-23 10:12:44.169646,Lahore,22.8,58.1,9.0,695.3,0.0
2026-07-23 11:12:44.169646,Lahore,29.3,75.0,16.3,735.3,0.0
2026-07-23 12:12:44.169646,Lahore,28.7,43.3,13.8,808.9,0.0
2026-07-23 13:12:44.169646,Lahore,24.6,62.4,10.5,724.5,0.48
2026-07-23 14:12:44.169646,Lahore,26.4,48.4,8.8,679.5,1.71
2026-07-23 15:12:44.169646,Lahore,25.3,34.4,2.6,704.2,0.3
2026-07-23 16:12:44.169646,Lahore,25.9,51.4,10.5,486.8,0.0
2026-07-23 17:12:44.169646,Lahore,23.9,53.9,29.9,203.0,0.56
2026-07-23 18:12:44.169646,Lahore,23.1,44.8,13.4,0.0,0.0
2026-07-23 19:12:44.169646,Lahore,17.9,16.7,12.5,0.0,0.23
2026-07-23 20:12:44.169646,Lahore,19.9,71.1,10.6,0.0,0.0
2026-07-23 21:12:44.169646,Lahore,17.1,44.5,15.8,0.0,0.23
2026-07-23 22:12:44.169646,Lahore,15.9,62.5,14.9,0.0,0.79
2026-07-23 23:12:44.169646,Lahore,14.4,17.7,24.0,0.0,0.1
2026-07-24 00:12:44.169646,Lahore,13.3,57.6,19.7,0.0,0.55
2026-07-24 01:12:44.169646,Lahore,15.7,40.0,12.3,0.0,0.64
2026-07-24 02:12:44.169646,Lahore,15.0,30.4,14.5,0.0,0.06
2026-07-24 03:12:44.169646,Lahore,16.5,47.7,1.3,0.0,0.0
2026-07-24 04:12:44.169646,Lahore,17.5,86.1,4.0,0.0,0.0
2026-07-24 05:12:44.169646,Lahore,19.8,35.5,16.0,0.0,0.0
2026-07-24 06:12:44.169646,Lahore,21.8,49.7,8.5,0.0,0.0
2026-07-24 07:12:44.169646,Lahore,22.7,53.8,10.1,240.7,0.16
2026-07-24 08:12:44.169646,Lahore,24.3,56.1,10.1,418.0,0.0
2026-07-24 09:12:44.169646,Lahore,24.6,59.5,5.0,508.0,0.0
2026-07-24 10:12:44.169646,Lahore,28.4,60.1,17.2,864.1,0.0
2026-07-24 11:12:44.169646,Lahore,25.7,49.0,13.7,709.6,0.89
2026-07-24 12:12:44.169646,Lahore,29.2,64.3,12.0,852.4,1.09
2026-07-24 13:12:44.169646,Lahore,26.4,81.3,4.7,772.5,0.56
2026-07-24 14:12:44.169646,Lahore,26.5,35.8,17.5,771.8,0.0
2026-07-24 15:12:44.169646,Lahore,22.8,52.2,18.8,703.3,0.13
2026-07-24 16:12:44.169646,Lahore,22.6,62.2,35.6,494.3,0.22
2026-07-24 17:12:44.169646,Lahore,25.2,70.2,11.4,232.9,0.09
2026-07-24 18:12:44.169646,Lahore,20.4,28.9,8.7,0.0,0.47
2026-07-24 19:12:44.169646,Lahore,22.2,22.4,6.2,0.0,0.02
2026-07-24 20:12:44.169646,Lahore,17.6,78.2,13.5,0.0,0.3
2026-07-24 21:12:44.169646,Lahore,13.8,36.9,4.5,0.0,0.14
2026-07-24 22:12:44.169646,Lahore,17.3,80.1,8.7,0.0,0.0
2026-07-24 23:12:44.169646,Lahore,13.1,51.2,16.3,0.0,1.33
2026-07-25 00:12:44.169646,Lahore,16.9,60.9,6.2,0.0,0.88
2026-07-25 01:12:44.169646,Lahore,15.2,55.6,7.5,0.0,0.92
2026-07-25 02:12:44.169646,Lahore,14.5,37.0,3.4,0.0,0.19
2026-07-25 03:12:44.169646,Lahore,17.9,56.1,22.4,0.0,0.05
2026-07-25 04:12:44.169646,Lahore,15.3,81.5,5.7,0.0,0.71
2026-07-25 05:12:44.169646,Lahore,15.1,76.8,4.0,0.0,0.25
2026-07-25 06:12:44.169646,Lahore,18.1,46.0,6.8,0.0,0.06
2026-07-25 07:12:44.169646,Lahore,23.5,60.8,22.6,244.7,0.0
2026-07-25 08:12:44.169646,Lahore,23.4,52.1,11.1,491.8,0.0
2026-07-25 09:12:44.169646,Lahore,24.7,50.7,3.3,625.2,0.15
2026-07-25 10:12:44.169646,Lahore,27.3,75.6,8.3,821.0,0.0
2026-07-25 11:12:44.169646,Lahore,28.5,63.1,19.7,821.5,0.01
2026-07-25 12:12:44.169646,Lahore,26.8,33.8,12.0,764.8,0.0
2026-07-25 13:12:44.169646,Lahore,27.2,53.2,7.6,709.7,2.4
2026-07-25 14:12:44.169646,Lahore,29.9,79.1,12.9,825.7,0.0
2026-07-25 15:12:44.169646,Lahore,28.3,48.1,8.5,680.0,0.0
2026-07-25 16:12:44.169646,Lahore,25.9,29.7,22.4,391.8,1.61
2026-07-25 17:12:44.169646,Lahore,24.4,46.2,8.3,233.9,0.0
2026-07-25 18:12:44.169646,Lahore,24.0,54.1,15.0,0.0,0.34
2026-07-25 19:12:44.169646,Lahore,21.3,41.8,14.5,0.0,0.0
2026-07-25 20:12:44.169646,Lahore,18.1,64.7,18.9,0.0,0.07
2026-07-25 21:12:44.169646,Lahore,16.0,55.6,7.0,0.0,0.0
2026-07-25 22:12:44.169646,Lahore,18.5,53.3,11.9,0.0,0.11
2026-07-25 23:12:44.169646,Lahore,15.5,57.4,3.4,0.0,0.0
2026-07-26 00:12:44.169646,Lahore,17.4,41.8,7.9,0.0,0.0
2026-07-26 01:12:44.169646,Lahore,18.0,29.2,22.4,0.0,1.74
2026-07-26 02:12:44.169646,Lahore,16.0,92.5,16.1,0.0,0.25
2026-07-26 03:12:44.169646,Lahore,20.1,57.6,12.3,0.0,2.52
2026-07-26 04:12:44.169646,Lahore,17.8,45.8,10.7,0.0,0.44
2026-07-26 05:12:44.169646,Lahore,18.8,35.1,16.4,0.0,0.16
2026-07-26 06:12:44.169646,Lahore,16.4,78.2,15.3,0.0,0.74
2026-07-26 07:12:44.169646,Lahore,21.1,61.4,3.2,229.3,0.0
2026-07-26 08:12:44.169646,Lahore,26.1,51.0,15.2,377.1,0.0
2026-07-26 09:12:44.169646,Lahore,25.2,64.8,15.3,645.2,0.0
2026-07-26 10:12:44.169646,Lahore,26.6,66.9,13.0,738.8,0.81
2026-07-26 11:12:44.169646,Lahore,26.4,46.0,2.9,920.0,0.21
2026-07-26 12:12:44.169646,Lahore,24.3,48.6,20.0,883.4,0.01
2026-07-26 13:12:44.169646,Lahore,25.8,42.8,5.1,960.5,0.0
2026-07-26 14:12:44.169646,Lahore,24.5,62.0,6.7,668.7,0.2
2026-07-26 15:12:44.169646,Lahore,24.1,53.2,21.1,556.8,0.49
2026-07-26 16:12:44.169646,Lahore,22.5,58.5,13.1,482.4,0.04
2026-07-26 17:12:44.169646,Lahore,25.3,59.1,10.0,186.1,1.6
2026-07-26 18:12:44.169646,Lahore,21.2,33.0,10.6,0.0,0.0
2026-07-26 19:12:44.169646,Lahore,19.6,57.0,9.0,0.0,0.0
2026-07-26 20:12:44.169646,Lahore,14.0,43.6,15.5,0.0,0.0
2026-07-26 21:12:44.169646,Lahore,15.9,65.4,21.5,0.0,0.0
2026-07-26 22:12:44.169646,Lahore,16.9,62.7,9.0,0.0,0.21
2026-07-26 23:12:44.169646,Lahore,14.0,91.0,11.9,0.0,0.0
2026-07-27 00:12:44.169646,Lahore,15.7,26.8,2.7,0.0,1.06
2026-07-27 01:12:44.169646,Lahore,13.4,84.9,3.8,0.0,0.2
2026-07-27 02:12:44.169646,Lahore,16.0,46.4,10.8,0.0,0.24
2026-07-27 03:12:44.169646,Lahore,15.5,32.6,8.1,0.0,0.0
2026-07-27 04:12:44.169646,Lahore,20.1,39.7,14.0,0.0,1.35
2026-07-27 05:12:44.169646,Lahore,15.4,44.1,16.3,0.0,0.0
2026-07-27 06:12:44.169646,Lahore,21.8,57.2,12.5,0.0,0.45
2026-07-27 07:12:44.169646,Lahore,22.5,79.5,29.8,186.2,0.0
2026-07-27 08:12:44.169646,Lahore,23.0,67.2,16.9,396.2,0.0
2026-07-27 09:12:44.169646,Lahore,28.0,60.7,17.8,646.2,0.87
2026-07-27 10:12:44.169646,Lahore,29.2,55.1,25.7,813.2,0.32
2026-07-27 11:12:44.169646,Lahore,26.2,28.6,5.3,914.2,0.0
2026-07-27 12:12:44.169646,Lahore,27.6,47.3,24.2,918.4,0.0
2026-07-27 13:12:44.169646,Lahore,23.2,44.6,15.4,750.9,0.0
2026-07-27 14:12:44.169646,Lahore,30.2,47.3,8.2,640.1,1.41
2026-07-27 15:12:44.169646,Lahore,26.2,70.7,1.8,676.6,0.0
2026-07-27 16:12:44.169646,Lahore,23.7,36.8,5.2,435.5,0.0
2026-07-27 17:12:44.169646,Lahore,22.0,74.2,7.7,258.2,0.22
2026-07-27 18:12:44.169646,Lahore,21.4,58.7,7.0,0.0,0.0
2026-07-27 19:12:44.169646,Lahore,19.8,86.0,14.3,0.0,0.0
2026-07-27 20:12:44.169646,Lahore,14.6,41.4,21.2,0.0,0.45
2026-07-27 21:12:44.169646,Lahore,20.4,39.3,3.3,0.0,0.21
2026-07-27 22:12:44.169646,Lahore,16.1,47.0,13.9,0.0,0.0
2026-07-27 23:12:44.169646,Lahore,13.5,51.5,9.4,0.0,1.4
2026-07-28 00:12:44.169646,Lahore,8.7,31.1,14.9,0.0,0.03
2026-07-28 01:12:44.169646,Lahore,12.9,49.4,15.0,0.0,0.39
2026-07-28 02:12:44.169646,Lahore,16.2,56.8,11.3,0.0,0.0
2026-07-28 03:12:44.169646,Lahore,14.5,49.0,10.3,0.0,0.0
2026-07-28 04:12:44.169646,Lahore,20.0,55.5,9.3,0.0,0.0
2026-07-28 05:12:44.169646,Lahore,21.8,56.9,8.1,0.0,0.62
2026-07-28 06:12:44.169646,Lahore,16.7,64.8,14.8,0.0,0.18
2026-07-28 07:12:44.169646,Lahore,18.6,55.5,4.6,204.8,0.0
2026-07-28 08:12:44.169646,Lahore,23.2,53.5,8.4,366.5,0.27
2026-07-28 09:12:44.169646,Lahore,25.0,34.8,20.1,602.7,0.17
2026-07-28 10:12:44.169646,Lahore,26.2,65.6,10.4,612.8,0.3
2026-07-28 11:12:44.169646,Lahore,21.3,43.2,8.7,870.7,0.9
2026-07-28 12:12:44.169646,Lahore,30.2,37.2,18.6,994.7,0.08
2026-07-28 13:12:44.169646,Lahore,26.8,71.6,21.6,804.1,0.0
2026-07-28 14:12:44.169646,Lahore,22.3,39.7,1.7,791.7,0.24
2026-07-28 15:12:44.169646,Lahore,23.4,50.9,7.3,702.9,0.0
2026-07-28 16:12:44.169646,Lahore,24.8,38.4,21.1,467.4,0.0
2026-07-28 17:12:44.169646,Lahore,26.3,59.7,16.8,230.1,0.43
2026-07-28 18:12:44.169646,Lahore,20.3,80.9,11.7,0.0,0.0
2026-07-28 19:12:44.169646,Lahore,15.6,68.2,15.1,0.0,0.0
2026-07-28 20:12:44.169646,Lahore,19.1,65.5,13.9,0.0,0.0
2026-07-28 21:12:44.169646,Lahore,17.2,67.1,10.8,0.0,2.17
2026-07-28 22:12:44.169646,Lahore,19.1,66.9,15.4,0.0,0.0
2026-07-28 23:12:44.169646,Lahore,11.8,54.1,12.7,0.0,0.0
2026-07-29 00:12:44.169646,Lahore,11.4,34.1,8.8,0.0,0.0
2026-07-29 01:12:44.169646,Lahore,13.8,76.8,19.5,0.0,0.6
2026-07-29 02:12:44.169646,Lahore,14.5,34.1,16.9,0.0,0.05
2026-07-29 03:12:44.169646,Lahore,16.6,71.7,14.9,0.0,0.47
2026-07-29 04:12:44.169646,Lahore,17.9,40.2,4.5,0.0,0.0
2026-07-29 05:12:44.169646,Lahore,19.5,33.8,20.4,0.0,0.0
2026-07-29 06:12:44.169646,Lahore,19.4,61.1,23.7,0.0,0.0
2026-07-29 07:12:44.169646,Lahore,20.8,45.6,10.1,203.1,0.0
2026-07-29 08:12:44.169646,Lahore,18.7,43.8,21.3,443.7,0.0
2026-07-29 09:12:44.169646,Lahore,20.4,66.6,19.7,503.5,0.2
2026-07-29 10:12:44.169646,Lahore,27.5,46.2,10.7,803.9,0.0
2026-07-29 11:12:44.169646,Lahore,28.7,48.3,5.3,807.2,0.0
2026-07-29 12:12:44.169646,Lahore,24.6,48.6,8.6,923.5,0.75
2026-07-29 13:12:44.169646,Lahore,23.4,78.8,8.9,852.9,0.0
2026-07-29 14:12:44.169646,Lahore,25.8,62.6,9.1,608.1,0.0
2026-07-29 15:12:44.169646,Lahore,26.3,38.4,9.8,669.1,0.07
2026-07-29 16:12:44.169646,Lahore,25.9,57.8,11.0,363.2,1.46
2026-07-29 17:12:44.169646,Lahore,20.4,64.5,25.8,203.3,0.0
2026-07-29 18:12:44.169646,Lahore,16.4,42.7,7.8,0.0,0.25
2026-07-29 19:12:44.169646,Lahore,20.0,34.0,10.0,0.0,0.0
2026-07-29 20:12:44.169646,Lahore,21.2,48.5,13.6,0.0,0.35
2026-07-29 21:12:44.169646,Lahore,15.7,57.6,21.4,0.0,0.45
2026-07-29 22:12:44.169646,Lahore,17.9,56.3,15.7,0.0,0.1
2026-07-29 23:12:44.169646,Lahore,11.5,53.3,8.4,0.0,0.2
2026-07-30 00:12:44.169646,Lahore,12.3,40.9,21.2,0.0,0.42
2026-07-30 01:12:44.169646,Lahore,12.7,61.4,18.2,0.0,0.0
2026-07-30 02:12:44.169646,Lahore,16.1,66.0,14.2,0.0,0.33
2026-07-30 03:12:44.169646,Lahore,14.9,56.9,9.8,0.0,0.0
2026-07-30 04:12:44.169646,Lahore,18.5,80.1,14.6,0.0,0.64
2026-07-30 05:12:44.169646,Lahore,15.7,57.0,1.7,0.0,0.0
2026-07-30 06:12:44.169646,Lahore,18.3,60.8,28.2,0.0,2.59
2026-07-30 07:12:44.169646,Lahore,20.2,59.3,13.2,245.0,0.0
2026-07-30 08:12:44.169646,Lahore,22.3,56.3,19.8,495.9,0.0
2026-07-30 09:12:44.169646,Lahore,20.9,33.8,9.9,677.7,0.0
2026-07-30 10:12:44.169646,Lahore,24.2,45.1,24.1,852.8,0.0
2026-07-30 11:12:44.169646,Lahore,26.1,52.9,8.4,907.2,0.0
2026-07-30 12:12:44.169646,Lahore,25.3,40.4,11.2,927.7,0.0
2026-07-30 13:12:44.169646,Lahore,27.4,66.0,11.0,730.4,0.64
2026-07-30 14:12:44.169646,Lahore,29.5,46.9,3.7,685.7,0.0
2026-07-30 15:12:44.169646,Lahore,21.1,37.9,13.3,685.0,0.19
2026-07-30 16:12:44.169646,Lahore,23.9,84.0,18.5,465.4,0.0
2026-07-30 17:12:44.169646,Lahore,24.6,69.0,14.6,239.9,0.02
2026-07-30 18:12:44.169646,Lahore,19.9,72.6,17.2,0.0,0.39
2026-07-30 19:12:44.169646,Lahore,19.2,43.7,9.6,0.0,0.25
2026-07-30 20:12:44.169646,Lahore,15.4,57.5,13.0,0.0,0.0
2026-07-30 21:12:44.169646,Lahore,16.1,78.1,12.2,0.0,0.34
2026-07-30 22:12:44.169646,Lahore,17.8,39.1,6.4,0.0,0.52
2026-07-30 23:12:44.169646,Lahore,15.9,68.2,5.3,0.0,1.89
2026-07-31 00:12:44.169646,Lahore,13.8,63.2,13.9,0.0,0.8
2026-07-31 01:12:44.169646,Lahore,19.4,52.9,14.4,0.0,0.22
2026-07-31 02:12:44.169646,Lahore,11.2,77.4,13.2,0.0,0.73
2026-07-31 03:12:44.169646,Lahore,16.6,62.4,11.0,0.0,0.47
2026-07-31 04:12:44.169646,Lahore,20.3,38.7,13.7,0.0,0.0
2026-07-31 05:12:44.169646,Lahore,21.1,52.3,23.4,0.0,0.0
2026-07-31 06:12:44.169646,Lahore,15.6,32.6,29.1,0.0,0.07
2026-07-31 07:12:44.169646,Lahore,22.7,69.8,16.4,189.5,0.22
2026-07-31 08:12:44.169646,Lahore,22.9,56.0,18.2,386.2,0.0
2026-07-31 09:12:44.169646,Lahore,24.5,68.3,16.4,495.2,0.06
2026-07-31 10:12:44.169646,Lahore,24.4,48.7,18.2,757.6,0.0
2026-07-31 11:12:44.169646,Lahore,27.1,59.5,18.3,856.3,0.0
2026-07-31 12:12:44.169646,Lahore,25.7,45.3,16.1,912.7,1.25
2026-07-31 13:12:44.169646,Lahore,23.5,81.6,6.1,907.1,0.54
2026-07-31 14:12:44.169646,Lahore,23.3,49.1,30.4,648.3,0.19
2026-07-31 15:12:44.169646,Lahore,23.3,43.4,3.6,573.9,0.0
2026-07-31 16:12:44.169646,Lahore,24.6,65.2,4.0,498.2,0.8
2026-07-31 17:12:44.169646,Lahore,19.4,36.9,31.1,191.1,1.68
2026-07-31 18:12:44.169646,Lahore,21.0,70.5,8.3,0.0,0.28
2026-07-31 19:12:44.169646,Lahore,19.4,60.6,13.3,0.0,0.08
2026-07-31 20:12:44.169646,Lahore,19.3,65.6,6.5,0.0,0.37
2026-07-31 21:12:44.169646,Lahore,13.6,31.6,4.3,0.0,0.14
2026-07-31 22:12:44.169646,Lahore,16.5,38.1,27.4,0.0,0.0
2026-07-31 23:12:44.169646,Lahore,14.8,43.5,10.1,0.0,0.0
2026-08-01 00:12:44.169646,Lahore,12.7,54.7,6.9,0.0,0.0
2026-08-01 01:12:44.169646,Lahore,12.6,10.0,2.4,0.0,1.14
2026-08-01 02:12:44.169646,Lahore,14.0,55.5,16.5,0.0,0.0
2026-08-01 03:12:44.169646,Lahore,17.7,70.9,30.7,0.0,0.0
2026-08-01 04:12:44.169646,Lahore,18.9,45.8,4.7,0.0,0.87
2026-08-01 05:12:44.169646,Lahore,16.6,46.6,16.6,0.0,0.83
2026-08-01 06:12:44.169646,Lahore,18.5,71.2,6.9,0.0,0.57
2026-08-01 07:12:44.169646,Lahore,24.6,80.8,15.7,246.2,0.0
2026-08-01 08:12:44.169646,Lahore,20.9,47.8,5.1,419.6,0.23
2026-08-01 09:12:44.169646,Lahore,24.6,52.4,22.4,643.6,0.0
2026-08-01 10:12:44.169646,Lahore,25.8,58.4,39.6,617.8,0.0
2026-08-01 11:12:44.169646,Lahore,25.0,34.5,22.1,678.7,0.0
2026-08-01 12:12:44.169646,Lahore,30.6,61.1,8.0,937.3,0.33
2026-08-01 13:12:44.169646,Lahore,26.5,45.0,4.5,942.5,0.0
2026-08-01 14:12:44.169646,Lahore,24.0,56.1,6.9,654.9,0.03
2026-08-01 15:12:44.169646,Lahore,23.9,30.3,17.2,605.5,1.16
2026-08-01 16:12:44.169646,Lahore,18.5,55.9,15.1,388.8,1.13
2026-08-01 17:12:44.169646,Lahore,20.1,64.7,17.3,250.5,0.0
2026-08-01 18:12:44.169646,Lahore,18.0,70.3,9.0,0.0,0.0
2026-08-01 19:12:44.169646,Lahore,19.7,62.7,7.7,0.0,0.0
2026-08-01 20:12:44.169646,Lahore,19.6,50.6,4.3,0.0,0.53
2026-08-01 21:12:44.169646,Lahore,16.0,66.8,3.7,0.0,0.0
2026-08-01 22:12:44.169646,Lahore,14.2,47.4,19.4,0.0,0.0
2026-08-01 23:12:44.169646,Lahore,14.5,27.7,21.6,0.0,0.0
2026-08-02 00:12:44.169646,Lahore,14.7,76.2,15.9,0.0,0.69
2026-08-02 01:12:44.169646,Lahore,14.1,48.2,17.6,0.0,0.78
2026-08-02 02:12:44.169646,Lahore,13.9,42.0,4.3,0.0,0.6
2026-08-02 03:12:44.169646,Lahore,15.5,72.3,2.2,0.0,0.0
2026-08-02 04:12:44.169646,Lahore,17.1,55.4,20.3,0.0,0.5
2026-08-02 05:12:44.169646,Lahore,18.8,54.4,19.8,0.0,0.0
2026-08-02 06:12:44.169646,Lahore,19.0,78.6,28.1,0.0,0.0
2026-08-02 07:12:44.169646,Lahore,22.2,74.9,5.7,254.9,0.34
2026-08-02 08:12:44.169646,Lahore,21.5,27.5,4.0,494.8,0.0
2026-08-02 09:12:44.169646,Lahore,23.4,34.7,27.5,507.9,0.11
2026-08-02 10:12:44.169646,Lahore,26.2,64.8,23.0,777.9,0.86
2026-08-02 11:12:44.169646,Lahore,22.2,57.7,8.6,852.5,0.03
2026-08-02 12:12:44.169646,Lahore,22.2,47.4,23.3,977.0,0.0
2026-08-02 13:12:44.169646,Lahore,27.0,51.5,13.9,728.2,0.0
2026-08-02 14:12:44.169646,Lahore,23.6,62.3,0.0,761.1,0.0
2026-08-02 15:12:44.169646,Lahore,23.2,47.3,23.5,677.5,0.4
2026-08-02 16:12:44.169646,Lahore,20.0,62.2,9.1,391.2,0.45
2026-08-02 17:12:44.169646,Lahore,26.0,39.1,14.4,202.9,1.52
2026-08-02 18:12:44.169646,Lahore,20.3,50.6,21.1,0.0,0.03
2026-08-02 19:12:44.169646,Lahore,19.9,40.1,20.4,0.0,0.02
2026-08-02 20:12:44.169646,Lahore,15.1,63.6,25.0,0.0,0.0
2026-08-02 21:12:44.169646,Lahore,14.1,40.7,6.1,0.0,0.0
2026-08-02 22:12:44.169646,Lahore,17.1,12.6,3.1,0.0,0.0
2026-08-02 23:12:44.169646,Lahore,15.1,62.7,9.5,0.0,0.01
2026-08-03 00:12:44.169646,Lahore,14.6,48.3,26.6,0.0,0.0
2026-08-03 01:12:44.169646,Lahore,12.7,72.9,0.8,0.0,0.16
2026-08-03 02:12:44.169646,Lahore,17.4,47.4,17.6,0.0,1.16
2026-08-03 03:12:44.169646,Lahore,13.9,13.7,10.7,0.0,0.0
2026-08-03 04:12:44.169646,Lahore,18.8,61.8,6.2,0.0,1.7
2026-08-03 05:12:44.169646,Lahore,20.3,65.4,39.0,0.0,0.05
2026-08-03 06:12:44.169646,Lahore,20.8,51.7,19.1,0.0,0.67
2026-08-03 07:12:44.169646,Lahore,21.8,56.7,2.7,190.5,0.73
2026-08-03 08:12:44.169646,Lahore,25.4,74.9,18.2,494.7,0.0
2026-08-03 09:12:44.169646,Lahore,21.7,52.0,11.5,559.5,0.0
2026-08-03 10:12:44.169646,Lahore,27.7,61.9,15.2,796.4,0.0
2026-08-03 11:12:44.169646,Lahore,25.0,63.8,24.2,893.5,0.0
2026-08-03 12:12:44.169646,Lahore,22.7,76.0,3.2,971.3,0.0
2026-08-03 13:12:44.169646,Lahore,26.9,63.8,3.3,734.8,0.51
2026-08-03 14:12:44.169646,Lahore,22.7,51.4,15.2,628.4,0.14
2026-08-03 15:12:44.169646,Lahore,22.4,53.5,4.1,695.8,0.15
2026-08-03 16:12:44.169646,Lahore,25.2,54.6,11.9,425.4,0.76
2026-08-03 17:12:44.169646,Lahore,21.4,62.8,20.0,216.5,0.59
2026-08-03 18:12:44.169646,Lahore,21.2,28.3,15.1,0.0,0.6
2026-08-03 19:12:44.169646,Lahore,17.0,40.0,11.6,0.0,0.63
2026-08-03 20:12:44.169646,Lahore,14.9,72.1,7.9,0.0,0.29
2026-08-03 21:12:44.169646,Lahore,20.5,46.9,15.3,0.0,0.11
2026-08-03 22:12:44.169646,Lahore,16.3,58.9,21.4,0.0,0.0
2026-08-03 23:12:44.169646,Lahore,11.0,85.6,8.7,0.0,0.2
2026-08-04 00:12:44.169646,Lahore,16.6,55.9,4.7,0.0,0.0
2026-08-04 01:12:44.169646,Lahore,14.1,67.1,14.7,0.0,0.0
2026-08-04 02:12:44.169646,Lahore,21.1,62.1,3.0,0.0,0.46
2026-08-04 03:12:44.169646,Lahore,17.2,40.6,10.8,0.0,2.42
2026-08-04 04:12:44.169646,Lahore,13.8,77.0,15.2,0.0,0.15
2026-08-04 05:12:44.169646,Lahore,17.8,73.8,12.8,0.0,0.0
2026-08-04 06:12:44.169646,Lahore,21.6,44.7,21.4,0.0,0.0
2026-08-04 07:12:44.169646,Lahore,19.2,26.2,6.7,239.0,0.0
2026-08-04 08:12:44.169646,Lahore,21.8,57.9,17.7,380.2,0.74
2026-08-04 09:12:44.169646,Lahore,24.2,81.2,19.9,516.0,0.0
2026-08-04 10:12:44.169646,Lahore,23.7,53.0,12.6,790.6,0.89
2026-08-04 11:12:44.169646,Lahore,25.8,50.7,10.1,824.1,0.22
2026-08-04 12:12:44.169646,Lahore,25.0,76.2,23.6,769.8,0.0
2026-08-04 13:12:44.169646,Lahore,25.6,10.0,6.0,785.2,0.0
2026-08-04 14:12:44.169646,Lahore,24.3,48.7,17.7,628.0,0.26
2026-08-04 15:12:44.169646,Lahore,23.5,63.8,14.1,661.8,0.22
2026-08-04 16:12:44.169646,Lahore,25.5,58.8,4.3,356.3,0.0
2026-08-04 17:12:44.169646,Lahore,22.5,30.7,16.7,231.3,0.0
2026-08-04 18:12:44.169646,Lahore,17.9,59.9,16.3,0.0,0.33
2026-08-04 19:12:44.169646,Lahore,15.2,65.6,24.3,0.0,0.74
2026-08-04 20:12:44.169646,Lahore,17.1,55.1,8.9,0.0,0.04
2026-08-04 21:12:44.169646,Lahore,15.2,66.6,12.0,0.0,0.0
2026-08-04 22:12:44.169646,Lahore,13.3,48.6,13.7,0.0,0.0
2026-08-04 23:12:44.169646,Lahore,13.8,42.7,15.8,0.0,0.37
2026-08-05 00:12:44.169646,Lahore,13.3,73.7,10.6,0.0,0.28
2026-08-05 01:12:44.169646,Lahore,11.4,21.5,8.9,0.0,0.0
2026-08-05 02:12:44.169646,Lahore,10.9,42.4,26.9,0.0,1.14
2026-08-05 03:12:44.169646,Lahore,16.6,59.0,17.7,0.0,0.0
2026-08-05 04:12:44.169646,Lahore,13.7,62.5,16.2,0.0,0.0
2026-08-05 05:12:44.169646,Lahore,18.5,73.0,3.7,0.0,0.73
2026-08-05 06:12:44.169646,Lahore,20.8,71.4,5.7,0.0,0.0
2026-08-05 07:12:44.169646,Lahore,18.4,34.4,7.3,225.1,0.0
2026-08-05 08:12:44.169646,Lahore,22.0,37.8,26.9,372.4,0.25
2026-08-05 09:12:44.169646,Lahore,21.7,52.5,15.4,576.7,1.43
2026-08-05 10:12:44.169646,Lahore,28.5,50.9,14.8,657.0,0.0
2026-08-05 11:12:44.169646,Lahore,25.3,33.7,17.0,737.5,1.08
2026-08-05 12:12:44.169646,Lahore,22.2,40.5,10.6,752.8,0.11
2026-08-05 13:12:44.169646,Lahore,28.0,33.0,4.8,868.1,0.3
2026-08-05 14:12:44.169646,Lahore,28.9,71.1,10.5,790.6,0.55
2026-08-05 15:12:44.169646,Lahore,19.0,70.3,24.3,647.6,0.54
2026-08-05 16:12:44.169646,Lahore,22.1,58.7,13.1,367.8,0.0
2026-08-05 17:12:44.169646,Lahore,18.7,66.4,15.5,216.5,0.03
2026-08-05 18:12:44.169646,Lahore,20.3,50.3,14.4,0.0,0.3
2026-08-05 19:12:44.169646,Lahore,14.2,36.5,6.3,0.0,0.51
2026-08-05 20:12:44.169646,Lahore,19.4,40.9,9.0,0.0,0.49
2026-08-05 21:12:44.169646,Lahore,15.7,42.6,19.3,0.0,0.24
2026-08-05 22:12:44.169646,Lahore,14.7,83.6,13.6,0.0,0.0
2026-08-05 23:12:44.169646,Lahore,15.3,40.8,25.6,0.0,0.09
2026-08-06 00:12:44.169646,Lahore,15.1,72.1,40.8,0.0,0.49
2026-08-06 01:12:44.169646,Lahore,11.7,59.3,10.1,0.0,0.0
2026-08-06 02:12:44.169646,Lahore,13.7,72.2,13.1,0.0,1.37
2026-08-06 03:12:44.169646,Lahore,15.9,62.8,5.9,0.0,0.0
2026-08-06 04:12:44.169646,Lahore,17.0,46.4,10.9,0.0,0.0
2026-08-06 05:12:44.169646,Lahore,16.1,64.3,14.1,0.0,0.38
2026-08-06 06:12:44.169646,Lahore,15.6,45.5,12.6,0.0,0.66
2026-08-06 07:12:44.169646,Lahore,25.5,65.6,11.9,226.3,0.0
2026-08-06 08:12:44.169646,Lahore,22.1,44.3,22.1,377.9,0.42
2026-08-06 09:12:44.169646,Lahore,22.5,57.0,14.8,627.0,0.0
2026-08-06 10:12:44.169646,Lahore,26.3,61.0,12.0,803.1,0.0
2026-08-06 11:12:44.169646,Lahore,26.4,54.5,2.5,913.8,0.46
2026-08-06 12:12:44.169646,Lahore,25.8,36.6,13.6,942.0,0.0
2026-08-06 13:12:44.169646,Lahore,22.7,38.8,19.8,918.8,0.57
2026-08-06 14:12:44.169646,Lahore,26.2,45.3,7.2,615.7,0.06
2026-08-06 15:12:44.169646,Lahore,21.7,51.7,14.6,503.8,0.0
2026-08-06 16:12:44.169646,Lahore,22.2,50.6,13.9,396.0,1.03
2026-08-06 17:12:44.169646,Lahore,22.8,67.7,8.7,214.0,0.49
2026-08-06 18:12:44.169646,Lahore,22.0,66.3,19.0,0.0,2.21
2026-08-06 19:12:44.169646,Lahore,18.8,70.8,10.3,0.0,0.16
2026-08-06 20:12:44.169646,Lahore,15.5,65.6,2.6,0.0,0.0
2026-08-06 21:12:44.169646,Lahore,16.7,82.0,4.4,0.0,1.39
2026-08-06 22:12:44.169646,Lahore,17.2,73.0,20.8,0.0,0.0
2026-08-06 23:12:44.169646,Lahore,17.5,78.4,27.7,0.0,0.0
2026-08-07 00:12:44.169646,Lahore,14.0,77.6,20.5,0.0,0.59
2026-08-07 01:12:44.169646,Lahore,13.0,35.2,23.0,0.0,0.0
2026-08-07 02:12:44.169646,Lahore,16.0,54.5,24.2,0.0,0.24
2026-08-07 03:12:44.169646,Lahore,13.9,69.3,8.7,0.0,0.0
2026-08-07 04:12:44.169646,Lahore,9.9,58.4,10.2,0.0,0.0
2026-08-07 05:12:44.169646,Lahore,16.2,45.5,25.5,0.0,1.4
2026-08-07 06:12:44.169646,Lahore,18.8,63.4,18.0,0.0,0.0
2026-08-07 07:12:44.169646,Lahore,19.3,36.8,3.8,198.2,0.36
2026-08-07 08:12:44.169646,Lahore,21.1,52.4,4.0,376.9,0.75
2026-08-07 09:12:44.169646,Lahore,24.3,60.6,25.5,679.2,0.0
2026-08-07 10:12:44.169646,Lahore,24.4,69.1,15.5,649.4,0.0
2026-08-07 11:12:44.169646,Lahore,27.4,50.7,18.1,766.3,0.0
2026-08-07 12:12:44.169646,Lahore,23.2,50.8,27.8,959.1,0.0
2026-08-07 13:12:44.169646,Lahore,24.9,53.6,13.1,917.9,0.1
2026-08-07 14:12:44.169646,Lahore,20.0,38.9,14.8,613.3,0.43
2026-08-07 15:12:44.169646,Lahore,24.4,73.7,2.3,567.4,0.83
2026-08-07 16:12:44.169646,Lahore,26.0,34.6,5.9,379.2,0.0
2026-08-07 17:12:44.169646,Lahore,21.8,72.2,23.8,229.4,0.0
2026-08-07 18:12:44.169646,Lahore,18.3,48.1,21.6,0.0,0.77
2026-08-07 19:12:44.169646,Lahore,21.1,70.0,22.7,0.0,0.19
2026-08-07 20:12:44.169646,Lahore,17.6,40.1,18.2,0.0,0.2
2026-08-07 21:12:44.169646,Lahore,13.5,32.0,12.0,0.0,0.0
2026-08-07 22:12:44.169646,Lahore,11.5,52.4,12.5,0.0,0.0
2026-08-07 23:12:44.169646,Lahore,12.3,54.5,6.9,0.0,0.29
2026-08-08 00:12:44.169646,Lahore,13.5,42.2,0.7,0.0,0.01
2026-08-08 01:12:44.169646,Lahore,13.9,57.8,12.4,0.0,0.62
2026-08-08 02:12:44.169646,Lahore,12.5,68.9,21.6,0.0,0.21
2026-08-08 03:12:44.169646,Lahore,14.5,35.4,11.9,0.0,0.19
2026-08-08 04:12:44.169646,Lahore,13.7,65.8,9.9,0.0,0.0
2026-08-08 05:12:44.169646,Lahore,17.7,52.9,17.7,0.0,0.0
2026-08-08 06:12:44.169646,Lahore,18.8,41.5,18.4,0.0,0.0
2026-08-08 07:12:44.169646,Lahore,25.0,37.3,4.6,257.7,0.0
2026-08-08 08:12:44.169646,Lahore,21.9,57.3,18.6,461.6,0.0
2026-08-08 09:12:44.169646,Lahore,21.8,41.6,20.3,657.1,0.3
2026-08-08 10:12:44.169646,Lahore,20.9,48.9,23.5,716.7,0.69
2026-08-08 11:12:44.169646,Lahore,22.4,36.9,11.2,902.2,0.13
2026-08-08 12:12:44.169646,Lahore,22.0,48.2,5.8,756.7,0.0
2026-08-08 13:12:44.169646,Lahore,23.2,46.9,4.2,750.9,0.0
2026-08-08 14:12:44.169646,Lahore,25.5,55.5,2.7,696.4,0.0
2026-08-08 15:12:44.169646,Lahore,22.2,70.7,23.8,556.9,0.0
2026-08-08 16:12:44.169646,Lahore,23.7,79.7,17.2,383.7,0.0
2026-08-08 17:12:44.169646,Lahore,18.6,54.5,13.0,204.2,0.02
2026-08-08 18:12:44.169646,Lahore,18.2,23.4,11.8,0.0,0.05
2026-08-08 19:12:44.169646,Lahore,19.1,62.3,13.0,0.0,1.18
2026-08-08 20:12:44.169646,Lahore,13.4,43.6,16.3,0.0,0.0
2026-08-08 21:12:44.169646,Lahore,14.3,67.4,16.4,0.0,0.12
2026-08-08 22:12:44.169646,Lahore,14.0,51.6,18.7,0.0,1.72
2026-08-08 23:12:44.169646,Lahore,13.4,14.9,21.6,0.0,0.0
2026-08-09 00:12:44.169646,Lahore,12.2,51.2,29.3,0.0,0.0
2026-08-09 01:12:44.169646,Lahore,12.4,78.7,7.9,0.0,0.92
2026-08-09 02:12:44.169646,Lahore,18.5,35.1,7.5,0.0,0.0
2026-08-09 03:12:44.169646,Lahore,13.0,73.5,12.6,0.0,0.0
2026-08-09 04:12:44.169646,Lahore,16.8,65.1,17.9,0.0,0.0
2026-08-09 05:12:44.169646,Lahore,16.3,54.9,9.2,0.0,0.0
2026-08-09 06:12:44.169646,Lahore,19.5,90.6,2.0,0.0,0.51
2026-08-09 07:12:44.169646,Lahore,22.7,75.1,24.3,244.0,0.0
2026-08-09 08:12:44.169646,Lahore,22.6,54.1,20.7,449.7,0.0
2026-08-09 09:12:44.169646,Lahore,21.2,31.1,22.0,562.2,0.06
2026-08-09 10:12:44.169646,Lahore,23.8,59.4,5.8,615.9,0.0
2026-08-09 11:12:44.169646,Lahore,22.4,62.3,18.9,786.7,0.0
2026-08-09 12:12:44.169646,Lahore,25.0,42.7,23.3,909.4,0.24
2026-08-09 13:12:44.169646,Lahore,26.6,48.2,15.7,911.2,0.05
2026-08-09 14:12:44.169646,Lahore,23.1,60.2,29.2,699.1,0.0
2026-08-09 15:12:44.169646,Lahore,23.9,42.9,8.6,666.8,0.53
2026-08-09 16:12:44.169646,Lahore,23.7,38.6,11.2,368.7,0.07
2026-08-09 17:12:44.169646,Lahore,22.1,74.6,6.8,247.4,0.24
2026-08-09 18:12:44.169646,Lahore,18.7,38.8,2.5,0.0,0.0
2026-08-09 19:12:44.169646,Lahore,16.3,67.0,9.8,0.0,0.21
2026-08-09 20:12:44.169646,Lahore,14.6,46.3,11.1,0.0,0.0
2026-08-09 21:12:44.169646,Lahore,11.7,51.2,12.0,0.0,0.0
2026-08-09 22:12:44.169646,Lahore,12.2,52.5,16.6,0.0,0.0
2026-08-09 23:12:44.169646,Lahore,12.4,55.2,12.9,0.0,0.0
2026-08-10 00:12:44.169646,Lahore,12.7,67.1,4.9,0.0,0.0
2026-08-10 01:12:44.169646,Lahore,13.0,45.8,5.4,0.0,0.02
2026-08-10 02:12:44.169646,Lahore,15.6,43.3,12.2,0.0,0.64
2026-08-10 03:12:44.169646,Lahore,16.2,43.5,11.4,0.0,0.0
2026-08-10 04:12:44.169646,Lahore,20.7,46.0,3.9,0.0,0.7
2026-08-10 05:12:44.169646,Lahore,19.4,35.5,24.3,0.0,0.34
2026-08-10 06:12:44.169646,Lahore,24.4,50.2,5.3,0.0,0.23
2026-08-10 07:12:44.169646,Lahore,25.0,44.0,16.4,255.6,0.15
2026-08-10 08:12:44.169646,Lahore,20.7,48.8,7.5,441.1,0.31
2026-08-10 09:12:44.169646,Lahore,22.3,43.2,20.0,659.0,0.0
2026-08-10 10:12:44.169646,Lahore,25.3,64.0,11.1,664.1,0.0
2026-07-11 17:12:44.169646,Karachi,24.5,50.1,36.4,204.7,0.0
2026-07-11 18:12:44.169646,Karachi,24.5,59.3,5.9,0.0,0.0
2026-07-11 19:12:44.169646,Karachi,22.5,66.7,11.6,0.0,0.56
2026-07-11 20:12:44.169646,Karachi,18.8,43.3,13.7,0.0,0.48
2026-07-11 21:12:44.169646,Karachi,17.5,44.8,12.0,0.0,0.0
2026-07-11 22:12:44.169646,Karachi,19.1,78.2,12.7,0.0,0.73
2026-07-11 23:12:44.169646,Karachi,16.2,61.9,11.1,0.0,0.0
2026-07-12 00:12:44.169646,Karachi,18.5,68.1,12.0,0.0,0.57
2026-07-12 01:12:44.169646,Karachi,20.0,49.2,2.7,0.0,0.0
2026-07-12 02:12:44.169646,Karachi,17.1,59.6,16.1,0.0,0.34
2026-07-12 03:12:44.169646,Karachi,21.0,62.9,12.7,0.0,0.84
2026-07-12 04:12:44.169646,Karachi,20.8,96.8,12.7,0.0,0.92
2026-07-12 05:12:44.169646,Karachi,23.3,39.2,7.9,0.0,0.0
2026-07-12 06:12:44.169646,Karachi,21.8,81.6,18.3,0.0,0.0
2026-07-12 07:12:44.169646,Karachi,23.8,54.5,16.5,214.5,0.0
2026-07-12 08:12:44.169646,Karachi,25.7,28.3,35.9,366.1,3.57
2026-07-12 09:12:44.169646,Karachi,32.8,66.7,18.2,691.6,0.0
2026-07-12 10:12:44.169646,Karachi,27.1,65.6,13.1,718.0,0.33
2026-07-12 11:12:44.169646,Karachi,29.4,58.1,15.6,827.8,0.34
2026-07-12 12:12:44.169646,Karachi,25.8,52.6,26.0,844.4,0.61
2026-07-12 13:12:44.169646,Karachi,25.9,52.1,15.1,933.9,0.0
2026-07-12 14:12:44.169646,Karachi,29.0,48.0,14.5,688.6,0.12
2026-07-12 15:12:44.169646,Karachi,28.1,83.0,4.4,628.7,0.25
2026-07-12 16:12:44.169646,Karachi,25.3,36.4,16.2,426.9,0.38
2026-07-12 17:12:44.169646,Karachi,23.6,59.2,8.6,211.2,0.0
2026-07-12 18:12:44.169646,Karachi,21.0,63.0,22.1,0.0,0.36
2026-07-12 19:12:44.169646,Karachi,23.1,62.0,10.7,0.0,0.41
2026-07-12 20:12:44.169646,Karachi,18.1,46.2,12.8,0.0,0.0
2026-07-12 21:12:44.169646,Karachi,18.7,62.2,12.5,0.0,0.0
2026-07-12 22:12:44.169646,Karachi,20.4,63.6,12.5,0.0,0.0
2026-07-12 23:12:44.169646,Karachi,15.9,55.2,17.0,0.0,0.0
2026-07-13 00:12:44.169646,Karachi,17.2,59.8,19.8,0.0,0.0
2026-07-13 01:12:44.169646,Karachi,17.1,62.1,23.3,0.0,0.0
2026-07-13 02:12:44.169646,Karachi,17.1,75.6,10.1,0.0,1.17
2026-07-13 03:12:44.169646,Karachi,20.5,62.4,13.3,0.0,0.95
2026-07-13 04:12:44.169646,Karachi,19.6,57.0,18.1,0.0,0.0
2026-07-13 05:12:44.169646,Karachi,20.5,69.7,14.3,0.0,0.39
2026-07-13 06:12:44.169646,Karachi,25.9,71.9,10.3,0.0,0.1
2026-07-13 07:12:44.169646,Karachi,24.3,35.5,15.0,192.8,0.0
2026-07-13 08:12:44.169646,Karachi,25.2,68.6,12.3,393.0,0.0
2026-07-13 09:12:44.169646,Karachi,28.5,45.3,7.2,600.5,0.0
2026-07-13 10:12:44.169646,Karachi,31.6,51.5,8.0,697.5,0.0
2026-07-13 11:12:44.169646,Karachi,28.7,62.9,13.8,751.4,0.53
2026-07-13 12:12:44.169646,Karachi,29.1,49.2,7.4,950.9,0.97
2026-07-13 13:12:44.169646,Karachi,30.0,94.8,5.6,955.4,0.37
2026-07-13 14:12:44.169646,Karachi,28.1,75.1,12.9,607.9,0.0
2026-07-13 15:12:44.169646,Karachi,30.5,61.4,15.0,607.6,0.0
2026-07-13 16:12:44.169646,Karachi,26.0,54.3,11.8,490.7,0.26
2026-07-13 17:12:44.169646,Karachi,23.1,41.8,15.1,220.7,1.32
2026-07-13 18:12:44.169646,Karachi,21.3,57.4,7.9,0.0,0.0
2026-07-13 19:12:44.169646,Karachi,17.5,55.9,8.8,0.0,1.42
2026-07-13 20:12:44.169646,Karachi,16.9,63.2,8.5,0.0,0.53
2026-07-13 21:12:44.169646,Karachi,19.5,65.9,11.3,0.0,0.42
2026-07-13 22:12:44.169646,Karachi,15.0,41.4,13.7,0.0,0.0
2026-07-13 23:12:44.169646,Karachi,10.8,40.0,5.5,0.0,0.05
2026-07-14 00:12:44.169646,Karachi,15.1,67.4,10.2,0.0,0.0
2026-07-14 01:12:44.169646,Karachi,18.9,49.4,7.8,0.0,0.0
2026-07-14 02:12:44.169646,Karachi,22.5,71.4,9.5,0.0,0.21
2026-07-14 03:12:44.169646,Karachi,18.4,50.7,5.9,0.0,0.0
2026-07-14 04:12:44.169646,Karachi,19.6,19.0,4.7,0.0,0.0
2026-07-14 05:12:44.169646,Karachi,19.5,80.2,6.6,0.0,0.0
2026-07-14 06:12:44.169646,Karachi,22.7,55.5,10.0,0.0,0.53
2026-07-14 07:12:44.169646,Karachi,25.7,70.2,15.0,211.1,0.21
2026-07-14 08:12:44.169646,Karachi,27.4,49.8,9.2,497.7,0.51
2026-07-14 09:12:44.169646,Karachi,20.6,56.2,8.8,577.0,0.96
2026-07-14 10:12:44.169646,Karachi,27.3,79.4,16.9,801.5,0.0
2026-07-14 11:12:44.169646,Karachi,29.4,49.6,36.0,911.3,0.0
2026-07-14 12:12:44.169646,Karachi,32.6,60.6,16.7,874.8,0.0
2026-07-14 13:12:44.169646,Karachi,25.6,38.9,4.4,929.4,0.0
2026-07-14 14:12:44.169646,Karachi,28.1,63.9,8.8,640.6,0.19
2026-07-14 15:12:44.169646,Karachi,30.6,63.6,26.7,600.8,0.14
2026-07-14 16:12:44.169646,Karachi,27.6,60.9,2.5,479.2,0.0
2026-07-14 17:12:44.169646,Karachi,23.7,66.4,4.9,208.1,1.99
2026-07-14 18:12:44.169646,Karachi,23.4,73.6,18.4,0.0,0.23
2026-07-14 19:12:44.169646,Karachi,22.4,42.8,13.8,0.0,0.34
2026-07-14 20:12:44.169646,Karachi,21.0,55.8,14.9,0.0,0.13
2026-07-14 21:12:44.169646,Karachi,17.9,71.0,9.2,0.0,0.05
2026-07-14 22:12:44.169646,Karachi,14.9,61.4,16.1,0.0,0.51
2026-07-14 23:12:44.169646,Karachi,18.6,93.8,8.9,0.0,0.9
2026-07-15 00:12:44.169646,Karachi,16.4,79.5,15.6,0.0,0.0
2026-07-15 01:12:44.169646,Karachi,16.9,42.5,14.8,0.0,0.0
2026-07-15 02:12:44.169646,Karachi,15.8,55.9,18.2,0.0,0.0
2026-07-15 03:12:44.169646,Karachi,16.5,84.5,6.8,0.0,0.07
2026-07-15 04:12:44.169646,Karachi,18.8,75.9,10.2,0.0,0.0
2026-07-15 05:12:44.169646,Karachi,23.5,60.1,13.6,0.0,0.0
2026-07-15 06:12:44.169646,Karachi,22.4,55.8,23.9,0.0,0.15
2026-07-15 07:12:44.169646,Karachi,22.8,38.8,12.2,241.2,0.0
2026-07-15 08:12:44.169646,Karachi,26.5,48.8,9.6,353.1,0.0
2026-07-15 09:12:44.169646,Karachi,26.7,52.8,11.2,599.7,0.07
2026-07-15 10:12:44.169646,Karachi,29.0,59.7,4.4,637.0,0.0
2026-07-15 11:12:44.169646,Karachi,26.6,56.6,13.5,883.6,0.39
2026-07-15 12:12:44.169646,Karachi,26.3,29.6,8.4,942.3,0.0
2026-07-15 13:12:44.169646,Karachi,28.6,50.7,2.5,922.9,0.18
2026-07-15 14:12:44.169646,Karachi,27.9,73.2,35.7,687.5,0.0
2026-07-15 15:12:44.169646,Karachi,27.6,51.5,19.6,558.0,0.0
2026-07-15 16:12:44.169646,Karachi,26.9,69.6,12.9,420.3,0.0
2026-07-15 17:12:44.169646,Karachi,24.9,45.8,17.0,247.1,0.92
2026-07-15 18:12:44.169646,Karachi,23.2,60.0,6.4,0.0,0.36
2026-07-15 19:12:44.169646,Karachi,19.9,61.9,23.3,0.0,0.0
2026-07-15 20:12:44.169646,Karachi,19.0,54.2,12.9,0.0,0.0
2026-07-15 21:12:44.169646,Karachi,21.1,64.2,18.1,0.0,0.34
2026-07-15 22:12:44.169646,Karachi,17.1,41.6,19.5,0.0,0.23
2026-07-15 23:12:44.169646,Karachi,14.7,65.8,9.4,0.0,1.26
2026-07-16 00:12:44.169646,Karachi,16.0,59.1,13.3,0.0,0.04
2026-07-16 01:12:44.169646,Karachi,14.1,16.8,15.2,0.0,1.41
2026-07-16 02:12:44.169646,Karachi,18.4,12.2,20.4,0.0,0.98
2026-07-16 03:12:44.169646,Karachi,14.6,48.3,9.6,0.0,0.13
2026-07-16 04:12:44.169646,Karachi,20.4,51.3,11.0,0.0,2.01
2026-07-16 05:12:44.169646,Karachi,20.9,54.7,12.7,0.0,0.71
2026-07-16 06:12:44.169646,Karachi,24.6,48.4,20.8,0.0,0.0
2026-07-16 07:12:44.169646,Karachi,20.5,51.6,11.1,197.9,0.0
2026-07-16 08:12:44.169646,Karachi,26.9,66.9,33.1,403.8,1.52
2026-07-16 09:12:44.169646,Karachi,27.1,66.7,9.2,582.4,0.0
2026-07-16 10:12:44.169646,Karachi,29.4,86.2,13.9,769.9,0.0
2026-07-16 11:12:44.169646,Karachi,26.3,75.9,10.1,825.8,0.0
2026-07-16 12:12:44.169646,Karachi,30.5,58.1,10.9,766.4,0.0
2026-07-16 13:12:44.169646,Karachi,28.0,42.5,2.5,815.1,0.03
2026-07-16 14:12:44.169646,Karachi,26.8,57.5,10.0,821.1,0.0
2026-07-16 15:12:44.169646,Karachi,27.9,32.8,3.7,512.3,0.19
2026-07-16 16:12:44.169646,Karachi,25.5,60.7,25.7,412.0,0.0
2026-07-16 17:12:44.169646,Karachi,24.7,51.8,3.5,231.4,0.26
2026-07-16 18:12:44.169646,Karachi,21.4,67.1,7.0,0.0,0.2
2026-07-16 19:12:44.169646,Karachi,19.9,58.0,16.0,0.0,0.24
2026-07-16 20:12:44.169646,Karachi,19.7,47.4,14.6,0.0,0.0
2026-07-16 21:12:44.169646,Karachi,17.7,65.2,4.0,0.0,0.26
2026-07-16 22:12:44.169646,Karachi,16.3,34.3,11.8,0.0,0.69
2026-07-16 23:12:44.169646,Karachi,19.6,48.3,6.2,0.0,0.0
2026-07-17 00:12:44.169646,Karachi,15.7,36.4,4.4,0.0,0.97
2026-07-17 01:12:44.169646,Karachi,17.4,56.6,3.1,0.0,0.0
2026-07-17 02:12:44.169646,Karachi,20.1,33.1,9.5,0.0,0.32
2026-07-17 03:12:44.169646,Karachi,18.8,37.8,10.7,0.0,0.05
2026-07-17 04:12:44.169646,Karachi,18.0,56.6,24.1,0.0,0.47
2026-07-17 05:12:44.169646,Karachi,24.3,23.1,2.7,0.0,0.04
2026-07-17 06:12:44.169646,Karachi,18.5,38.1,6.7,0.0,0.0
2026-07-17 07:12:44.169646,Karachi,27.8,58.4,13.3,182.9,0.0
2026-07-17 08:12:44.169646,Karachi,25.0,79.2,10.7,475.1,0.58
2026-07-17 09:12:44.169646,Karachi,28.2,63.1,12.2,667.3,0.0
2026-07-17 10:12:44.169646,Karachi,26.2,74.1,21.0,629.4,0.0
2026-07-17 11:12:44.169646,Karachi,28.9,41.5,21.1,934.0,0.1
2026-07-17 12:12:44.169646,Karachi,28.9,46.8,7.3,882.6,0.85
2026-07-17 13:12:44.169646,Karachi,27.7,44.1,23.4,703.5,0.0
2026-07-17 14:12:44.169646,Karachi,29.7,51.7,5.0,671.5,0.0
2026-07-17 15:12:44.169646,Karachi,23.7,26.3,7.8,647.3,0.31
2026-07-17 16:12:44.169646,Karachi,26.5,57.5,13.8,498.7,0.0
2026-07-17 17:12:44.169646,Karachi,21.0,38.8,9.3,207.8,0.06
2026-07-17 18:12:44.169646,Karachi,19.0,82.1,17.3,0.0,0.0
2026-07-17 19:12:44.169646,Karachi,21.0,57.5,16.6,0.0,0.0
2026-07-17 20:12:44.169646,Karachi,17.6,68.9,14.3,0.0,0.08
2026-07-17 21:12:44.169646,Karachi,23.0,65.4,33.8,0.0,1.88
2026-07-17 22:12:44.169646,Karachi,17.2,60.4,9.3,0.0,0.11
2026-07-17 23:12:44.169646,Karachi,13.6,69.6,15.0,0.0,0.19
2026-07-18 00:12:44.169646,Karachi,15.8,59.9,16.4,0.0,0.0
2026-07-18 01:12:44.169646,Karachi,15.6,43.3,3.6,0.0,0.0
2026-07-18 02:12:44.169646,Karachi,16.9,68.5,3.5,0.0,0.15
2026-07-18 03:12:44.169646,Karachi,16.6,47.0,13.7,0.0,0.0
2026-07-18 04:12:44.169646,Karachi,20.4,78.4,19.9,0.0,0.0
2026-07-18 05:12:44.169646,Karachi,21.4,32.4,21.9,0.0,0.54
2026-07-18 06:12:44.169646,Karachi,23.7,82.0,7.4,0.0,0.15
2026-07-18 07:12:44.169646,Karachi,18.9,53.0,19.9,250.1,0.0
2026-07-18 08:12:44.169646,Karachi,27.9,51.3,21.6,393.2,0.59
2026-07-18 09:12:44.169646,Karachi,30.2,57.7,11.6,699.5,0.04
2026-07-18 10:12:44.169646,Karachi,25.9,77.2,3.0,856.0,0.0
2026-07-18 11:12:44.169646,Karachi,26.9,80.4,11.0,751.3,0.77
2026-07-18 12:12:44.169646,Karachi,24.2,63.5,14.6,901.5,0.11
2026-07-18 13:12:44.169646,Karachi,26.6,52.4,11.1,856.0,0.0
2026-07-18 14:12:44.169646,Karachi,25.9,42.8,12.1,810.8,0.0
2026-07-18 15:12:44.169646,Karachi,31.2,51.2,11.3,525.5,0.0
2026-07-18 16:12:44.169646,Karachi,27.5,64.7,9.4,377.3,0.0
2026-07-18 17:12:44.169646,Karachi,24.7,86.1,6.2,224.0,0.02
2026-07-18 18:12:44.169646,Karachi,22.3,74.8,11.0,0.0,0.4
2026-07-18 19:12:44.169646,Karachi,21.1,39.2,27.5,0.0,0.0
2026-07-18 20:12:44.169646,Karachi,19.4,48.5,3.3,0.0,0.0
2026-07-18 21:12:44.169646,Karachi,18.8,65.0,9.7,0.0,0.84
2026-07-18 22:12:44.169646,Karachi,15.8,84.4,4.0,0.0,0.36
2026-07-18 23:12:44.169646,Karachi,13.4,41.0,8.7,0.0,0.0
2026-07-19 00:12:44.169646,Karachi,14.7,61.6,12.9,0.0,0.0
2026-07-19 01:12:44.169646,Karachi,13.4,76.1,15.0,0.0,0.0
2026-07-19 02:12:44.169646,Karachi,15.8,50.2,15.3,0.0,0.0
2026-07-19 03:12:44.169646,Karachi,15.8,59.7,25.4,0.0,0.0
2026-07-19 04:12:44.169646,Karachi,20.5,50.2,5.9,0.0,0.48
2026-07-19 05:12:44.169646,Karachi,23.1,49.6,21.6,0.0,2.76
2026-07-19 06:12:44.169646,Karachi,21.6,48.0,11.6,0.0,0.12
2026-07-19 07:12:44.169646,Karachi,26.0,29.8,11.6,184.9,0.17
2026-07-19 08:12:44.169646,Karachi,26.1,59.3,22.9,392.5,0.24
2026-07-19 09:12:44.169646,Karachi,25.9,44.6,9.9,596.1,0.0
2026-07-19 10:12:44.169646,Karachi,25.1,57.3,21.2,843.9,0.02
2026-07-19 11:12:44.169646,Karachi,28.0,43.9,22.2,847.8,0.0
2026-07-19 12:12:44.169646,Karachi,29.2,82.1,5.4,752.4,0.29
2026-07-19 13:12:44.169646,Karachi,28.1,69.0,6.2,862.1,0.82
2026-07-19 14:12:44.169646,Karachi,30.1,13.9,1.2,833.1,0.04
2026-07-19 15:12:44.169646,Karachi,24.2,60.9,13.1,509.5,0.1
2026-07-19 16:12:44.169646,Karachi,26.6,49.9,12.8,395.2,0.0
2026-07-19 17:12:44.169646,Karachi,23.5,51.9,18.0,222.1,0.0
2026-07-19 18:12:44.169646,Karachi,23.5,32.1,7.7,0.0,0.91
2026-07-19 19:12:44.169646,Karachi,17.7,57.6,15.8,0.0,0.51
2026-07-19 20:12:44.169646,Karachi,20.1,76.5,12.8,0.0,0.45
2026-07-19 21:12:44.169646,Karachi,19.0,80.7,15.5,0.0,0.0
2026-07-19 22:12:44.169646,Karachi,14.8,49.4,10.0,0.0,0.35
2026-07-19 23:12:44.169646,Karachi,18.4,45.9,15.9,0.0,0.2
2026-07-20 00:12:44.169646,Karachi,14.1,64.6,25.1,0.0,0.0
2026-07-20 01:12:44.169646,Karachi,18.3,48.5,7.3,0.0,0.21
2026-07-20 02:12:44.169646,Karachi,21.1,43.8,26.7,0.0,0.53
2026-07-20 03:12:44.169646,Karachi,17.0,53.0,27.7,0.0,0.14
2026-07-20 04:12:44.169646,Karachi,19.7,38.4,3.1,0.0,0.0
2026-07-20 05:12:44.169646,Karachi,17.8,80.5,9.4,0.0,0.23
2026-07-20 06:12:44.169646,Karachi,22.7,67.2,15.6,0.0,0.29
2026-07-20 07:12:44.169646,Karachi,22.0,70.5,16.1,190.1,0.0
2026-07-20 08:12:44.169646,Karachi,21.8,51.7,12.0,399.8,0.83
2026-07-20 09:12:44.169646,Karachi,24.2,62.8,12.5,681.5,0.0
2026-07-20 10:12:44.169646,Karachi,24.3,56.8,19.2,701.7,0.24
2026-07-20 11:12:44.169646,Karachi,24.6,53.1,29.3,757.9,0.0
2026-07-20 12:12:44.169646,Karachi,27.9,91.2,25.5,706.9,0.0
2026-07-20 13:12:44.169646,Karachi,29.8,63.2,19.3,893.1,0.37
2026-07-20 14:12:44.169646,Karachi,28.9,53.1,11.4,843.3,0.03
2026-07-20 15:12:44.169646,Karachi,22.5,53.2,8.3,519.4,0.63
2026-07-20 16:12:44.169646,Karachi,27.2,57.2,9.8,461.8,0.0
2026-07-20 17:12:44.169646,Karachi,24.8,56.6,18.0,246.4,0.42
2026-07-20 18:12:44.169646,Karachi,19.3,56.6,13.9,0.0,0.0
2026-07-20 19:12:44.169646,Karachi,19.2,74.0,5.2,0.0,0.46
2026-07-20 20:12:44.169646,Karachi,16.8,67.7,29.9,0.0,0.0
2026-07-20 21:12:44.169646,Karachi,18.8,59.0,6.2,0.0,0.76
2026-07-20 22:12:44.169646,Karachi,15.0,62.8,15.7,0.0,0.74
2026-07-20 23:12:44.169646,Karachi,17.3,65.9,6.3,0.0,0.0
2026-07-21 00:12:44.169646,Karachi,20.2,74.9,25.4,0.0,0.02
2026-07-21 01:12:44.169646,Karachi,14.0,46.0,3.5,0.0,0.0
2026-07-21 02:12:44.169646,Karachi,14.0,59.3,20.7,0.0,0.15
2026-07-21 03:12:44.169646,Karachi,17.0,71.0,14.3,0.0,0.07
2026-07-21 04:12:44.169646,Karachi,22.0,77.4,8.0,0.0,0.36
2026-07-21 05:12:44.169646,Karachi,20.7,88.7,20.7,0.0,0.0
2026-07-21 06:12:44.169646,Karachi,22.7,42.7,14.8,0.0,0.71
2026-07-21 07:12:44.169646,Karachi,22.4,43.1,7.6,257.7,0.4
2026-07-21 08:12:44.169646,Karachi,23.6,33.6,2.5,482.1,0.0
2026-07-21 09:12:44.169646,Karachi,30.6,51.4,10.9,501.0,0.0
2026-07-21 10:12:44.169646,Karachi,26.8,52.1,8.5,848.3,0.14
2026-07-21 11:12:44.169646,Karachi,26.3,50.2,12.0,760.1,0.0
2026-07-21 12:12:44.169646,Karachi,28.7,57.1,16.9,720.8,0.0
2026-07-21 13:12:44.169646,Karachi,26.2,54.6,2.6,885.4,0.04
2026-07-21 14:12:44.169646,Karachi,24.7,66.3,8.3,756.7,0.0
2026-07-21 15:12:44.169646,Karachi,24.9,70.3,7.4,667.6,0.0
2026-07-21 16:12:44.169646,Karachi,24.7,40.6,1.2,407.2,0.01
2026-07-21 17:12:44.169646,Karachi,27.2,54.0,3.4,244.9,0.0
2026-07-21 18:12:44.169646,Karachi,21.7,46.7,3.8,0.0,0.0
2026-07-21 19:12:44.169646,Karachi,18.5,39.7,15.2,0.0,0.3
2026-07-21 20:12:44.169646,Karachi,21.0,45.6,11.0,0.0,0.07
2026-07-21 21:12:44.169646,Karachi,16.6,46.7,17.1,0.0,1.59
2026-07-21 22:12:44.169646,Karachi,16.0,56.7,5.9,0.0,0.0
2026-07-21 23:12:44.169646,Karachi,14.4,62.8,17.7,0.0,0.11
2026-07-22 00:12:44.169646,Karachi,16.2,77.3,14.4,0.0,0.0
2026-07-22 01:12:44.169646,Karachi,17.3,62.3,21.5,0.0,0.0
2026-07-22 02:12:44.169646,Karachi,13.9,59.8,21.7,0.0,0.0
2026-07-22 03:12:44.169646,Karachi,17.1,46.5,4.9,0.0,0.0
2026-07-22 04:12:44.169646,Karachi,23.1,43.9,23.0,0.0,0.31
2026-07-22 05:12:44.169646,Karachi,19.4,72.1,9.3,0.0,0.15
2026-07-22 06:12:44.169646,Karachi,22.8,81.6,10.2,0.0,0.0
2026-07-22 07:12:44.169646,Karachi,26.4,56.1,13.5,194.5,1.0
2026-07-22 08:12:44.169646,Karachi,23.3,37.6,10.4,408.2,0.16
2026-07-22 09:12:44.169646,Karachi,29.0,40.2,6.2,597.8,1.18
2026-07-22 10:12:44.169646,Karachi,27.5,32.0,23.8,622.0,1.02
2026-07-22 11:12:44.169646,Karachi,25.6,50.3,8.3,899.3,0.3
2026-07-22 12:12:44.169646,Karachi,27.9,66.8,7.6,958.4,0.91
2026-07-22 13:12:44.169646,Karachi,25.9,44.3,13.5,931.1,0.5
2026-07-22 14:12:44.169646,Karachi,27.8,72.0,16.3,655.3,0.0
2026-07-22 15:12:44.169646,Karachi,26.9,37.7,18.2,687.6,0.0
2026-07-22 16:12:44.169646,Karachi,22.5,46.7,10.7,379.6,0.0
2026-07-22 17:12:44.169646,Karachi,26.6,53.6,28.1,222.4,0.01
2026-07-22 18:12:44.169646,Karachi,21.5,50.3,4.8,0.0,0.0
2026-07-22 19:12:44.169646,Karachi,18.0,70.6,18.1,0.0,0.0
2026-07-22 20:12:44.169646,Karachi,19.0,76.1,4.4,0.0,0.0
2026-07-22 21:12:44.169646,Karachi,19.4,46.6,14.9,0.0,0.45
2026-07-22 22:12:44.169646,Karachi,19.3,40.4,3.9,0.0,0.0
2026-07-22 23:12:44.169646,Karachi,17.7,43.9,13.1,0.0,0.0
2026-07-23 00:12:44.169646,Karachi,15.4,69.4,14.6,0.0,1.83
2026-07-23 01:12:44.169646,Karachi,18.6,56.8,11.0,0.0,0.0
2026-07-23 02:12:44.169646,Karachi,16.5,12.3,11.1,0.0,2.59
2026-07-23 03:12:44.169646,Karachi,18.1,75.4,2.4,0.0,0.0
2026-07-23 04:12:44.169646,Karachi,19.2,81.2,26.3,0.0,0.5
2026-07-23 05:12:44.169646,Karachi,20.8,58.2,6.3,0.0,0.0
2026-07-23 06:12:44.169646,Karachi,21.4,55.6,9.6,0.0,0.0
2026-07-23 07:12:44.169646,Karachi,22.6,42.1,13.1,246.6,0.0
2026-07-23 08:12:44.169646,Karachi,22.6,47.9,2.4,498.5,0.0
2026-07-23 09:12:44.169646,Karachi,25.9,78.5,33.3,561.6,0.18
2026-07-23 10:12:44.169646,Karachi,28.2,48.0,11.8,645.2,0.62
2026-07-23 11:12:44.169646,Karachi,27.1,57.0,13.7,716.2,1.14
2026-07-23 12:12:44.169646,Karachi,29.4,79.8,14.5,792.8,0.78
2026-07-23 13:12:44.169646,Karachi,24.5,45.3,10.3,815.5,0.02
2026-07-23 14:12:44.169646,Karachi,26.0,44.7,10.7,821.0,1.42
2026-07-23 15:12:44.169646,Karachi,23.8,76.1,16.1,548.4,0.0
2026-07-23 16:12:44.169646,Karachi,26.6,60.4,14.1,375.5,0.0
2026-07-23 17:12:44.169646,Karachi,22.3,55.7,12.9,224.5,0.0
2026-07-23 18:12:44.169646,Karachi,22.7,81.6,13.0,0.0,0.34
2026-07-23 19:12:44.169646,Karachi,21.5,55.7,25.4,0.0,0.35
2026-07-23 20:12:44.169646,Karachi,19.2,56.1,3.4,0.0,0.0
2026-07-23 21:12:44.169646,Karachi,19.9,63.6,19.3,0.0,0.78
2026-07-23 22:12:44.169646,Karachi,15.3,38.7,16.8,0.0,0.33
2026-07-23 23:12:44.169646,Karachi,13.4,38.7,9.3,0.0,0.81
2026-07-24 00:12:44.169646,Karachi,13.2,30.9,30.1,0.0,1.14
2026-07-24 01:12:44.169646,Karachi,14.5,57.0,6.9,0.0,0.0
2026-07-24 02:12:44.169646,Karachi,14.9,63.3,12.6,0.0,0.43
2026-07-24 03:12:44.169646,Karachi,19.0,65.8,19.4,0.0,0.0
2026-07-24 04:12:44.169646,Karachi,20.5,47.7,3.0,0.0,0.06
2026-07-24 05:12:44.169646,Karachi,17.2,70.3,12.3,0.0,0.42
2026-07-24 06:12:44.169646,Karachi,20.2,71.0,17.3,0.0,0.28
2026-07-24 07:12:44.169646,Karachi,17.4,61.6,2.7,232.2,0.0
2026-07-24 08:12:44.169646,Karachi,21.4,60.3,18.2,466.2,0.32
2026-07-24 09:12:44.169646,Karachi,23.7,42.3,12.9,660.9,0.0
2026-07-24 10:12:44.169646,Karachi,27.0,83.9,20.6,857.1,0.0
2026-07-24 11:12:44.169646,Karachi,20.6,83.0,6.0,920.8,0.0
2026-07-24 12:12:44.169646,Karachi,28.2,57.3,13.1,969.8,0.17
2026-07-24 13:12:44.169646,Karachi,27.9,64.7,22.6,931.0,0.59
2026-07-24 14:12:44.169646,Karachi,29.8,41.4,9.4,685.9,0.0
2026-07-24 15:12:44.169646,Karachi,25.3,63.6,1.2,524.8,0.0
2026-07-24 16:12:44.169646,Karachi,28.5,61.4,3.6,469.4,0.0
2026-07-24 17:12:44.169646,Karachi,24.3,59.1,9.8,237.6,0.9
2026-07-24 18:12:44.169646,Karachi,23.2,62.4,0.7,0.0,0.0
2026-07-24 19:12:44.169646,Karachi,16.5,80.1,11.2,0.0,0.0
2026-07-24 20:12:44.169646,Karachi,18.7,47.0,5.2,0.0,0.0
2026-07-24 21:12:44.169646,Karachi,15.4,59.8,23.3,0.0,0.02
2026-07-24 22:12:44.169646,Karachi,16.2,48.7,9.5,0.0,0.12
2026-07-24 23:12:44.169646,Karachi,10.3,31.2,20.7,0.0,0.0
2026-07-25 00:12:44.169646,Karachi,9.7,54.8,15.9,0.0,0.0
2026-07-25 01:12:44.169646,Karachi,11.5,94.2,28.6,0.0,0.4
2026-07-25 02:12:44.169646,Karachi,15.9,36.7,18.6,0.0,0.07
2026-07-25 03:12:44.169646,Karachi,14.2,32.6,10.1,0.0,0.0
2026-07-25 04:12:44.169646,Karachi,19.5,77.1,8.4,0.0,0.2
2026-07-25 05:12:44.169646,Karachi,17.4,43.0,17.4,0.0,0.53
2026-07-25 06:12:44.169646,Karachi,23.6,63.4,4.1,0.0,0.16
2026-07-25 07:12:44.169646,Karachi,24.3,44.1,15.8,209.0,0.1
2026-07-25 08:12:44.169646,Karachi,24.9,61.0,8.9,360.2,0.72
2026-07-25 09:12:44.169646,Karachi,26.1,17.1,13.5,533.9,0.0
2026-07-25 10:12:44.169646,Karachi,25.3,62.6,4.7,699.7,0.14
2026-07-25 11:12:44.169646,Karachi,26.8,50.1,28.8,893.0,0.0
2026-07-25 12:12:44.169646,Karachi,25.9,73.6,6.9,746.1,0.99
2026-07-25 13:12:44.169646,Karachi,25.7,69.6,5.0,948.6,0.0
2026-07-25 14:12:44.169646,Karachi,29.0,52.7,1.5,844.2,0.0
2026-07-25 15:12:44.169646,Karachi,25.7,50.8,4.8,615.3,0.0
2026-07-25 16:12:44.169646,Karachi,27.9,57.0,4.5,466.9,0.03
2026-07-25 17:12:44.169646,Karachi,23.6,45.2,17.0,232.2,0.0
2026-07-25 18:12:44.169646,Karachi,23.5,55.6,21.1,0.0,0.0
2026-07-25 19:12:44.169646,Karachi,18.6,28.9,12.9,0.0,0.0
2026-07-25 20:12:44.169646,Karachi,21.1,40.5,15.3,0.0,0.0
2026-07-25 21:12:44.169646,Karachi,16.9,59.3,12.2,0.0,1.41
2026-07-25 22:12:44.169646,Karachi,16.1,38.1,19.2,0.0,0.0
2026-07-25 23:12:44.169646,Karachi,16.2,59.2,8.3,0.0,0.0
2026-07-26 00:12:44.169646,Karachi,12.8,27.5,5.1,0.0,0.0
2026-07-26 01:12:44.169646,Karachi,15.5,70.5,8.4,0.0,1.14
2026-07-26 02:12:44.169646,Karachi,14.5,73.7,18.1,0.0,0.15
2026-07-26 03:12:44.169646,Karachi,14.4,72.6,7.3,0.0,0.0
2026-07-26 04:12:44.169646,Karachi,17.8,42.3,10.8,0.0,0.0
2026-07-26 05:12:44.169646,Karachi,20.2,67.6,11.5,0.0,1.41
2026-07-26 06:12:44.169646,Karachi,23.3,61.4,5.6,0.0,0.0
2026-07-26 07:12:44.169646,Karachi,21.4,62.2,9.3,208.9,0.0
2026-07-26 08:12:44.169646,Karachi,26.1,42.9,19.1,390.0,0.0
2026-07-26 09:12:44.169646,Karachi,27.2,59.1,15.1,511.8,0.06
2026-07-26 10:12:44.169646,Karachi,24.7,50.6,9.1,782.0,0.0
2026-07-26 11:12:44.169646,Karachi,27.0,56.2,17.6,772.8,1.27
2026-07-26 12:12:44.169646,Karachi,27.0,41.1,19.8,703.3,0.0
2026-07-26 13:12:44.169646,Karachi,29.2,38.4,10.7,904.8,0.25
2026-07-26 14:12:44.169646,Karachi,26.7,57.0,17.1,833.8,0.95
2026-07-26 15:12:44.169646,Karachi,25.2,75.2,1.4,601.5,0.0
2026-07-26 16:12:44.169646,Karachi,24.6,79.2,25.9,464.1,0.0
2026-07-26 17:12:44.169646,Karachi,22.9,43.9,14.8,188.9,0.08
2026-07-26 18:12:44.169646,Karachi,19.0,74.9,7.8,0.0,0.28
2026-07-26 19:12:44.169646,Karachi,24.8,33.2,9.4,0.0,0.61
2026-07-26 20:12:44.169646,Karachi,16.3,63.1,17.5,0.0,0.0
2026-07-26 21:12:44.169646,Karachi,13.9,63.4,20.7,0.0,0.0
2026-07-26 22:12:44.169646,Karachi,16.7,29.0,21.0,0.0,0.13
2026-07-26 23:12:44.169646,Karachi,16.0,49.5,14.3,0.0,0.0
2026-07-27 00:12:44.169646,Karachi,18.5,64.9,16.0,0.0,0.34
2026-07-27 01:12:44.169646,Karachi,14.2,56.4,17.6,0.0,1.54
2026-07-27 02:12:44.169646,Karachi,17.3,31.3,18.1,0.0,0.21
2026-07-27 03:12:44.169646,Karachi,16.4,67.2,13.1,0.0,0.0
2026-07-27 04:12:44.169646,Karachi,17.2,61.9,29.4,0.0,0.0
2026-07-27 05:12:44.169646,Karachi,19.0,29.9,15.6,0.0,0.0
2026-07-27 06:12:44.169646,Karachi,21.9,23.5,27.1,0.0,0.0
2026-07-27 07:12:44.169646,Karachi,24.6,69.1,5.2,231.9,0.09
2026-07-27 08:12:44.169646,Karachi,22.3,64.4,7.2,402.2,0.79
2026-07-27 09:12:44.169646,Karachi,24.6,58.5,10.1,656.3,0.28
2026-07-27 10:12:44.169646,Karachi,19.4,43.3,15.1,835.2,0.0
2026-07-27 11:12:44.169646,Karachi,27.5,44.5,5.8,819.8,0.45
2026-07-27 12:12:44.169646,Karachi,30.9,55.2,10.9,832.4,0.0
2026-07-27 13:12:44.169646,Karachi,24.2,58.3,13.4,884.0,0.64
2026-07-27 14:12:44.169646,Karachi,22.7,68.7,15.4,699.0,0.32
2026-07-27 15:12:44.169646,Karachi,25.5,41.9,14.2,607.6,0.08
2026-07-27 16:12:44.169646,Karachi,23.8,60.8,6.7,381.3,0.0
2026-07-27 17:12:44.169646,Karachi,21.4,90.8,12.9,213.5,0.73
2026-07-27 18:12:44.169646,Karachi,20.9,43.5,28.2,0.0,0.37
2026-07-27 19:12:44.169646,Karachi,22.3,59.2,36.2,0.0,0.8
2026-07-27 20:12:44.169646,Karachi,18.1,42.5,18.6,0.0,0.26
2026-07-27 21:12:44.169646,Karachi,13.0,42.7,14.9,0.0,0.0
2026-07-27 22:12:44.169646,Karachi,17.8,49.6,9.2,0.0,0.22
2026-07-27 23:12:44.169646,Karachi,15.6,69.0,12.4,0.0,0.0
2026-07-28 00:12:44.169646,Karachi,15.6,72.3,11.9,0.0,0.0
2026-07-28 01:12:44.169646,Karachi,13.0,63.2,22.2,0.0,0.0
2026-07-28 02:12:44.169646,Karachi,12.7,47.9,12.2,0.0,0.27
2026-07-28 03:12:44.169646,Karachi,18.5,39.1,14.8,0.0,0.0
2026-07-28 04:12:44.169646,Karachi,19.2,48.7,1.6,0.0,0.33
2026-07-28 05:12:44.169646,Karachi,22.3,45.7,12.6,0.0,0.0
2026-07-28 06:12:44.169646,Karachi,20.1,37.6,8.8,0.0,0.12
2026-07-28 07:12:44.169646,Karachi,18.0,58.9,12.5,235.2,0.13
2026-07-28 08:12:44.169646,Karachi,24.3,44.8,4.4,482.9,0.0
2026-07-28 09:12:44.169646,Karachi,27.0,45.5,19.7,647.2,0.0
2026-07-28 10:12:44.169646,Karachi,24.7,71.7,9.6,663.0,0.0
2026-07-28 11:12:44.169646,Karachi,25.7,41.3,12.5,718.7,0.0
2026-07-28 12:12:44.169646,Karachi,27.7,53.8,5.8,807.7,0.0
2026-07-28 13:12:44.169646,Karachi,25.1,70.3,18.7,787.3,0.0
2026-07-28 14:12:44.169646,Karachi,24.3,54.5,7.3,651.4,0.01
2026-07-28 15:12:44.169646,Karachi,23.9,71.2,9.0,575.7,0.0
2026-07-28 16:12:44.169646,Karachi,25.3,51.9,14.8,353.7,0.79
2026-07-28 17:12:44.169646,Karachi,25.8,40.1,9.6,226.7,0.0
2026-07-28 18:12:44.169646,Karachi,21.0,78.6,8.8,0.0,0.52
2026-07-28 19:12:44.169646,Karachi,17.6,49.5,13.1,0.0,1.15
2026-07-28 20:12:44.169646,Karachi,18.5,16.0,11.6,0.0,0.01
2026-07-28 21:12:44.169646,Karachi,15.6,34.0,12.4,0.0,0.38
2026-07-28 22:12:44.169646,Karachi,15.8,38.7,15.6,0.0,0.0
2026-07-28 23:12:44.169646,Karachi,18.4,61.2,11.9,0.0,0.0
2026-07-29 00:12:44.169646,Karachi,15.1,51.6,13.3,0.0,0.0
2026-07-29 01:12:44.169646,Karachi,13.0,34.9,20.7,0.0,0.04
2026-07-29 02:12:44.169646,Karachi,16.3,35.3,11.2,0.0,0.0
2026-07-29 03:12:44.169646,Karachi,15.6,47.9,6.4,0.0,0.39
2026-07-29 04:12:44.169646,Karachi,19.4,64.8,16.4,0.0,0.0
2026-07-29 05:12:44.169646,Karachi,21.5,40.6,5.8,0.0,0.0
2026-07-29 06:12:44.169646,Karachi,19.7,67.0,21.0,0.0,1.51
2026-07-29 07:12:44.169646,Karachi,21.3,50.9,6.8,238.7,0.13
2026-07-29 08:12:44.169646,Karachi,28.4,75.3,20.7,447.5,0.0
2026-07-29 09:12:44.169646,Karachi,20.8,64.9,2.2,562.6,0.16
2026-07-29 10:12:44.169646,Karachi,27.3,40.5,17.8,683.5,0.67
2026-07-29 11:12:44.169646,Karachi,24.3,45.2,8.8,855.4,0.0
2026-07-29 12:12:44.169646,Karachi,28.6,56.3,10.3,835.4,0.0
2026-07-29 13:12:44.169646,Karachi,23.1,39.2,2.6,964.5,0.0
2026-07-29 14:12:44.169646,Karachi,28.3,49.4,24.3,786.0,0.0
2026-07-29 15:12:44.169646,Karachi,26.0,40.6,16.3,619.1,0.13
2026-07-29 16:12:44.169646,Karachi,24.8,57.0,3.0,488.2,0.0
2026-07-29 17:12:44.169646,Karachi,17.5,57.5,12.0,185.0,1.56
2026-07-29 18:12:44.169646,Karachi,21.1,35.2,9.8,0.0,0.72
2026-07-29 19:12:44.169646,Karachi,18.7,59.8,15.2,0.0,0.11
2026-07-29 20:12:44.169646,Karachi,16.4,75.5,9.1,0.0,1.82
2026-07-29 21:12:44.169646,Karachi,15.8,49.0,20.9,0.0,0.0
2026-07-29 22:12:44.169646,Karachi,14.1,56.6,23.9,0.0,0.0
2026-07-29 23:12:44.169646,Karachi,13.6,48.6,12.4,0.0,0.55
2026-07-30 00:12:44.169646,Karachi,13.0,48.5,10.9,0.0,1.7
2026-07-30 01:12:44.169646,Karachi,14.5,50.5,15.8,0.0,0.52
2026-07-30 02:12:44.169646,Karachi,14.6,56.9,11.8,0.0,0.0
2026-07-30 03:12:44.169646,Karachi,14.7,57.9,3.3,0.0,0.0
2026-07-30 04:12:44.169646,Karachi,17.6,59.5,1.0,0.0,0.0
2026-07-30 05:12:44.169646,Karachi,20.9,66.7,19.2,0.0,0.9
2026-07-30 06:12:44.169646,Karachi,22.2,49.7,13.2,0.0,1.25
2026-07-30 07:12:44.169646,Karachi,20.6,45.9,10.7,251.1,0.5
2026-07-30 08:12:44.169646,Karachi,25.4,66.5,11.2,353.9,0.67
2026-07-30 09:12:44.169646,Karachi,28.5,53.4,5.4,655.3,0.0
2026-07-30 10:12:44.169646,Karachi,25.3,55.7,23.7,695.0,0.13
2026-07-30 11:12:44.169646,Karachi,25.6,63.6,8.7,860.6,0.0
2026-07-30 12:12:44.169646,Karachi,27.1,49.4,29.3,940.7,0.0
2026-07-30 13:12:44.169646,Karachi,25.9,41.7,3.0,847.6,0.0
2026-07-30 14:12:44.169646,Karachi,27.5,73.5,24.6,629.5,0.0
2026-07-30 15:12:44.169646,Karachi,19.3,50.6,19.3,554.0,0.0
2026-07-30 16:12:44.169646,Karachi,25.5,84.7,30.3,387.3,0.64
2026-07-30 17:12:44.169646,Karachi,21.7,50.0,22.0,209.0,0.0
2026-07-30 18:12:44.169646,Karachi,21.8,37.3,22.2,0.0,0.0
2026-07-30 19:12:44.169646,Karachi,18.1,72.1,12.7,0.0,0.0
2026-07-30 20:12:44.169646,Karachi,18.0,53.6,10.2,0.0,0.0
2026-07-30 21:12:44.169646,Karachi,17.5,58.6,8.9,0.0,1.17
2026-07-30 22:12:44.169646,Karachi,16.8,46.2,8.5,0.0,0.0
2026-07-30 23:12:44.169646,Karachi,14.1,75.0,10.6,0.0,0.0
2026-07-31 00:12:44.169646,Karachi,11.2,65.3,7.8,0.0,0.03
2026-07-31 01:12:44.169646,Karachi,14.5,50.1,19.7,0.0,0.35
2026-07-31 02:12:44.169646,Karachi,20.0,37.3,2.4,0.0,0.92
2026-07-31 03:12:44.169646,Karachi,12.2,63.8,8.8,0.0,0.24
2026-07-31 04:12:44.169646,Karachi,14.6,60.2,10.9,0.0,0.26
2026-07-31 05:12:44.169646,Karachi,18.8,26.5,8.1,0.0,0.0
2026-07-31 06:12:44.169646,Karachi,23.1,44.4,17.8,0.0,0.25
2026-07-31 07:12:44.169646,Karachi,22.7,55.1,13.7,249.8,0.11
2026-07-31 08:12:44.169646,Karachi,23.9,51.8,17.5,484.4,0.0
2026-07-31 09:12:44.169646,Karachi,22.3,67.8,17.9,535.0,1.31
2026-07-31 10:12:44.169646,Karachi,27.5,72.7,13.2,737.4,0.0
2026-07-31 11:12:44.169646,Karachi,26.8,47.0,8.2,812.5,0.2
2026-07-31 12:12:44.169646,Karachi,26.0,32.9,17.9,757.1,0.0
2026-07-31 13:12:44.169646,Karachi,29.1,49.6,10.7,867.3,0.0
2026-07-31 14:12:44.169646,Karachi,24.4,51.7,9.2,671.1,0.0
2026-07-31 15:12:44.169646,Karachi,27.9,58.0,11.9,686.1,0.39
2026-07-31 16:12:44.169646,Karachi,22.4,42.9,16.3,367.7,0.89
2026-07-31 17:12:44.169646,Karachi,21.0,66.0,8.5,199.4,0.0
2026-07-31 18:12:44.169646,Karachi,20.3,52.1,25.6,0.0,0.0
2026-07-31 19:12:44.169646,Karachi,17.1,53.6,6.1,0.0,0.29
2026-07-31 20:12:44.169646,Karachi,18.6,44.1,16.6,0.0,0.39
2026-07-31 21:12:44.169646,Karachi,18.1,70.4,13.3,0.0,0.27
2026-07-31 22:12:44.169646,Karachi,12.0,56.9,7.4,0.0,0.0
2026-07-31 23:12:44.169646,Karachi,16.9,50.4,10.7,0.0,0.0
2026-08-01 00:12:44.169646,Karachi,18.5,75.5,17.9,0.0,0.5
2026-08-01 01:12:44.169646,Karachi,12.4,40.3,17.2,0.0,0.14
2026-08-01 02:12:44.169646,Karachi,12.8,53.6,4.4,0.0,0.31
2026-08-01 03:12:44.169646,Karachi,15.4,39.6,17.3,0.0,0.98
2026-08-01 04:12:44.169646,Karachi,18.2,51.9,16.1,0.0,0.79
2026-08-01 05:12:44.169646,Karachi,20.9,51.0,10.9,0.0,0.78
2026-08-01 06:12:44.169646,Karachi,21.3,74.9,20.5,0.0,0.57
2026-08-01 07:12:44.169646,Karachi,23.4,47.8,14.8,208.0,0.0
2026-08-01 08:12:44.169646,Karachi,22.3,30.0,5.6,397.2,0.03
2026-08-01 09:12:44.169646,Karachi,21.8,55.6,2.6,532.0,0.0
2026-08-01 10:12:44.169646,Karachi,23.2,49.2,7.1,845.0,0.0
2026-08-01 11:12:44.169646,Karachi,23.3,49.1,17.7,694.0,0.11
2026-08-01 12:12:44.169646,Karachi,25.9,44.7,9.9,711.6,0.0
2026-08-01 13:12:44.169646,Karachi,26.9,66.5,5.8,936.1,0.08
2026-08-01 14:12:44.169646,Karachi,24.0,52.1,8.7,690.6,0.43
2026-08-01 15:12:44.169646,Karachi,24.5,39.3,17.4,663.4,1.07
2026-08-01 16:12:44.169646,Karachi,22.3,53.6,16.2,472.6,0.08
2026-08-01 17:12:44.169646,Karachi,23.3,51.8,9.6,201.7,1.22
2026-08-01 18:12:44.169646,Karachi,21.0,59.3,28.1,0.0,0.0
2026-08-01 19:12:44.169646,Karachi,17.2,51.3,3.4,0.0,1.37
2026-08-01 20:12:44.169646,Karachi,17.1,82.2,5.1,0.0,0.07
2026-08-01 21:12:44.169646,Karachi,13.4,41.3,14.7,0.0,0.48
2026-08-01 22:12:44.169646,Karachi,14.1,11.1,15.4,0.0,0.0
2026-08-01 23:12:44.169646,Karachi,14.9,60.2,13.2,0.0,0.0
2026-08-02 00:12:44.169646,Karachi,11.9,55.0,18.0,0.0,0.0
2026-08-02 01:12:44.169646,Karachi,14.7,52.9,11.1,0.0,0.48
2026-08-02 02:12:44.169646,Karachi,11.8,70.8,5.5,0.0,0.5
2026-08-02 03:12:44.169646,Karachi,14.3,62.7,8.0,0.0,0.43
2026-08-02 04:12:44.169646,Karachi,18.0,58.8,8.7,0.0,0.0
2026-08-02 05:12:44.169646,Karachi,16.6,55.1,18.7,0.0,0.0
2026-08-02 06:12:44.169646,Karachi,18.5,77.6,12.8,0.0,0.03
2026-08-02 07:12:44.169646,Karachi,24.0,35.2,4.2,232.5,0.15
2026-08-02 08:12:44.169646,Karachi,22.0,58.1,19.1,448.9,0.59
2026-08-02 09:12:44.169646,Karachi,24.2,53.8,10.7,664.0,0.09
2026-08-02 10:12:44.169646,Karachi,23.3,38.4,6.1,736.5,0.0
2026-08-02 11:12:44.169646,Karachi,23.6,43.3,20.3,816.4,0.0
2026-08-02 12:12:44.169646,Karachi,23.4,66.9,25.4,742.6,0.2
2026-08-02 13:12:44.169646,Karachi,26.2,42.9,22.2,727.2,0.0
2026-08-02 14:12:44.169646,Karachi,23.9,63.3,23.4,751.3,0.0
2026-08-02 15:12:44.169646,Karachi,24.3,42.7,17.1,531.5,0.15
2026-08-02 16:12:44.169646,Karachi,25.5,40.3,23.7,385.8,0.0
2026-08-02 17:12:44.169646,Karachi,19.8,67.8,2.7,236.7,0.0
2026-08-02 18:12:44.169646,Karachi,19.6,41.7,10.0,0.0,1.69
2026-08-02 19:12:44.169646,Karachi,19.8,45.0,11.6,0.0,0.0
2026-08-02 20:12:44.169646,Karachi,17.9,37.1,9.6,0.0,0.54
2026-08-02 21:12:44.169646,Karachi,14.8,43.4,11.9,0.0,0.0
2026-08-02 22:12:44.169646,Karachi,14.4,60.4,9.0,0.0,0.0
2026-08-02 23:12:44.169646,Karachi,17.4,57.4,21.9,0.0,0.01
2026-08-03 00:12:44.169646,Karachi,11.7,37.6,16.4,0.0,0.12
2026-08-03 01:12:44.169646,Karachi,11.0,54.0,21.6,0.0,0.46
2026-08-03 02:12:44.169646,Karachi,13.8,40.5,13.3,0.0,0.0
2026-08-03 03:12:44.169646,Karachi,18.5,44.2,3.6,0.0,0.02
2026-08-03 04:12:44.169646,Karachi,16.0,51.9,11.9,0.0,0.0
2026-08-03 05:12:44.169646,Karachi,18.2,29.4,28.6,0.0,0.28
2026-08-03 06:12:44.169646,Karachi,18.1,33.0,6.1,0.0,0.0
2026-08-03 07:12:44.169646,Karachi,21.4,37.3,14.2,233.5,1.6
2026-08-03 08:12:44.169646,Karachi,19.7,52.3,11.9,491.5,0.0
2026-08-03 09:12:44.169646,Karachi,22.5,42.1,9.0,702.7,1.6
2026-08-03 10:12:44.169646,Karachi,22.6,44.2,10.9,653.9,0.0
2026-08-03 11:12:44.169646,Karachi,23.4,66.8,20.1,918.2,0.0
2026-08-03 12:12:44.169646,Karachi,26.9,61.3,10.1,877.0,0.0
2026-08-03 13:12:44.169646,Karachi,24.1,69.3,6.3,773.1,0.0
2026-08-03 14:12:44.169646,Karachi,24.4,46.1,8.1,703.3,0.0
2026-08-03 15:12:44.169646,Karachi,26.2,56.0,7.8,566.2,0.0
2026-08-03 16:12:44.169646,Karachi,22.9,71.9,16.7,369.6,0.0
2026-08-03 17:12:44.169646,Karachi,22.0,37.8,17.0,218.8,0.06
2026-08-03 18:12:44.169646,Karachi,21.3,17.0,2.9,0.0,0.27
2026-08-03 19:12:44.169646,Karachi,18.0,62.5,11.1,0.0,0.0
2026-08-03 20:12:44.169646,Karachi,16.8,10.5,20.1,0.0,0.39
2026-08-03 21:12:44.169646,Karachi,16.2,59.5,12.1,0.0,0.46
2026-08-03 22:12:44.169646,Karachi,14.3,43.9,2.6,0.0,0.93
2026-08-03 23:12:44.169646,Karachi,9.9,60.6,9.7,0.0,0.0
2026-08-04 00:12:44.169646,Karachi,13.2,52.2,13.9,0.0,0.0
2026-08-04 01:12:44.169646,Karachi,10.5,68.6,20.0,0.0,0.16
2026-08-04 02:12:44.169646,Karachi,13.1,60.2,8.3,0.0,2.55
2026-08-04 03:12:44.169646,Karachi,11.4,41.2,21.6,0.0,0.0
2026-08-04 04:12:44.169646,Karachi,13.6,57.6,10.2,0.0,0.0
2026-08-04 05:12:44.169646,Karachi,17.8,47.6,18.7,0.0,1.22
2026-08-04 06:12:44.169646,Karachi,16.7,78.4,12.6,0.0,0.0
2026-08-04 07:12:44.169646,Karachi,22.1,46.9,27.3,220.0,0.51
2026-08-04 08:12:44.169646,Karachi,25.7,47.2,4.3,418.0,0.06
2026-08-04 09:12:44.169646,Karachi,20.0,72.9,9.2,497.1,1.99
2026-08-04 10:12:44.169646,Karachi,26.6,69.8,14.8,804.0,0.14
2026-08-04 11:12:44.169646,Karachi,21.1,28.5,10.6,928.5,0.62
2026-08-04 12:12:44.169646,Karachi,26.5,63.9,6.0,711.3,0.0
2026-08-04 13:12:44.169646,Karachi,25.1,51.2,8.0,922.6,1.56
2026-08-04 14:12:44.169646,Karachi,26.2,54.7,9.4,717.6,0.0
2026-08-04 15:12:44.169646,Karachi,23.1,66.5,11.9,637.0,1.12
2026-08-04 16:12:44.169646,Karachi,22.1,37.3,13.9,368.7,0.0
2026-08-04 17:12:44.169646,Karachi,20.9,19.7,12.3,212.8,0.0
2026-08-04 18:12:44.169646,Karachi,18.5,70.4,3.9,0.0,0.07
2026-08-04 19:12:44.169646,Karachi,17.6,67.1,7.0,0.0,0.0
2026-08-04 20:12:44.169646,Karachi,15.7,63.4,28.8,0.0,0.0
2026-08-04 21:12:44.169646,Karachi,9.7,35.9,3.8,0.0,0.08
2026-08-04 22:12:44.169646,Karachi,16.7,67.6,12.9,0.0,0.54
2026-08-04 23:12:44.169646,Karachi,12.3,64.2,10.7,0.0,0.0
2026-08-05 00:12:44.169646,Karachi,14.2,44.4,13.0,0.0,0.16
2026-08-05 01:12:44.169646,Karachi,11.8,69.4,10.7,0.0,0.17
2026-08-05 02:12:44.169646,Karachi,16.8,36.1,34.9,0.0,0.02
2026-08-05 03:12:44.169646,Karachi,13.8,45.1,3.7,0.0,0.43
2026-08-05 04:12:44.169646,Karachi,14.7,46.9,16.8,0.0,0.0
2026-08-05 05:12:44.169646,Karachi,14.9,82.0,9.6,0.0,0.04
2026-08-05 06:12:44.169646,Karachi,20.9,49.2,2.6,0.0,0.0
2026-08-05 07:12:44.169646,Karachi,22.0,44.1,8.3,208.6,0.0
2026-08-05 08:12:44.169646,Karachi,21.0,40.1,21.2,435.2,0.0
2026-08-05 09:12:44.169646,Karachi,25.8,44.8,9.0,499.7,0.0
2026-08-05 10:12:44.169646,Karachi,22.4,59.9,13.7,718.7,0.06
2026-08-05 11:12:44.169646,Karachi,28.9,67.7,3.8,786.1,0.0
2026-08-05 12:12:44.169646,Karachi,26.2,67.7,24.4,929.3,0.39
2026-08-05 13:12:44.169646,Karachi,27.3,74.6,26.6,751.1,0.09
2026-08-05 14:12:44.169646,Karachi,23.2,45.3,8.0,818.0,0.0
2026-08-05 15:12:44.169646,Karachi,26.2,50.7,19.1,582.9,0.58
2026-08-05 16:12:44.169646,Karachi,22.9,71.1,8.3,454.9,0.0
2026-08-05 17:12:44.169646,Karachi,20.4,55.3,4.9,217.3,0.0
2026-08-05 18:12:44.169646,Karachi,20.1,68.5,10.8,0.0,0.0
2026-08-05 19:12:44.169646,Karachi,16.7,28.3,14.1,0.0,0.0
2026-08-05 20:12:44.169646,Karachi,16.3,29.2,10.5,0.0,0.56
2026-08-05 21:12:44.169646,Karachi,14.1,70.2,11.6,0.0,1.58
2026-08-05 22:12:44.169646,Karachi,13.2,63.5,8.6,0.0,0.0
2026-08-05 23:12:44.169646,Karachi,11.3,72.1,13.2,0.0,0.43
2026-08-06 00:12:44.169646,Karachi,12.3,69.0,7.8,0.0,0.64
2026-08-06 01:12:44.169646,Karachi,15.8,48.6,6.0,0.0,0.91
2026-08-06 02:12:44.169646,Karachi,11.5,54.0,13.1,0.0,0.72
2026-08-06 03:12:44.169646,Karachi,12.7,49.0,13.9,0.0,0.6
2026-08-06 04:12:44.169646,Karachi,16.2,53.0,16.4,0.0,0.32
2026-08-06 05:12:44.169646,Karachi,14.9,69.1,17.3,0.0,0.13
2026-08-06 06:12:44.169646,Karachi,19.1,72.0,15.1,0.0,0.0
2026-08-06 07:12:44.169646,Karachi,22.4,71.8,11.9,188.7,0.23
2026-08-06 08:12:44.169646,Karachi,23.7,38.6,8.5,473.0,0.0
2026-08-06 09:12:44.169646,Karachi,22.4,32.4,36.2,637.6,0.0
2026-08-06 10:12:44.169646,Karachi,24.2,62.4,6.4,786.9,0.01
2026-08-06 11:12:44.169646,Karachi,24.3,66.8,12.9,706.6,0.0
2026-08-06 12:12:44.169646,Karachi,25.8,52.4,9.8,880.5,2.48
2026-08-06 13:12:44.169646,Karachi,23.6,43.4,15.6,820.5,0.29
2026-08-06 14:12:44.169646,Karachi,26.0,59.7,8.3,780.3,0.05
2026-08-06 15:12:44.169646,Karachi,21.7,60.5,12.0,610.6,0.0
2026-08-06 16:12:44.169646,Karachi,25.2,75.2,11.2,495.7,0.08
2026-08-06 17:12:44.169646,Karachi,21.2,37.0,6.0,184.0,0.0
2026-08-06 18:12:44.169646,Karachi,21.3,84.5,11.9,0.0,0.02
2026-08-06 19:12:44.169646,Karachi,18.7,44.6,0.9,0.0,0.0
2026-08-06 20:12:44.169646,Karachi,17.4,45.1,15.9,0.0,0.31
2026-08-06 21:12:44.169646,Karachi,15.9,41.5,16.3,0.0,0.0
2026-08-06 22:12:44.169646,Karachi,12.9,51.1,16.0,0.0,0.0
2026-08-06 23:12:44.169646,Karachi,12.8,52.3,12.2,0.0,0.0
2026-08-07 00:12:44.169646,Karachi,13.5,46.8,23.7,0.0,0.81
2026-08-07 01:12:44.169646,Karachi,12.9,48.0,12.9,0.0,0.0
2026-08-07 02:12:44.169646,Karachi,8.8,76.0,14.1,0.0,0.96
2026-08-07 03:12:44.169646,Karachi,16.6,34.6,11.2,0.0,0.0
2026-08-07 04:12:44.169646,Karachi,17.0,57.1,21.1,0.0,0.21
2026-08-07 05:12:44.169646,Karachi,12.8,37.0,18.7,0.0,0.0
2026-08-07 06:12:44.169646,Karachi,19.4,94.5,6.8,0.0,0.29
2026-08-07 07:12:44.169646,Karachi,18.4,61.8,16.0,216.1,0.86
2026-08-07 08:12:44.169646,Karachi,23.3,75.3,11.0,370.0,0.33
2026-08-07 09:12:44.169646,Karachi,22.9,67.6,5.8,707.0,0.0
2026-08-07 10:12:44.169646,Karachi,25.0,67.8,23.2,816.9,0.05
2026-08-07 11:12:44.169646,Karachi,26.4,39.3,18.3,839.4,0.06
2026-08-07 12:12:44.169646,Karachi,26.8,67.9,12.0,876.2,1.5
2026-08-07 13:12:44.169646,Karachi,26.9,61.5,13.5,822.6,0.24
2026-08-07 14:12:44.169646,Karachi,23.6,80.5,7.8,698.8,0.0
2026-08-07 15:12:44.169646,Karachi,22.6,34.4,29.1,680.5,0.13
2026-08-07 16:12:44.169646,Karachi,21.7,38.2,10.2,440.3,0.0
2026-08-07 17:12:44.169646,Karachi,20.4,31.9,8.0,198.0,0.73
2026-08-07 18:12:44.169646,Karachi,19.8,25.4,16.1,0.0,0.0
2026-08-07 19:12:44.169646,Karachi,14.6,45.2,9.6,0.0,0.69
2026-08-07 20:12:44.169646,Karachi,17.5,80.8,8.2,0.0,0.25
2026-08-07 21:12:44.169646,Karachi,12.6,52.2,19.3,0.0,0.18
2026-08-07 22:12:44.169646,Karachi,12.4,47.7,5.9,0.0,0.0
2026-08-07 23:12:44.169646,Karachi,16.3,53.4,22.7,0.0,0.12
2026-08-08 00:12:44.169646,Karachi,16.2,54.5,14.8,0.0,0.14
2026-08-08 01:12:44.169646,Karachi,13.0,46.5,13.4,0.0,0.16
2026-08-08 02:12:44.169646,Karachi,13.8,64.7,16.5,0.0,0.0
2026-08-08 03:12:44.169646,Karachi,11.1,71.1,8.9,0.0,0.0
2026-08-08 04:12:44.169646,Karachi,12.0,47.9,8.2,0.0,0.19
2026-08-08 05:12:44.169646,Karachi,15.0,47.6,17.9,0.0,0.34
2026-08-08 06:12:44.169646,Karachi,19.3,69.8,21.2,0.0,0.0
2026-08-08 07:12:44.169646,Karachi,18.4,63.2,20.3,230.0,0.09
2026-08-08 08:12:44.169646,Karachi,22.4,54.8,9.5,353.4,0.95
2026-08-08 09:12:44.169646,Karachi,24.5,86.7,9.3,630.2,0.0
2026-08-08 10:12:44.169646,Karachi,22.4,36.4,10.6,730.9,0.07
2026-08-08 11:12:44.169646,Karachi,23.7,47.5,12.0,778.1,0.0
2026-08-08 12:12:44.169646,Karachi,21.5,65.6,21.1,753.2,0.0
2026-08-08 13:12:44.169646,Karachi,24.8,84.0,21.6,906.6,0.32
2026-08-08 14:12:44.169646,Karachi,23.1,47.3,12.7,653.6,0.07
2026-08-08 15:12:44.169646,Karachi,21.5,64.7,15.7,514.6,0.03
2026-08-08 16:12:44.169646,Karachi,19.8,78.0,16.1,462.6,0.23
2026-08-08 17:12:44.169646,Karachi,18.6,50.1,12.2,239.8,0.0
2026-08-08 18:12:44.169646,Karachi,18.3,76.6,17.8,0.0,0.0
2026-08-08 19:12:44.169646,Karachi,14.3,74.1,13.3,0.0,0.0
2026-08-08 20:12:44.169646,Karachi,18.8,61.7,31.2,0.0,0.0
2026-08-08 21:12:44.169646,Karachi,13.9,39.7,2.1,0.0,0.0
2026-08-08 22:12:44.169646,Karachi,19.0,42.9,6.7,0.0,0.0
2026-08-08 23:12:44.169646,Karachi,12.7,62.8,15.1,0.0,0.0
2026-08-09 00:12:44.169646,Karachi,10.4,69.0,7.7,0.0,0.0
2026-08-09 01:12:44.169646,Karachi,15.9,48.5,23.8,0.0,0.0
2026-08-09 02:12:44.169646,Karachi,14.4,65.6,13.9,0.0,0.53
2026-08-09 03:12:44.169646,Karachi,14.0,47.2,5.6,0.0,0.83
2026-08-09 04:12:44.169646,Karachi,16.5,43.6,15.6,0.0,1.04
2026-08-09 05:12:44.169646,Karachi,15.0,36.6,20.5,0.0,1.62
2026-08-09 06:12:44.169646,Karachi,19.0,50.7,17.1,0.0,0.44
2026-08-09 07:12:44.169646,Karachi,19.7,77.8,14.1,193.4,0.48
2026-08-09 08:12:44.169646,Karachi,21.6,67.9,5.3,386.9,0.5
2026-08-09 09:12:44.169646,Karachi,27.1,61.1,1.2,528.8,1.41
2026-08-09 10:12:44.169646,Karachi,23.2,73.6,24.4,725.0,0.0
2026-08-09 11:12:44.169646,Karachi,25.1,69.8,16.6,814.5,0.0
2026-08-09 12:12:44.169646,Karachi,24.1,35.7,5.9,885.4,0.0
2026-08-09 13:12:44.169646,Karachi,26.2,35.5,6.4,942.5,0.0
2026-08-09 14:12:44.169646,Karachi,22.0,88.4,8.7,792.8,0.09
2026-08-09 15:12:44.169646,Karachi,20.1,43.4,18.9,649.7,0.0
2026-08-09 16:12:44.169646,Karachi,19.6,61.6,8.6,468.6,0.0
2026-08-09 17:12:44.169646,Karachi,20.2,64.9,19.3,231.1,0.28
2026-08-09 18:12:44.169646,Karachi,14.9,70.1,5.7,0.0,0.78
2026-08-09 19:12:44.169646,Karachi,18.5,80.6,9.4,0.0,0.0
2026-08-09 20:12:44.169646,Karachi,18.7,50.6,17.5,0.0,0.22
2026-08-09 21:12:44.169646,Karachi,12.1,48.9,11.8,0.0,0.63
2026-08-09 22:12:44.169646,Karachi,9.6,47.4,17.4,0.0,0.23
2026-08-09 23:12:44.169646,Karachi,13.2,62.3,27.8,0.0,0.0
2026-08-10 00:12:44.169646,Karachi,12.0,68.5,19.3,0.0,1.0
2026-08-10 01:12:44.169646,Karachi,15.8,66.5,26.8,0.0,0.0
2026-08-10 02:12:44.169646,Karachi,15.4,55.4,15.9,0.0,0.73
2026-08-10 03:12:44.169646,Karachi,17.3,65.5,1.7,0.0,0.0
2026-08-10 04:12:44.169646,Karachi,14.7,76.1,10.1,0.0,1.21
2026-08-10 05:12:44.169646,Karachi,14.5,58.5,12.0,0.0,0.07
2026-08-10 06:12:44.169646,Karachi,13.3,66.5,15.3,0.0,0.0
2026-08-10 07:12:44.169646,Karachi,16.7,50.8,16.5,255.7,0.0
2026-08-10 08:12:44.169646,Karachi,20.8,48.4,11.9,421.7,0.0
2026-08-10 09:12:44.169646,Karachi,20.2,40.6,11.6,658.3,0.0
2026-08-10 10:12:44.169646,Karachi,22.8,42.5,25.3,606.6,0.0
2026-07-11 17:12:44.169646,Peshawar,26.0,26.2,9.1,235.8,1.28
2026-07-11 18:12:44.169646,Peshawar,24.7,63.0,10.4,0.0,0.09
2026-07-11 19:12:44.169646,Peshawar,18.5,50.0,36.4,0.0,0.64
2026-07-11 20:12:44.169646,Peshawar,21.2,51.0,14.1,0.0,0.0
2026-07-11 21:12:44.169646,Peshawar,18.9,54.5,4.5,0.0,0.0
2026-07-11 22:12:44.169646,Peshawar,13.4,50.3,6.0,0.0,0.0
2026-07-11 23:12:44.169646,Peshawar,16.0,30.0,6.5,0.0,0.17
2026-07-12 00:12:44.169646,Peshawar,17.0,47.6,22.5,0.0,0.0
2026-07-12 01:12:44.169646,Peshawar,15.9,53.5,14.5,0.0,1.08
2026-07-12 02:12:44.169646,Peshawar,16.4,31.7,14.1,0.0,0.0
2026-07-12 03:12:44.169646,Peshawar,18.9,64.6,5.2,0.0,0.0
2026-07-12 04:12:44.169646,Peshawar,17.2,36.8,16.3,0.0,0.0
2026-07-12 05:12:44.169646,Peshawar,19.3,37.4,18.4,0.0,0.0
2026-07-12 06:12:44.169646,Peshawar,24.1,51.2,7.8,0.0,1.7
2026-07-12 07:12:44.169646,Peshawar,26.4,43.3,11.8,231.6,0.0
2026-07-12 08:12:44.169646,Peshawar,26.1,71.2,9.9,406.3,0.0
2026-07-12 09:12:44.169646,Peshawar,25.5,51.5,13.2,508.8,0.0
2026-07-12 10:12:44.169646,Peshawar,27.5,42.5,7.0,723.5,0.4
2026-07-12 11:12:44.169646,Peshawar,28.5,51.7,11.6,964.3,0.0
2026-07-12 12:12:44.169646,Peshawar,28.7,60.3,5.3,977.7,0.62
2026-07-12 13:12:44.169646,Peshawar,26.4,59.7,10.6,921.0,0.36
2026-07-12 14:12:44.169646,Peshawar,31.1,68.6,25.1,695.5,0.11
2026-07-12 15:12:44.169646,Peshawar,28.8,61.9,8.6,642.5,0.0
2026-07-12 16:12:44.169646,Peshawar,23.5,59.4,14.9,406.9,0.0
2026-07-12 17:12:44.169646,Peshawar,21.8,35.2,15.9,216.9,0.46
2026-07-12 18:12:44.169646,Peshawar,23.6,68.5,27.3,0.0,0.02
2026-07-12 19:12:44.169646,Peshawar,21.2,65.4,8.2,0.0,0.0
2026-07-12 20:12:44.169646,Peshawar,24.0,47.8,29.1,0.0,0.07
2026-07-12 21:12:44.169646,Peshawar,19.9,59.4,13.3,0.0,0.0
2026-07-12 22:12:44.169646,Peshawar,18.5,72.1,17.9,0.0,0.24
2026-07-12 23:12:44.169646,Peshawar,15.4,40.1,20.3,0.0,0.16
2026-07-13 00:12:44.169646,Peshawar,16.6,43.9,13.5,0.0,0.0
2026-07-13 01:12:44.169646,Peshawar,17.0,48.5,11.8,0.0,0.88
2026-07-13 02:12:44.169646,Peshawar,17.8,68.5,12.0,0.0,0.21
2026-07-13 03:12:44.169646,Peshawar,17.0,40.2,0.8,0.0,0.0
2026-07-13 04:12:44.169646,Peshawar,21.0,38.6,7.3,0.0,0.0
2026-07-13 05:12:44.169646,Peshawar,24.6,72.9,3.7,0.0,0.44
2026-07-13 06:12:44.169646,Peshawar,20.0,78.8,1.5,0.0,0.09
2026-07-13 07:12:44.169646,Peshawar,23.6,41.0,15.8,191.5,0.0
2026-07-13 08:12:44.169646,Peshawar,25.8,58.4,10.1,397.8,0.61
2026-07-13 09:12:44.169646,Peshawar,30.1,15.7,21.4,706.6,0.87
2026-07-13 10:12:44.169646,Peshawar,29.3,56.5,19.6,784.9,0.34
2026-07-13 11:12:44.169646,Peshawar,30.0,73.4,11.4,886.6,0.31
2026-07-13 12:12:44.169646,Peshawar,30.7,34.3,22.7,857.1,0.26
2026-07-13 13:12:44.169646,Peshawar,25.5,67.8,3.5,926.2,0.85
2026-07-13 14:12:44.169646,Peshawar,26.1,63.0,9.4,840.8,0.0
2026-07-13 15:12:44.169646,Peshawar,27.6,53.9,23.7,654.7,0.0
2026-07-13 16:12:44.169646,Peshawar,26.3,42.8,16.9,422.5,0.09
2026-07-13 17:12:44.169646,Peshawar,22.5,53.7,23.9,252.8,0.51
2026-07-13 18:12:44.169646,Peshawar,22.7,52.2,17.1,0.0,0.87
2026-07-13 19:12:44.169646,Peshawar,22.1,72.3,16.0,0.0,0.16
2026-07-13 20:12:44.169646,Peshawar,20.7,68.7,20.6,0.0,0.0
2026-07-13 21:12:44.169646,Peshawar,20.0,47.6,6.5,0.0,0.06
2026-07-13 22:12:44.169646,Peshawar,20.3,73.9,15.8,0.0,0.0
2026-07-13 23:12:44.169646,Peshawar,19.2,59.8,22.3,0.0,0.34
2026-07-14 00:12:44.169646,Peshawar,14.2,89.6,11.6,0.0,0.0
2026-07-14 01:12:44.169646,Peshawar,19.2,68.8,12.8,0.0,0.38
2026-07-14 02:12:44.169646,Peshawar,15.8,56.0,20.7,0.0,0.72
2026-07-14 03:12:44.169646,Peshawar,20.3,44.6,12.7,0.0,0.0
2026-07-14 04:12:44.169646,Peshawar,18.4,52.4,18.6,0.0,0.0
2026-07-14 05:12:44.169646,Peshawar,20.4,47.2,7.6,0.0,0.26
2026-07-14 06:12:44.169646,Peshawar,21.1,60.1,9.8,0.0,0.01
2026-07-14 07:12:44.169646,Peshawar,25.2,44.8,15.0,210.4,0.0
2026-07-14 08:12:44.169646,Peshawar,26.0,52.2,11.3,432.9,0.0
2026-07-14 09:12:44.169646,Peshawar,24.3,66.8,3.6,586.0,0.45
2026-07-14 10:12:44.169646,Peshawar,26.5,53.3,13.0,747.9,0.98
2026-07-14 11:12:44.169646,Peshawar,26.6,91.1,13.1,834.6,0.93
2026-07-14 12:12:44.169646,Peshawar,31.3,43.7,15.0,905.2,2.24
2026-07-14 13:12:44.169646,Peshawar,29.1,23.4,16.4,959.9,0.22
2026-07-14 14:12:44.169646,Peshawar,27.1,45.5,11.9,704.3,0.04
2026-07-14 15:12:44.169646,Peshawar,25.9,48.6,28.2,651.0,0.82
2026-07-14 16:12:44.169646,Peshawar,27.7,49.3,7.3,448.0,0.01
2026-07-14 17:12:44.169646,Peshawar,24.5,41.9,3.0,251.1,0.18
2026-07-14 18:12:44.169646,Peshawar,23.2,45.6,21.9,0.0,0.0
2026-07-14 19:12:44.169646,Peshawar,18.7,50.6,19.0,0.0,0.0
2026-07-14 20:12:44.169646,Peshawar,21.1,42.6,19.6,0.0,0.01
2026-07-14 21:12:44.169646,Peshawar,21.6,34.5,15.4,0.0,0.24
2026-07-14 22:12:44.169646,Peshawar,18.0,53.6,7.3,0.0,0.0
2026-07-14 23:12:44.169646,Peshawar,17.7,52.4,19.9,0.0,0.53
2026-07-15 00:12:44.169646,Peshawar,21.7,73.0,10.0,0.0,0.08
2026-07-15 01:12:44.169646,Peshawar,17.7,78.7,15.2,0.0,0.02
2026-07-15 02:12:44.169646,Peshawar,18.6,59.4,3.4,0.0,0.0
2026-07-15 03:12:44.169646,Peshawar,16.5,77.6,8.6,0.0,0.0
2026-07-15 04:12:44.169646,Peshawar,15.9,68.4,12.6,0.0,1.29
2026-07-15 05:12:44.169646,Peshawar,22.6,64.7,5.5,0.0,0.0
2026-07-15 06:12:44.169646,Peshawar,19.3,52.3,6.7,0.0,0.0
2026-07-15 07:12:44.169646,Peshawar,21.9,39.6,12.0,236.8,0.0
2026-07-15 08:12:44.169646,Peshawar,24.2,56.8,6.0,449.4,0.0
2026-07-15 09:12:44.169646,Peshawar,26.4,28.2,9.4,697.2,0.0
2026-07-15 10:12:44.169646,Peshawar,27.1,37.9,5.8,653.5,0.67
2026-07-15 11:12:44.169646,Peshawar,28.7,52.2,1.6,734.8,0.49
2026-07-15 12:12:44.169646,Peshawar,26.7,73.7,10.0,723.8,0.0
2026-07-15 13:12:44.169646,Peshawar,28.6,66.3,9.9,955.4,0.11
2026-07-15 14:12:44.169646,Peshawar,28.9,47.2,16.4,616.9,0.0
2026-07-15 15:12:44.169646,Peshawar,30.6,78.1,7.2,645.8,0.08
2026-07-15 16:12:44.169646,Peshawar,22.4,46.6,26.1,424.4,1.19
2026-07-15 17:12:44.169646,Peshawar,25.5,49.8,8.0,249.2,0.16
2026-07-15 18:12:44.169646,Peshawar,22.8,71.4,15.4,0.0,0.0
2026-07-15 19:12:44.169646,Peshawar,21.8,50.1,3.1,0.0,0.51
2026-07-15 20:12:44.169646,Peshawar,19.4,27.2,13.3,0.0,0.43
2026-07-15 21:12:44.169646,Peshawar,18.8,58.4,13.8,0.0,0.0
2026-07-15 22:12:44.169646,Peshawar,16.5,55.4,8.0,0.0,0.0
2026-07-15 23:12:44.169646,Peshawar,15.6,50.8,3.4,0.0,0.0
2026-07-16 00:12:44.169646,Peshawar,16.1,49.0,12.0,0.0,0.0
2026-07-16 01:12:44.169646,Peshawar,16.5,43.1,11.6,0.0,0.94
2026-07-16 02:12:44.169646,Peshawar,17.9,40.7,9.3,0.0,0.0
2026-07-16 03:12:44.169646,Peshawar,15.7,26.0,10.1,0.0,0.43
2026-07-16 04:12:44.169646,Peshawar,19.1,58.2,6.4,0.0,0.0
2026-07-16 05:12:44.169646,Peshawar,22.9,46.8,36.0,0.0,0.0
2026-07-16 06:12:44.169646,Peshawar,23.7,75.9,8.3,0.0,0.0
2026-07-16 07:12:44.169646,Peshawar,28.5,67.7,15.9,255.9,0.0
2026-07-16 08:12:44.169646,Peshawar,26.3,38.6,24.0,389.9,0.0
2026-07-16 09:12:44.169646,Peshawar,24.2,76.3,14.6,572.1,0.0
2026-07-16 10:12:44.169646,Peshawar,28.5,41.2,23.1,607.6,0.0
2026-07-16 11:12:44.169646,Peshawar,25.4,51.1,20.1,739.4,0.14
2026-07-16 12:12:44.169646,Peshawar,26.3,42.6,13.5,763.9,0.36
2026-07-16 13:12:44.169646,Peshawar,26.7,37.2,17.3,884.9,0.0
2026-07-16 14:12:44.169646,Peshawar,29.6,50.4,6.3,798.5,0.0
2026-07-16 15:12:44.169646,Peshawar,26.8,61.9,4.7,647.6,0.59
2026-07-16 16:12:44.169646,Peshawar,23.2,60.7,4.4,407.0,0.45
2026-07-16 17:12:44.169646,Peshawar,23.9,80.3,11.8,216.3,0.0
2026-07-16 18:12:44.169646,Peshawar,20.7,50.1,27.1,0.0,0.0
2026-07-16 19:12:44.169646,Peshawar,23.0,54.4,11.0,0.0,0.08
2026-07-16 20:12:44.169646,Peshawar,18.5,42.8,12.6,0.0,0.0
2026-07-16 21:12:44.169646,Peshawar,18.1,48.0,19.5,0.0,0.0
2026-07-16 22:12:44.169646,Peshawar,19.4,64.6,3.4,0.0,0.79
2026-07-16 23:12:44.169646,Peshawar,17.4,89.6,8.1,0.0,0.0
2026-07-17 00:12:44.169646,Peshawar,18.7,83.0,7.3,0.0,1.23
2026-07-17 01:12:44.169646,Peshawar,15.3,75.7,19.5,0.0,0.0
2026-07-17 02:12:44.169646,Peshawar,18.4,45.5,13.6,0.0,0.11
2026-07-17 03:12:44.169646,Peshawar,16.1,58.0,9.8,0.0,0.13
2026-07-17 04:12:44.169646,Peshawar,19.4,30.2,13.5,0.0,1.13
2026-07-17 05:12:44.169646,Peshawar,20.1,31.5,30.0,0.0,0.0
2026-07-17 06:12:44.169646,Peshawar,21.2,62.8,12.3,0.0,1.49
2026-07-17 07:12:44.169646,Peshawar,25.0,41.3,16.9,235.2,0.0
2026-07-17 08:12:44.169646,Peshawar,23.4,36.1,15.9,398.6,0.0
2026-07-17 09:12:44.169646,Peshawar,27.0,81.1,7.6,531.7,0.0
2026-07-17 10:12:44.169646,Peshawar,32.2,40.1,27.2,757.2,0.0
2026-07-17 11:12:44.169646,Peshawar,29.7,69.0,24.5,693.9,1.04
2026-07-17 12:12:44.169646,Peshawar,25.5,27.9,12.4,945.9,0.5
2026-07-17 13:12:44.169646,Peshawar,28.0,41.8,13.8,923.7,0.07
2026-07-17 14:12:44.169646,Peshawar,26.4,52.3,13.8,805.3,1.04
2026-07-17 15:12:44.169646,Peshawar,22.7,34.6,5.9,701.7,0.0
2026-07-17 16:12:44.169646,Peshawar,31.5,31.9,7.3,432.3,1.01
2026-07-17 17:12:44.169646,Peshawar,21.8,68.1,21.9,204.0,0.0
2026-07-17 18:12:44.169646,Peshawar,20.3,57.3,11.0,0.0,0.23
2026-07-17 19:12:44.169646,Peshawar,22.2,44.7,10.1,0.0,0.6
2026-07-17 20:12:44.169646,Peshawar,16.9,54.6,16.6,0.0,0.59
2026-07-17 21:12:44.169646,Peshawar,15.1,31.0,7.2,0.0,0.0
2026-07-17 22:12:44.169646,Peshawar,15.4,48.1,9.1,0.0,0.89
2026-07-17 23:12:44.169646,Peshawar,14.2,41.2,10.5,0.0,1.31
2026-07-18 00:12:44.169646,Peshawar,14.8,64.5,17.7,0.0,0.43
2026-07-18 01:12:44.169646,Peshawar,16.2,41.5,16.5,0.0,1.51
2026-07-18 02:12:44.169646,Peshawar,16.6,44.4,12.3,0.0,0.0
2026-07-18 03:12:44.169646,Peshawar,13.7,44.1,28.2,0.0,0.51
2026-07-18 04:12:44.169646,Peshawar,18.0,78.2,21.9,0.0,0.0
2026-07-18 05:12:44.169646,Peshawar,18.3,58.5,25.9,0.0,1.54
2026-07-18 06:12:44.169646,Peshawar,21.6,61.9,10.8,0.0,0.13
2026-07-18 07:12:44.169646,Peshawar,24.8,60.1,7.5,207.1,0.39
2026-07-18 08:12:44.169646,Peshawar,24.9,37.0,31.6,497.4,0.45
2026-07-18 09:12:44.169646,Peshawar,26.8,64.9,14.2,650.8,0.05
2026-07-18 10:12:44.169646,Peshawar,28.1,63.3,4.8,829.6,0.13
2026-07-18 11:12:44.169646,Peshawar,28.3,24.0,20.5,853.8,0.0
2026-07-18 12:12:44.169646,Peshawar,29.8,71.6,16.3,869.4,0.09
2026-07-18 13:12:44.169646,Peshawar,29.6,42.9,20.8,903.1,1.24
2026-07-18 14:12:44.169646,Peshawar,27.1,49.5,27.9,641.6,0.0
2026-07-18 15:12:44.169646,Peshawar,25.6,56.5,6.1,671.8,0.51
2026-07-18 16:12:44.169646,Peshawar,22.8,60.7,11.7,462.9,0.21
2026-07-18 17:12:44.169646,Peshawar,23.0,64.0,36.4,209.6,0.05
2026-07-18 18:12:44.169646,Peshawar,18.7,62.1,12.5,0.0,0.0
2026-07-18 19:12:44.169646,Peshawar,21.7,33.7,6.8,0.0,0.1
2026-07-18 20:12:44.169646,Peshawar,17.3,64.5,17.6,0.0,0.0
2026-07-18 21:12:44.169646,Peshawar,16.8,71.6,25.0,0.0,3.05
2026-07-18 22:12:44.169646,Peshawar,21.5,43.8,1.2,0.0,0.0
2026-07-18 23:12:44.169646,Peshawar,21.3,55.2,9.2,0.0,0.0
2026-07-19 00:12:44.169646,Peshawar,15.2,76.0,15.3,0.0,0.23
2026-07-19 01:12:44.169646,Peshawar,13.6,57.8,14.7,0.0,0.0
2026-07-19 02:12:44.169646,Peshawar,15.9,62.5,8.8,0.0,0.0
2026-07-19 03:12:44.169646,Peshawar,19.6,69.4,9.6,0.0,0.06
2026-07-19 04:12:44.169646,Peshawar,20.5,43.9,7.0,0.0,0.56
2026-07-19 05:12:44.169646,Peshawar,19.7,62.5,11.0,0.0,0.0
2026-07-19 06:12:44.169646,Peshawar,23.1,87.5,11.8,0.0,0.21
2026-07-19 07:12:44.169646,Peshawar,25.9,49.7,11.3,253.1,0.0
2026-07-19 08:12:44.169646,Peshawar,26.1,43.3,18.6,398.8,0.39
2026-07-19 09:12:44.169646,Peshawar,28.1,63.7,15.0,655.5,0.0
2026-07-19 10:12:44.169646,Peshawar,32.3,61.2,15.4,855.8,0.13
2026-07-19 11:12:44.169646,Peshawar,25.9,56.5,5.7,800.1,0.0
2026-07-19 12:12:44.169646,Peshawar,30.4,34.6,19.3,960.0,0.0
2026-07-19 13:12:44.169646,Peshawar,27.6,47.0,10.2,767.4,0.11
2026-07-19 14:12:44.169646,Peshawar,27.1,50.3,11.3,751.4,0.25
2026-07-19 15:12:44.169646,Peshawar,25.5,49.8,4.9,560.3,0.0
2026-07-19 16:12:44.169646,Peshawar,24.7,43.2,8.7,456.7,0.0
2026-07-19 17:12:44.169646,Peshawar,27.3,63.2,8.9,211.6,0.04
2026-07-19 18:12:44.169646,Peshawar,22.6,43.5,16.6,0.0,0.0
2026-07-19 19:12:44.169646,Peshawar,18.4,41.6,16.6,0.0,0.32
2026-07-19 20:12:44.169646,Peshawar,20.7,55.3,6.0,0.0,0.02
2026-07-19 21:12:44.169646,Peshawar,17.8,44.9,14.1,0.0,0.0
2026-07-19 22:12:44.169646,Peshawar,16.5,89.4,7.6,0.0,0.0
2026-07-19 23:12:44.169646,Peshawar,16.9,38.4,15.6,0.0,0.22
2026-07-20 00:12:44.169646,Peshawar,18.7,47.9,6.4,0.0,0.02
2026-07-20 01:12:44.169646,Peshawar,19.2,56.9,14.8,0.0,0.0
2026-07-20 02:12:44.169646,Peshawar,15.3,49.1,9.0,0.0,0.0
2026-07-20 03:12:44.169646,Peshawar,18.4,44.6,14.7,0.0,0.0
2026-07-20 04:12:44.169646,Peshawar,19.9,81.8,13.4,0.0,0.0
2026-07-20 05:12:44.169646,Peshawar,20.7,57.1,5.4,0.0,0.49
2026-07-20 06:12:44.169646,Peshawar,18.3,59.3,2.0,0.0,0.0
2026-07-20 07:12:44.169646,Peshawar,23.3,70.2,17.7,227.7,0.0
2026-07-20 08:12:44.169646,Peshawar,25.3,31.4,20.7,394.8,1.33
2026-07-20 09:12:44.169646,Peshawar,26.7,39.3,19.7,667.1,0.0
2026-07-20 10:12:44.169646,Peshawar,26.0,35.0,33.8,801.4,0.1
2026-07-20 11:12:44.169646,Peshawar,27.6,65.3,15.6,883.8,0.81
2026-07-20 12:12:44.169646,Peshawar,27.0,30.1,14.1,974.1,0.0
2026-07-20 13:12:44.169646,Peshawar,26.5,44.4,7.6,964.1,0.72
2026-07-20 14:12:44.169646,Peshawar,26.0,45.5,3.5,744.1,1.15
2026-07-20 15:12:44.169646,Peshawar,25.8,21.1,2.7,517.3,0.02
2026-07-20 16:12:44.169646,Peshawar,25.5,41.6,2.7,469.2,0.17
2026-07-20 17:12:44.169646,Peshawar,22.9,74.6,5.1,255.7,0.0
2026-07-20 18:12:44.169646,Peshawar,20.2,32.1,24.5,0.0,1.09
2026-07-20 19:12:44.169646,Peshawar,24.2,65.4,9.8,0.0,0.17
2026-07-20 20:12:44.169646,Peshawar,21.0,42.3,9.1,0.0,0.76
2026-07-20 21:12:44.169646,Peshawar,18.1,38.4,12.9,0.0,0.0
2026-07-20 22:12:44.169646,Peshawar,16.1,41.6,11.9,0.0,0.03
2026-07-20 23:12:44.169646,Peshawar,17.1,51.2,23.2,0.0,0.0
2026-07-21 00:12:44.169646,Peshawar,14.5,58.2,14.3,0.0,0.71
2026-07-21 01:12:44.169646,Peshawar,15.0,87.0,26.7,0.0,0.39
2026-07-21 02:12:44.169646,Peshawar,15.2,33.9,17.9,0.0,0.0
2026-07-21 03:12:44.169646,Peshawar,17.7,51.2,9.3,0.0,0.57
2026-07-21 04:12:44.169646,Peshawar,18.4,42.0,13.9,0.0,0.94
2026-07-21 05:12:44.169646,Peshawar,19.6,52.8,7.1,0.0,0.04
2026-07-21 06:12:44.169646,Peshawar,24.0,71.6,18.0,0.0,0.24
2026-07-21 07:12:44.169646,Peshawar,26.2,26.3,8.3,240.8,1.11
2026-07-21 08:12:44.169646,Peshawar,26.3,73.5,23.8,362.4,0.0
2026-07-21 09:12:44.169646,Peshawar,27.0,59.9,23.5,546.8,0.17
2026-07-21 10:12:44.169646,Peshawar,28.2,58.7,11.4,743.1,0.2
2026-07-21 11:12:44.169646,Peshawar,26.1,56.3,1.8,728.5,0.0
2026-07-21 12:12:44.169646,Peshawar,26.8,27.4,9.4,981.3,0.46
2026-07-21 13:12:44.169646,Peshawar,25.8,52.1,11.3,704.8,0.0
2026-07-21 14:12:44.169646,Peshawar,26.4,96.6,6.8,788.7,0.15
2026-07-21 15:12:44.169646,Peshawar,27.0,42.9,14.6,560.1,0.77
2026-07-21 16:12:44.169646,Peshawar,21.9,54.2,10.0,482.9,0.36
2026-07-21 17:12:44.169646,Peshawar,20.9,39.3,6.2,231.0,0.71
2026-07-21 18:12:44.169646,Peshawar,21.3,54.2,18.6,0.0,0.68
2026-07-21 19:12:44.169646,Peshawar,16.7,63.6,13.0,0.0,0.61
2026-07-21 20:12:44.169646,Peshawar,16.8,31.7,13.2,0.0,0.79
2026-07-21 21:12:44.169646,Peshawar,14.7,60.7,4.6,0.0,0.0
2026-07-21 22:12:44.169646,Peshawar,16.5,78.8,15.8,0.0,0.0
2026-07-21 23:12:44.169646,Peshawar,18.3,61.9,3.8,0.0,0.0
2026-07-22 00:12:44.169646,Peshawar,14.9,47.4,18.3,0.0,0.0
2026-07-22 01:12:44.169646,Peshawar,17.8,65.9,19.5,0.0,0.73
2026-07-22 02:12:44.169646,Peshawar,13.2,65.4,6.1,0.0,0.05
2026-07-22 03:12:44.169646,Peshawar,19.4,52.6,16.7,0.0,0.67
2026-07-22 04:12:44.169646,Peshawar,16.7,66.2,32.0,0.0,0.45
2026-07-22 05:12:44.169646,Peshawar,18.7,30.0,14.6,0.0,0.94
2026-07-22 06:12:44.169646,Peshawar,21.8,66.3,8.6,0.0,0.0
2026-07-22 07:12:44.169646,Peshawar,24.2,39.9,18.3,222.2,0.0
2026-07-22 08:12:44.169646,Peshawar,21.7,46.8,11.9,430.3,0.0
2026-07-22 09:12:44.169646,Peshawar,28.1,41.1,7.1,597.1,0.1
2026-07-22 10:12:44.169646,Peshawar,26.1,55.9,7.9,659.2,0.0
2026-07-22 11:12:44.169646,Peshawar,25.7,41.3,22.0,752.3,0.0
2026-07-22 12:12:44.169646,Peshawar,25.0,42.6,13.1,990.3,0.17
2026-07-22 13:12:44.169646,Peshawar,25.6,73.2,6.1,956.9,0.01
2026-07-22 14:12:44.169646,Peshawar,27.5,48.2,13.5,634.1,0.0
2026-07-22 15:12:44.169646,Peshawar,22.3,49.3,3.5,686.6,0.22
2026-07-22 16:12:44.169646,Peshawar,25.9,60.0,29.1,481.7,0.0
2026-07-22 17:12:44.169646,Peshawar,21.7,32.1,10.1,222.9,0.37
2026-07-22 18:12:44.169646,Peshawar,22.8,60.3,5.3,0.0,1.07
2026-07-22 19:12:44.169646,Peshawar,23.4,57.3,7.1,0.0,0.1
2026-07-22 20:12:44.169646,Peshawar,21.8,52.5,14.4,0.0,0.0
2026-07-22 21:12:44.169646,Peshawar,21.3,87.0,16.8,0.0,0.0
2026-07-22 22:12:44.169646,Peshawar,17.0,69.8,3.0,0.0,0.31
2026-07-22 23:12:44.169646,Peshawar,16.3,64.2,10.4,0.0,0.15
2026-07-23 00:12:44.169646,Peshawar,16.1,37.5,12.5,0.0,0.0
2026-07-23 01:12:44.169646,Peshawar,13.6,46.3,10.6,0.0,0.0
2026-07-23 02:12:44.169646,Peshawar,17.2,68.0,17.4,0.0,0.0
2026-07-23 03:12:44.169646,Peshawar,18.3,76.5,13.2,0.0,0.0
2026-07-23 04:12:44.169646,Peshawar,19.6,29.2,33.1,0.0,0.0
2026-07-23 05:12:44.169646,Peshawar,24.7,45.5,19.7,0.0,0.28
2026-07-23 06:12:44.169646,Peshawar,21.6,75.8,14.7,0.0,0.86
2026-07-23 07:12:44.169646,Peshawar,27.3,70.7,14.3,207.4,0.19
2026-07-23 08:12:44.169646,Peshawar,25.3,78.1,14.0,379.6,0.0
2026-07-23 09:12:44.169646,Peshawar,26.0,46.0,4.5,704.7,0.0
2026-07-23 10:12:44.169646,Peshawar,25.9,58.3,0.2,822.6,0.8
2026-07-23 11:12:44.169646,Peshawar,27.4,71.6,4.2,901.6,0.0
2026-07-23 12:12:44.169646,Peshawar,28.6,22.1,13.3,960.5,0.25
2026-07-23 13:12:44.169646,Peshawar,28.7,60.5,29.1,901.2,0.0
2026-07-23 14:12:44.169646,Peshawar,25.2,67.7,21.4,859.3,0.0
2026-07-23 15:12:44.169646,Peshawar,26.7,64.1,15.8,541.9,1.46
2026-07-23 16:12:44.169646,Peshawar,26.4,63.4,17.1,364.9,0.0
2026-07-23 17:12:44.169646,Peshawar,23.1,43.6,13.3,239.5,1.04
2026-07-23 18:12:44.169646,Peshawar,20.0,60.3,6.1,0.0,0.41
2026-07-23 19:12:44.169646,Peshawar,19.7,23.7,11.9,0.0,0.0
2026-07-23 20:12:44.169646,Peshawar,16.0,54.7,19.1,0.0,1.29
2026-07-23 21:12:44.169646,Peshawar,16.5,74.9,0.7,0.0,0.0
2026-07-23 22:12:44.169646,Peshawar,20.2,54.2,19.6,0.0,0.16
2026-07-23 23:12:44.169646,Peshawar,15.6,61.3,14.4,0.0,0.0
2026-07-24 00:12:44.169646,Peshawar,17.8,38.2,14.4,0.0,0.0
2026-07-24 01:12:44.169646,Peshawar,14.8,43.3,3.2,0.0,0.13
2026-07-24 02:12:44.169646,Peshawar,14.0,32.1,13.9,0.0,0.14
2026-07-24 03:12:44.169646,Peshawar,16.5,94.3,12.3,0.0,0.56
2026-07-24 04:12:44.169646,Peshawar,22.8,24.3,31.6,0.0,0.0
2026-07-24 05:12:44.169646,Peshawar,19.3,81.4,20.0,0.0,0.0
2026-07-24 06:12:44.169646,Peshawar,19.3,45.1,16.9,0.0,0.0
2026-07-24 07:12:44.169646,Peshawar,23.5,36.5,20.3,217.2,0.17
2026-07-24 08:12:44.169646,Peshawar,26.2,47.9,28.1,480.5,0.0
2026-07-24 09:12:44.169646,Peshawar,20.5,67.3,10.8,690.1,0.15
2026-07-24 10:12:44.169646,Peshawar,27.4,93.2,4.2,760.5,0.0
2026-07-24 11:12:44.169646,Peshawar,27.4,52.3,11.3,779.4,0.0
2026-07-24 12:12:44.169646,Peshawar,25.2,68.2,10.3,720.5,0.35
2026-07-24 13:12:44.169646,Peshawar,27.5,62.7,10.3,783.1,0.21
2026-07-24 14:12:44.169646,Peshawar,25.6,61.8,7.6,795.0,0.0
2026-07-24 15:12:44.169646,Peshawar,23.8,89.5,10.9,612.2,0.41
2026-07-24 16:12:44.169646,Peshawar,25.6,63.4,19.1,428.4,0.0
2026-07-24 17:12:44.169646,Peshawar,22.9,51.5,13.4,189.4,0.34
2026-07-24 18:12:44.169646,Peshawar,20.2,53.4,3.2,0.0,0.88
2026-07-24 19:12:44.169646,Peshawar,25.4,62.8,14.7,0.0,0.83
2026-07-24 20:12:44.169646,Peshawar,19.1,63.2,15.9,0.0,0.18
2026-07-24 21:12:44.169646,Peshawar,15.2,97.4,20.7,0.0,0.65
2026-07-24 22:12:44.169646,Peshawar,15.2,48.9,18.9,0.0,0.47
2026-07-24 23:12:44.169646,Peshawar,16.6,48.2,12.1,0.0,0.02
2026-07-25 00:12:44.169646,Peshawar,15.1,60.0,5.8,0.0,0.0
2026-07-25 01:12:44.169646,Peshawar,15.9,53.4,8.3,0.0,0.0
2026-07-25 02:12:44.169646,Peshawar,14.2,69.0,16.5,0.0,0.0
2026-07-25 03:12:44.169646,Peshawar,19.6,43.1,20.3,0.0,0.0
2026-07-25 04:12:44.169646,Peshawar,20.5,45.3,14.5,0.0,0.0
2026-07-25 05:12:44.169646,Peshawar,20.7,61.0,7.8,0.0,0.0
2026-07-25 06:12:44.169646,Peshawar,22.9,37.2,21.2,0.0,0.0
2026-07-25 07:12:44.169646,Peshawar,22.9,58.0,16.2,238.2,0.52
2026-07-25 08:12:44.169646,Peshawar,24.6,59.3,17.0,368.3,0.62
2026-07-25 09:12:44.169646,Peshawar,24.2,46.1,9.7,661.7,0.0
2026-07-25 10:12:44.169646,Peshawar,23.7,46.9,19.2,850.1,0.0
2026-07-25 11:12:44.169646,Peshawar,26.3,42.6,1.3,796.5,0.79
2026-07-25 12:12:44.169646,Peshawar,27.3,56.9,17.2,941.7,0.2
2026-07-25 13:12:44.169646,Peshawar,29.3,63.3,27.7,747.5,0.0
2026-07-25 14:12:44.169646,Peshawar,25.0,58.3,27.8,827.9,0.0
2026-07-25 15:12:44.169646,Peshawar,24.5,68.4,8.5,528.8,0.0
2026-07-25 16:12:44.169646,Peshawar,26.5,63.0,4.6,380.8,0.0
2026-07-25 17:12:44.169646,Peshawar,20.5,40.4,11.9,198.3,0.67
2026-07-25 18:12:44.169646,Peshawar,25.3,54.4,9.0,0.0,1.24
2026-07-25 19:12:44.169646,Peshawar,19.6,42.3,8.1,0.0,0.0
2026-07-25 20:12:44.169646,Peshawar,19.7,53.4,11.4,0.0,0.3
2026-07-25 21:12:44.169646,Peshawar,16.8,64.6,10.9,0.0,1.51
2026-07-25 22:12:44.169646,Peshawar,19.1,42.4,8.0,0.0,0.7
2026-07-25 23:12:44.169646,Peshawar,15.0,58.5,5.0,0.0,0.0
2026-07-26 00:12:44.169646,Peshawar,12.1,67.1,15.1,0.0,0.0
2026-07-26 01:12:44.169646,Peshawar,14.9,67.5,12.4,0.0,0.0
2026-07-26 02:12:44.169646,Peshawar,15.7,43.1,18.3,0.0,1.23
2026-07-26 03:12:44.169646,Peshawar,18.2,46.6,9.7,0.0,0.0
2026-07-26 04:12:44.169646,Peshawar,19.6,58.7,6.7,0.0,0.0
2026-07-26 05:12:44.169646,Peshawar,20.1,65.2,19.3,0.0,0.0
2026-07-26 06:12:44.169646,Peshawar,20.5,69.0,3.9,0.0,0.78
2026-07-26 07:12:44.169646,Peshawar,23.7,83.8,16.2,186.0,0.16
2026-07-26 08:12:44.169646,Peshawar,25.8,69.8,7.2,416.6,0.96
2026-07-26 09:12:44.169646,Peshawar,22.7,62.9,4.8,677.7,2.01
2026-07-26 10:12:44.169646,Peshawar,25.5,56.0,16.1,835.3,0.3
2026-07-26 11:12:44.169646,Peshawar,24.9,36.4,15.1,941.1,0.0
2026-07-26 12:12:44.169646,Peshawar,28.8,30.0,4.8,744.4,0.0
2026-07-26 13:12:44.169646,Peshawar,23.8,70.9,3.7,784.4,0.37
2026-07-26 14:12:44.169646,Peshawar,27.4,62.7,18.3,775.5,0.13
2026-07-26 15:12:44.169646,Peshawar,21.7,54.1,8.8,506.3,0.28
2026-07-26 16:12:44.169646,Peshawar,23.6,58.4,12.1,450.5,0.19
2026-07-26 17:12:44.169646,Peshawar,23.0,51.9,13.8,184.3,1.02
2026-07-26 18:12:44.169646,Peshawar,20.5,87.5,14.8,0.0,0.03
2026-07-26 19:12:44.169646,Peshawar,21.1,77.5,13.7,0.0,1.27
2026-07-26 20:12:44.169646,Peshawar,18.6,71.8,13.2,0.0,0.34
2026-07-26 21:12:44.169646,Peshawar,15.4,68.9,15.7,0.0,0.0
2026-07-26 22:12:44.169646,Peshawar,17.1,53.4,9.4,0.0,0.0
2026-07-26 23:12:44.169646,Peshawar,14.5,39.2,7.6,0.0,0.0
2026-07-27 00:12:44.169646,Peshawar,15.9,60.0,5.1,0.0,0.43
2026-07-27 01:12:44.169646,Peshawar,14.5,42.6,35.7,0.0,0.0
2026-07-27 02:12:44.169646,Peshawar,16.6,34.6,7.7,0.0,0.0
2026-07-27 03:12:44.169646,Peshawar,16.7,45.5,13.6,0.0,0.31
2026-07-27 04:12:44.169646,Peshawar,17.7,38.4,14.4,0.0,0.0
2026-07-27 05:12:44.169646,Peshawar,22.8,61.1,32.5,0.0,0.15
2026-07-27 06:12:44.169646,Peshawar,21.1,57.8,17.0,0.0,0.0
2026-07-27 07:12:44.169646,Peshawar,24.3,44.6,8.1,221.6,0.23
2026-07-27 08:12:44.169646,Peshawar,23.2,65.9,14.0,439.4,0.0
2026-07-27 09:12:44.169646,Peshawar,21.9,43.6,22.0,694.8,0.56
2026-07-27 10:12:44.169646,Peshawar,28.3,33.9,13.9,801.2,0.16
2026-07-27 11:12:44.169646,Peshawar,28.1,66.4,10.6,745.7,0.46
2026-07-27 12:12:44.169646,Peshawar,27.5,51.9,22.5,951.7,0.0
2026-07-27 13:12:44.169646,Peshawar,22.9,62.9,7.5,752.5,0.11
2026-07-27 14:12:44.169646,Peshawar,21.5,75.6,24.4,642.2,0.0
2026-07-27 15:12:44.169646,Peshawar,24.1,42.9,28.2,628.6,0.0
2026-07-27 16:12:44.169646,Peshawar,20.9,45.5,22.6,423.7,0.0
2026-07-27 17:12:44.169646,Peshawar,25.6,53.7,12.4,227.8,0.1
2026-07-27 18:12:44.169646,Peshawar,23.8,70.0,12.8,0.0,0.0
2026-07-27 19:12:44.169646,Peshawar,18.3,44.5,23.8,0.0,0.24
2026-07-27 20:12:44.169646,Peshawar,19.3,53.8,22.8,0.0,0.0
2026-07-27 21:12:44.169646,Peshawar,18.3,57.1,9.3,0.0,0.0
2026-07-27 22:12:44.169646,Peshawar,16.9,69.6,3.3,0.0,0.0
2026-07-27 23:12:44.169646,Peshawar,14.5,60.6,14.3,0.0,0.12
2026-07-28 00:12:44.169646,Peshawar,13.8,53.7,6.9,0.0,0.18
2026-07-28 01:12:44.169646,Peshawar,10.5,35.0,4.8,0.0,0.0
2026-07-28 02:12:44.169646,Peshawar,13.8,55.8,3.9,0.0,0.04
2026-07-28 03:12:44.169646,Peshawar,13.1,61.1,9.4,0.0,0.5
2026-07-28 04:12:44.169646,Peshawar,16.8,67.2,9.9,0.0,0.59
2026-07-28 05:12:44.169646,Peshawar,18.8,77.1,8.3,0.0,0.27
2026-07-28 06:12:44.169646,Peshawar,17.2,50.8,21.3,0.0,0.75
2026-07-28 07:12:44.169646,Peshawar,22.6,46.4,15.3,193.8,0.89
2026-07-28 08:12:44.169646,Peshawar,22.0,35.9,17.3,469.3,0.0
2026-07-28 09:12:44.169646,Peshawar,23.7,54.1,17.4,603.0,0.0
2026-07-28 10:12:44.169646,Peshawar,25.2,46.8,16.8,609.2,0.0
2026-07-28 11:12:44.169646,Peshawar,24.5,66.7,13.1,963.6,0.0
2026-07-28 12:12:44.169646,Peshawar,25.7,76.2,26.1,882.2,0.06
2026-07-28 13:12:44.169646,Peshawar,25.2,69.3,4.9,883.2,0.82
2026-07-28 14:12:44.169646,Peshawar,24.5,40.6,6.2,855.2,0.0
2026-07-28 15:12:44.169646,Peshawar,25.5,55.8,5.2,641.6,0.39
2026-07-28 16:12:44.169646,Peshawar,23.9,54.7,13.1,444.3,0.11
2026-07-28 17:12:44.169646,Peshawar,24.8,67.2,5.6,187.3,0.0
2026-07-28 18:12:44.169646,Peshawar,16.7,51.6,24.1,0.0,0.0
2026-07-28 19:12:44.169646,Peshawar,21.5,58.8,9.3,0.0,0.0
2026-07-28 20:12:44.169646,Peshawar,22.2,63.0,9.1,0.0,0.57
2026-07-28 21:12:44.169646,Peshawar,16.1,49.8,16.8,0.0,0.05
2026-07-28 22:12:44.169646,Peshawar,13.0,54.4,9.9,0.0,1.3
2026-07-28 23:12:44.169646,Peshawar,16.8,29.0,3.7,0.0,0.0
2026-07-29 00:12:44.169646,Peshawar,18.2,34.4,10.2,0.0,0.0
2026-07-29 01:12:44.169646,Peshawar,13.4,61.4,15.8,0.0,1.27
2026-07-29 02:12:44.169646,Peshawar,12.4,52.9,20.4,0.0,0.05
2026-07-29 03:12:44.169646,Peshawar,16.6,60.7,11.3,0.0,0.18
2026-07-29 04:12:44.169646,Peshawar,16.7,38.0,14.2,0.0,0.15
2026-07-29 05:12:44.169646,Peshawar,21.9,63.2,5.0,0.0,0.0
2026-07-29 06:12:44.169646,Peshawar,21.2,48.1,7.6,0.0,0.0
2026-07-29 07:12:44.169646,Peshawar,19.7,80.4,11.6,196.6,0.28
2026-07-29 08:12:44.169646,Peshawar,22.7,59.3,1.0,457.2,0.34
2026-07-29 09:12:44.169646,Peshawar,23.9,86.1,18.0,524.0,0.0
2026-07-29 10:12:44.169646,Peshawar,26.1,59.9,17.8,798.7,0.0
2026-07-29 11:12:44.169646,Peshawar,29.9,56.0,20.0,890.4,0.0
2026-07-29 12:12:44.169646,Peshawar,28.8,47.3,12.9,930.7,0.0
2026-07-29 13:12:44.169646,Peshawar,26.1,61.5,10.9,897.5,0.0
2026-07-29 14:12:44.169646,Peshawar,27.9,62.8,6.0,861.2,0.74
2026-07-29 15:12:44.169646,Peshawar,22.7,55.9,9.5,663.5,0.71
2026-07-29 16:12:44.169646,Peshawar,24.4,43.1,8.2,395.1,0.0
2026-07-29 17:12:44.169646,Peshawar,17.1,48.9,7.6,186.0,0.03
2026-07-29 18:12:44.169646,Peshawar,15.4,61.0,27.2,0.0,0.0
2026-07-29 19:12:44.169646,Peshawar,21.5,56.9,19.7,0.0,0.28
2026-07-29 20:12:44.169646,Peshawar,12.6,44.2,19.2,0.0,0.0
2026-07-29 21:12:44.169646,Peshawar,19.7,27.0,20.0,0.0,0.0
2026-07-29 22:12:44.169646,Peshawar,11.8,60.7,20.2,0.0,0.47
2026-07-29 23:12:44.169646,Peshawar,12.4,54.4,15.9,0.0,0.0
2026-07-30 00:12:44.169646,Peshawar,12.2,55.6,13.6,0.0,0.17
2026-07-30 01:12:44.169646,Peshawar,11.0,50.4,2.7,0.0,0.24
2026-07-30 02:12:44.169646,Peshawar,15.9,64.2,22.4,0.0,1.03
2026-07-30 03:12:44.169646,Peshawar,19.7,48.0,10.7,0.0,0.96
2026-07-30 04:12:44.169646,Peshawar,20.4,60.9,1.8,0.0,0.13
2026-07-30 05:12:44.169646,Peshawar,17.0,68.0,1.8,0.0,0.38
2026-07-30 06:12:44.169646,Peshawar,18.6,27.0,5.1,0.0,0.0
2026-07-30 07:12:44.169646,Peshawar,21.6,59.4,3.3,201.0,0.0
2026-07-30 08:12:44.169646,Peshawar,19.5,42.6,16.5,413.7,0.21
2026-07-30 09:12:44.169646,Peshawar,27.3,54.6,14.2,676.8,0.0
2026-07-30 10:12:44.169646,Peshawar,28.9,36.9,2.1,622.5,1.18
2026-07-30 11:12:44.169646,Peshawar,24.7,62.1,7.0,805.1,0.0
2026-07-30 12:12:44.169646,Peshawar,29.5,37.3,18.2,986.2,0.0
2026-07-30 13:12:44.169646,Peshawar,26.6,23.7,20.1,731.6,0.0
2026-07-30 14:12:44.169646,Peshawar,26.7,29.8,14.8,638.2,1.14
2026-07-30 15:12:44.169646,Peshawar,26.4,63.7,10.1,588.0,0.0
2026-07-30 16:12:44.169646,Peshawar,23.8,86.7,4.9,420.8,0.26
2026-07-30 17:12:44.169646,Peshawar,20.1,64.4,21.8,240.2,0.0
2026-07-30 18:12:44.169646,Peshawar,22.4,53.0,19.5,0.0,0.0
2026-07-30 19:12:44.169646,Peshawar,17.9,67.0,3.0,0.0,0.0
2026-07-30 20:12:44.169646,Peshawar,15.3,55.2,24.0,0.0,0.85
2026-07-30 21:12:44.169646,Peshawar,17.0,44.9,11.8,0.0,1.71
2026-07-30 22:12:44.169646,Peshawar,15.0,44.8,8.7,0.0,0.35
2026-07-30 23:12:44.169646,Peshawar,15.1,42.3,25.8,0.0,0.0
2026-07-31 00:12:44.169646,Peshawar,13.6,10.0,11.0,0.0,0.0
2026-07-31 01:12:44.169646,Peshawar,14.5,54.9,5.3,0.0,0.0
2026-07-31 02:12:44.169646,Peshawar,15.4,33.3,0.8,0.0,0.97
2026-07-31 03:12:44.169646,Peshawar,17.8,56.1,9.8,0.0,0.0
2026-07-31 04:12:44.169646,Peshawar,16.9,34.3,3.0,0.0,0.46
2026-07-31 05:12:44.169646,Peshawar,19.9,69.5,22.6,0.0,0.1
2026-07-31 06:12:44.169646,Peshawar,25.4,26.8,12.7,0.0,0.09
2026-07-31 07:12:44.169646,Peshawar,20.3,73.3,14.3,188.3,0.48
2026-07-31 08:12:44.169646,Peshawar,24.3,77.3,16.9,352.3,0.0
2026-07-31 09:12:44.169646,Peshawar,25.8,68.5,5.4,640.9,0.96
2026-07-31 10:12:44.169646,Peshawar,25.1,21.2,3.4,636.1,0.0
2026-07-31 11:12:44.169646,Peshawar,22.3,65.6,14.2,844.1,0.89
2026-07-31 12:12:44.169646,Peshawar,26.8,64.3,0.8,945.6,0.0
2026-07-31 13:12:44.169646,Peshawar,30.1,46.6,11.5,906.3,1.11
2026-07-31 14:12:44.169646,Peshawar,25.6,54.8,10.5,712.7,0.0
2026-07-31 15:12:44.169646,Peshawar,27.9,53.4,20.2,505.0,0.95
2026-07-31 16:12:44.169646,Peshawar,22.9,41.6,20.2,360.7,1.22
2026-07-31 17:12:44.169646,Peshawar,22.3,27.1,10.4,204.3,0.02
2026-07-31 18:12:44.169646,Peshawar,19.2,60.7,7.1,0.0,0.0
2026-07-31 19:12:44.169646,Peshawar,16.3,62.8,11.4,0.0,0.28
2026-07-31 20:12:44.169646,Peshawar,18.9,53.3,18.2,0.0,0.0
2026-07-31 21:12:44.169646,Peshawar,12.7,33.7,19.3,0.0,0.0
2026-07-31 22:12:44.169646,Peshawar,18.5,49.0,20.6,0.0,0.78
2026-07-31 23:12:44.169646,Peshawar,16.7,53.2,2.9,0.0,0.0
2026-08-01 00:12:44.169646,Peshawar,8.9,65.2,5.4,0.0,0.28
2026-08-01 01:12:44.169646,Peshawar,16.4,69.0,18.1,0.0,0.0
2026-08-01 02:12:44.169646,Peshawar,15.2,56.0,7.6,0.0,0.0
2026-08-01 03:12:44.169646,Peshawar,18.6,60.7,9.5,0.0,0.61
2026-08-01 04:12:44.169646,Peshawar,18.0,49.8,8.1,0.0,0.18
2026-08-01 05:12:44.169646,Peshawar,15.7,38.4,9.9,0.0,0.05
2026-08-01 06:12:44.169646,Peshawar,20.9,64.2,8.6,0.0,0.66
2026-08-01 07:12:44.169646,Peshawar,21.3,71.1,10.2,235.2,0.0
2026-08-01 08:12:44.169646,Peshawar,25.3,37.8,20.7,465.4,0.0
2026-08-01 09:12:44.169646,Peshawar,20.7,53.4,8.0,640.1,0.12
2026-08-01 10:12:44.169646,Peshawar,27.1,66.4,4.5,676.2,0.0
2026-08-01 11:12:44.169646,Peshawar,24.8,56.6,34.9,722.2,0.0
2026-08-01 12:12:44.169646,Peshawar,25.4,55.0,9.4,877.6,0.08
2026-08-01 13:12:44.169646,Peshawar,26.8,55.4,13.8,753.9,0.0
2026-08-01 14:12:44.169646,Peshawar,23.9,53.3,7.0,785.1,0.02
2026-08-01 15:12:44.169646,Peshawar,21.8,17.6,7.9,574.6,0.0
2026-08-01 16:12:44.169646,Peshawar,24.0,61.5,15.0,457.3,0.53
2026-08-01 17:12:44.169646,Peshawar,21.7,38.8,18.4,190.2,0.07
2026-08-01 18:12:44.169646,Peshawar,21.1,63.3,12.4,0.0,0.0
2026-08-01 19:12:44.169646,Peshawar,22.5,59.0,7.7,0.0,1.85
2026-08-01 20:12:44.169646,Peshawar,19.2,77.6,19.7,0.0,0.0
2026-08-01 21:12:44.169646,Peshawar,15.1,85.6,14.7,0.0,0.35
2026-08-01 22:12:44.169646,Peshawar,16.9,44.6,10.9,0.0,0.26
2026-08-01 23:12:44.169646,Peshawar,15.0,44.3,15.9,0.0,0.14
2026-08-02 00:12:44.169646,Peshawar,14.7,59.7,19.9,0.0,0.0
2026-08-02 01:12:44.169646,Peshawar,13.4,79.5,9.6,0.0,0.76
2026-08-02 02:12:44.169646,Peshawar,14.8,98.7,18.6,0.0,0.1
2026-08-02 03:12:44.169646,Peshawar,14.4,62.1,7.6,0.0,0.0
2026-08-02 04:12:44.169646,Peshawar,18.4,41.6,15.5,0.0,0.0
2026-08-02 05:12:44.169646,Peshawar,17.3,50.8,11.0,0.0,0.0
2026-08-02 06:12:44.169646,Peshawar,20.3,51.5,5.1,0.0,0.0
2026-08-02 07:12:44.169646,Peshawar,22.6,60.8,22.9,186.7,0.0
2026-08-02 08:12:44.169646,Peshawar,22.5,55.7,9.9,489.2,0.22
2026-08-02 09:12:44.169646,Peshawar,23.0,40.2,28.5,653.5,2.12
2026-08-02 10:12:44.169646,Peshawar,25.8,60.4,3.0,858.1,0.0
2026-08-02 11:12:44.169646,Peshawar,25.6,45.0,14.0,953.9,0.11
2026-08-02 12:12:44.169646,Peshawar,27.1,59.7,12.5,752.6,0.0
2026-08-02 13:12:44.169646,Peshawar,23.4,45.3,11.6,935.2,0.08
2026-08-02 14:12:44.169646,Peshawar,25.1,61.5,22.8,752.8,0.32
2026-08-02 15:12:44.169646,Peshawar,24.0,66.4,13.2,702.0,0.22
2026-08-02 16:12:44.169646,Peshawar,23.2,43.9,11.4,465.2,0.05
2026-08-02 17:12:44.169646,Peshawar,22.2,53.7,5.5,218.2,0.0
2026-08-02 18:12:44.169646,Peshawar,20.4,77.7,10.4,0.0,0.93
2026-08-02 19:12:44.169646,Peshawar,17.8,49.7,23.7,0.0,0.28
2026-08-02 20:12:44.169646,Peshawar,19.4,62.9,16.3,0.0,0.39
2026-08-02 21:12:44.169646,Peshawar,15.9,44.1,17.7,0.0,0.12
2026-08-02 22:12:44.169646,Peshawar,16.8,74.2,5.5,0.0,0.0
2026-08-02 23:12:44.169646,Peshawar,10.4,25.5,19.4,0.0,0.0
2026-08-03 00:12:44.169646,Peshawar,12.9,52.0,10.7,0.0,0.0
2026-08-03 01:12:44.169646,Peshawar,12.1,42.1,7.7,0.0,0.0
2026-08-03 02:12:44.169646,Peshawar,9.7,76.2,3.8,0.0,0.0
2026-08-03 03:12:44.169646,Peshawar,15.2,60.0,1.8,0.0,0.0
2026-08-03 04:12:44.169646,Peshawar,16.9,44.0,9.2,0.0,0.52
2026-08-03 05:12:44.169646,Peshawar,17.7,80.9,13.6,0.0,0.17
2026-08-03 06:12:44.169646,Peshawar,18.4,48.6,4.7,0.0,0.0
2026-08-03 07:12:44.169646,Peshawar,24.7,88.9,1.4,190.5,0.0
2026-08-03 08:12:44.169646,Peshawar,22.5,48.3,7.9,408.5,0.0
2026-08-03 09:12:44.169646,Peshawar,22.4,52.1,10.8,540.4,0.0
2026-08-03 10:12:44.169646,Peshawar,25.8,68.7,6.1,705.8,0.0
2026-08-03 11:12:44.169646,Peshawar,22.4,48.1,27.0,932.5,0.29
2026-08-03 12:12:44.169646,Peshawar,24.5,66.5,3.7,899.5,1.31
2026-08-03 13:12:44.169646,Peshawar,23.0,72.0,1.9,900.2,0.0
2026-08-03 14:12:44.169646,Peshawar,24.3,62.3,10.0,779.7,0.0
2026-08-03 15:12:44.169646,Peshawar,24.7,58.3,8.5,530.3,0.03
2026-08-03 16:12:44.169646,Peshawar,21.4,89.7,18.1,470.8,0.0
2026-08-03 17:12:44.169646,Peshawar,22.8,54.6,13.0,225.2,0.34
2026-08-03 18:12:44.169646,Peshawar,19.4,53.0,34.4,0.0,0.74
2026-08-03 19:12:44.169646,Peshawar,16.2,78.9,13.5,0.0,0.0
2026-08-03 20:12:44.169646,Peshawar,15.0,81.6,5.4,0.0,0.0
2026-08-03 21:12:44.169646,Peshawar,18.6,68.2,4.8,0.0,0.53
2026-08-03 22:12:44.169646,Peshawar,15.6,67.1,16.1,0.0,0.0
2026-08-03 23:12:44.169646,Peshawar,13.5,60.4,6.7,0.0,0.21
2026-08-04 00:12:44.169646,Peshawar,14.7,52.2,11.8,0.0,0.0
2026-08-04 01:12:44.169646,Peshawar,13.8,63.9,12.8,0.0,0.0
2026-08-04 02:12:44.169646,Peshawar,13.3,67.1,1.8,0.0,0.04
2026-08-04 03:12:44.169646,Peshawar,14.9,60.0,8.3,0.0,0.37
2026-08-04 04:12:44.169646,Peshawar,15.9,77.0,20.1,0.0,0.0
2026-08-04 05:12:44.169646,Peshawar,15.5,29.3,9.2,0.0,0.0
2026-08-04 06:12:44.169646,Peshawar,21.6,72.2,9.4,0.0,0.0
2026-08-04 07:12:44.169646,Peshawar,21.4,64.6,7.7,238.0,0.0
2026-08-04 08:12:44.169646,Peshawar,22.4,42.3,18.3,457.5,0.34
2026-08-04 09:12:44.169646,Peshawar,24.6,68.6,16.1,532.2,0.06
2026-08-04 10:12:44.169646,Peshawar,22.2,44.2,7.8,726.8,0.0
2026-08-04 11:12:44.169646,Peshawar,25.9,71.7,11.5,781.5,0.7
2026-08-04 12:12:44.169646,Peshawar,23.5,32.1,7.1,929.8,0.24
2026-08-04 13:12:44.169646,Peshawar,25.4,12.3,33.5,904.2,0.59
2026-08-04 14:12:44.169646,Peshawar,23.8,46.5,16.9,712.7,0.06
2026-08-04 15:12:44.169646,Peshawar,22.1,44.3,11.9,652.8,0.0
2026-08-04 16:12:44.169646,Peshawar,21.3,73.7,6.7,389.1,1.16
2026-08-04 17:12:44.169646,Peshawar,22.5,36.5,11.0,233.2,0.12
2026-08-04 18:12:44.169646,Peshawar,19.9,56.4,5.1,0.0,0.33
2026-08-04 19:12:44.169646,Peshawar,18.0,43.6,13.0,0.0,0.45
2026-08-04 20:12:44.169646,Peshawar,16.2,55.8,6.3,0.0,0.0
2026-08-04 21:12:44.169646,Peshawar,14.0,62.7,3.2,0.0,0.0
2026-08-04 22:12:44.169646,Peshawar,13.9,98.6,8.0,0.0,1.13
2026-08-04 23:12:44.169646,Peshawar,12.9,67.5,12.0,0.0,0.06
2026-08-05 00:12:44.169646,Peshawar,12.5,77.9,13.3,0.0,0.0
2026-08-05 01:12:44.169646,Peshawar,14.3,78.1,19.9,0.0,0.0
2026-08-05 02:12:44.169646,Peshawar,13.6,59.0,8.3,0.0,1.66
2026-08-05 03:12:44.169646,Peshawar,12.8,51.6,8.3,0.0,0.0
2026-08-05 04:12:44.169646,Peshawar,16.7,43.3,7.9,0.0,2.13
2026-08-05 05:12:44.169646,Peshawar,13.4,58.7,23.4,0.0,0.18
2026-08-05 06:12:44.169646,Peshawar,19.4,38.8,18.1,0.0,0.29
2026-08-05 07:12:44.169646,Peshawar,19.9,21.4,11.1,221.5,0.0
2026-08-05 08:12:44.169646,Peshawar,23.0,64.8,13.8,420.5,0.0
2026-08-05 09:12:44.169646,Peshawar,27.0,58.1,12.1,608.2,0.01
2026-08-05 10:12:44.169646,Peshawar,26.2,67.1,8.0,801.1,0.18
2026-08-05 11:12:44.169646,Peshawar,25.8,76.9,20.8,901.9,0.0
2026-08-05 12:12:44.169646,Peshawar,27.1,30.8,25.3,786.9,0.0
2026-08-05 13:12:44.169646,Peshawar,24.8,34.9,19.3,767.1,0.0
2026-08-05 14:12:44.169646,Peshawar,26.9,42.2,6.7,681.7,0.51
2026-08-05 15:12:44.169646,Peshawar,23.3,48.7,12.7,660.5,0.28
2026-08-05 16:12:44.169646,Peshawar,23.3,47.9,17.4,434.6,0.0
2026-08-05 17:12:44.169646,Peshawar,23.5,48.4,7.6,251.9,0.49
2026-08-05 18:12:44.169646,Peshawar,19.0,41.0,25.6,0.0,0.0
2026-08-05 19:12:44.169646,Peshawar,17.1,49.8,12.1,0.0,0.0
2026-08-05 20:12:44.169646,Peshawar,17.3,51.0,11.5,0.0,0.0
2026-08-05 21:12:44.169646,Peshawar,16.0,56.9,11.8,0.0,0.19
2026-08-05 22:12:44.169646,Peshawar,13.9,66.7,15.7,0.0,0.0
2026-08-05 23:12:44.169646,Peshawar,13.6,63.4,22.1,0.0,0.05
2026-08-06 00:12:44.169646,Peshawar,11.1,78.6,23.7,0.0,0.22
2026-08-06 01:12:44.169646,Peshawar,12.0,60.1,16.8,0.0,0.0
2026-08-06 02:12:44.169646,Peshawar,11.5,57.3,8.0,0.0,0.0
2026-08-06 03:12:44.169646,Peshawar,13.1,61.7,8.6,0.0,0.0
2026-08-06 04:12:44.169646,Peshawar,17.0,68.7,11.9,0.0,1.17
2026-08-06 05:12:44.169646,Peshawar,18.1,56.8,14.3,0.0,0.0
2026-08-06 06:12:44.169646,Peshawar,17.2,64.2,12.7,0.0,0.0
2026-08-06 07:12:44.169646,Peshawar,21.0,53.1,25.0,204.9,0.0
2026-08-06 08:12:44.169646,Peshawar,21.0,67.1,21.9,359.3,1.01
2026-08-06 09:12:44.169646,Peshawar,25.5,66.3,17.8,496.5,0.02
2026-08-06 10:12:44.169646,Peshawar,28.2,21.9,16.4,676.7,0.0
2026-08-06 11:12:44.169646,Peshawar,22.9,57.6,6.9,871.8,0.0
2026-08-06 12:12:44.169646,Peshawar,23.8,44.4,3.5,798.3,1.07
2026-08-06 13:12:44.169646,Peshawar,25.8,44.8,13.5,831.2,0.0
2026-08-06 14:12:44.169646,Peshawar,26.0,44.4,11.7,726.7,0.09
2026-08-06 15:12:44.169646,Peshawar,26.2,50.7,9.3,653.8,0.54
2026-08-06 16:12:44.169646,Peshawar,26.9,60.0,12.1,479.9,0.41
2026-08-06 17:12:44.169646,Peshawar,18.6,83.8,5.0,242.4,0.14
2026-08-06 18:12:44.169646,Peshawar,16.0,67.6,26.5,0.0,0.0
2026-08-06 19:12:44.169646,Peshawar,20.3,91.8,3.8,0.0,0.26
2026-08-06 20:12:44.169646,Peshawar,11.5,58.9,3.9,0.0,0.0
2026-08-06 21:12:44.169646,Peshawar,13.7,45.6,22.3,0.0,0.3
2026-08-06 22:12:44.169646,Peshawar,14.0,66.8,12.1,0.0,0.58
2026-08-06 23:12:44.169646,Peshawar,15.9,40.7,5.4,0.0,0.47
2026-08-07 00:12:44.169646,Peshawar,14.1,22.7,12.2,0.0,0.66
2026-08-07 01:12:44.169646,Peshawar,14.2,43.2,13.4,0.0,0.37
2026-08-07 02:12:44.169646,Peshawar,13.2,23.5,2.6,0.0,0.0
2026-08-07 03:12:44.169646,Peshawar,14.2,20.2,4.5,0.0,0.57
2026-08-07 04:12:44.169646,Peshawar,16.4,63.9,3.5,0.0,0.37
2026-08-07 05:12:44.169646,Peshawar,19.0,42.1,11.3,0.0,0.0
2026-08-07 06:12:44.169646,Peshawar,18.0,30.1,5.7,0.0,0.0
2026-08-07 07:12:44.169646,Peshawar,21.1,44.0,24.4,218.0,0.37
2026-08-07 08:12:44.169646,Peshawar,21.0,62.1,12.7,390.0,0.0
2026-08-07 09:12:44.169646,Peshawar,24.0,61.7,20.6,507.3,0.0
2026-08-07 10:12:44.169646,Peshawar,27.3,53.4,18.2,652.6,0.0
2026-08-07 11:12:44.169646,Peshawar,26.1,78.0,5.3,746.4,0.01
2026-08-07 12:12:44.169646,Peshawar,28.5,41.0,13.6,751.0,0.29
2026-08-07 13:12:44.169646,Peshawar,26.9,44.3,6.3,801.3,0.0
2026-08-07 14:12:44.169646,Peshawar,22.8,47.6,25.9,752.5,0.83
2026-08-07 15:12:44.169646,Peshawar,25.0,49.0,8.9,697.4,0.88
2026-08-07 16:12:44.169646,Peshawar,25.2,31.9,35.2,404.6,0.0
2026-08-07 17:12:44.169646,Peshawar,20.0,68.8,21.1,255.5,0.86
2026-08-07 18:12:44.169646,Peshawar,20.1,56.6,25.2,0.0,0.0
2026-08-07 19:12:44.169646,Peshawar,19.8,56.4,14.0,0.0,0.51
2026-08-07 20:12:44.169646,Peshawar,14.7,49.7,8.5,0.0,0.24
2026-08-07 21:12:44.169646,Peshawar,16.5,49.5,3.4,0.0,0.0
2026-08-07 22:12:44.169646,Peshawar,11.3,58.1,7.9,0.0,0.0
2026-08-07 23:12:44.169646,Peshawar,12.1,56.7,25.2,0.0,0.0
2026-08-08 00:12:44.169646,Peshawar,12.2,60.9,15.8,0.0,0.55
2026-08-08 01:12:44.169646,Peshawar,16.8,85.8,6.3,0.0,0.0
2026-08-08 02:12:44.169646,Peshawar,13.2,56.8,12.1,0.0,0.21
2026-08-08 03:12:44.169646,Peshawar,15.3,44.8,6.6,0.0,0.0
2026-08-08 04:12:44.169646,Peshawar,13.1,75.4,10.4,0.0,0.63
2026-08-08 05:12:44.169646,Peshawar,19.6,35.4,20.6,0.0,0.0
2026-08-08 06:12:44.169646,Peshawar,21.5,58.0,20.1,0.0,0.0
2026-08-08 07:12:44.169646,Peshawar,24.5,73.5,7.1,208.0,0.0
2026-08-08 08:12:44.169646,Peshawar,21.4,74.4,5.1,461.5,0.0
2026-08-08 09:12:44.169646,Peshawar,21.7,52.1,16.4,509.2,0.0
2026-08-08 10:12:44.169646,Peshawar,24.1,71.5,17.9,692.1,0.0
2026-08-08 11:12:44.169646,Peshawar,26.6,69.9,20.9,885.7,0.64
2026-08-08 12:12:44.169646,Peshawar,25.6,56.7,24.5,706.2,0.0
2026-08-08 13:12:44.169646,Peshawar,25.9,47.1,11.2,792.2,0.0
2026-08-08 14:12:44.169646,Peshawar,23.5,51.6,13.7,657.3,0.31
2026-08-08 15:12:44.169646,Peshawar,21.7,75.6,9.5,690.6,0.0
2026-08-08 16:12:44.169646,Peshawar,22.1,65.0,10.6,495.7,0.41
2026-08-08 17:12:44.169646,Peshawar,20.8,41.5,27.0,203.8,0.66
2026-08-08 18:12:44.169646,Peshawar,20.1,62.9,21.2,0.0,1.02
2026-08-08 19:12:44.169646,Peshawar,17.1,60.6,7.5,0.0,0.22
2026-08-08 20:12:44.169646,Peshawar,15.4,49.6,18.3,0.0,0.22
2026-08-08 21:12:44.169646,Peshawar,15.6,57.1,15.7,0.0,0.0
2026-08-08 22:12:44.169646,Peshawar,11.9,36.2,8.6,0.0,0.0
2026-08-08 23:12:44.169646,Peshawar,14.6,47.3,17.1,0.0,0.19
2026-08-09 00:12:44.169646,Peshawar,12.3,61.8,13.9,0.0,0.0
2026-08-09 01:12:44.169646,Peshawar,12.8,69.4,6.6,0.0,0.0
2026-08-09 02:12:44.169646,Peshawar,13.3,64.9,8.1,0.0,0.0
2026-08-09 03:12:44.169646,Peshawar,17.0,21.7,14.1,0.0,0.0
2026-08-09 04:12:44.169646,Peshawar,12.3,48.4,10.4,0.0,0.01
2026-08-09 05:12:44.169646,Peshawar,15.3,59.0,18.0,0.0,0.27
2026-08-09 06:12:44.169646,Peshawar,18.1,27.3,2.2,0.0,0.53
2026-08-09 07:12:44.169646,Peshawar,25.2,58.5,11.7,234.3,0.0
2026-08-09 08:12:44.169646,Peshawar,22.3,60.9,11.6,433.9,0.05
2026-08-09 09:12:44.169646,Peshawar,20.0,71.2,4.5,638.9,0.11
2026-08-09 10:12:44.169646,Peshawar,24.0,72.5,2.9,628.1,0.19
2026-08-09 11:12:44.169646,Peshawar,21.9,49.7,12.1,735.3,0.0
2026-08-09 12:12:44.169646,Peshawar,25.0,32.3,4.3,787.3,0.27
2026-08-09 13:12:44.169646,Peshawar,21.9,61.1,26.5,844.9,1.27
2026-08-09 14:12:44.169646,Peshawar,22.2,56.1,2.5,725.3,0.0
2026-08-09 15:12:44.169646,Peshawar,22.9,68.3,6.2,611.8,0.0
2026-08-09 16:12:44.169646,Peshawar,22.9,30.0,8.1,461.8,0.07
2026-08-09 17:12:44.169646,Peshawar,19.9,23.9,12.7,193.7,0.0
2026-08-09 18:12:44.169646,Peshawar,19.6,70.9,14.4,0.0,0.0
2026-08-09 19:12:44.169646,Peshawar,21.5,52.0,10.3,0.0,0.1
2026-08-09 20:12:44.169646,Peshawar,16.8,46.5,23.3,0.0,0.0
2026-08-09 21:12:44.169646,Peshawar,14.1,30.7,10.5,0.0,0.18
2026-08-09 22:12:44.169646,Peshawar,12.0,56.9,5.6,0.0,0.0
2026-08-09 23:12:44.169646,Peshawar,13.3,61.4,20.9,0.0,0.09
2026-08-10 00:12:44.169646,Peshawar,13.7,37.2,12.6,0.0,0.0
2026-08-10 01:12:44.169646,Peshawar,15.8,36.2,14.7,0.0,0.0
2026-08-10 02:12:44.169646,Peshawar,14.5,71.8,13.1,0.0,0.39
2026-08-10 03:12:44.169646,Peshawar,12.6,41.6,19.5,0.0,0.0
2026-08-10 04:12:44.169646,Peshawar,14.7,69.4,13.4,0.0,0.0
2026-08-10 05:12:44.169646,Peshawar,15.7,62.8,22.7,0.0,0.0
2026-08-10 06:12:44.169646,Peshawar,17.8,54.6,19.4,0.0,0.0
2026-08-10 07:12:44.169646,Peshawar,17.1,57.9,9.4,219.0,0.0
2026-08-10 08:12:44.169646,Peshawar,21.2,62.1,24.8,475.8,0.52
2026-08-10 09:12:44.169646,Peshawar,28.1,71.5,3.2,668.8,0.37
2026-08-10 10:12:44.169646,Peshawar,19.1,65.1,8.3,805.5,0.83
2026-07-11 17:12:44.169646,Multan,26.8,78.6,7.3,221.8,0.18
2026-07-11 18:12:44.169646,Multan,25.5,48.5,14.7,0.0,0.0
2026-07-11 19:12:44.169646,Multan,24.3,63.5,10.8,0.0,0.0
2026-07-11 20:12:44.169646,Multan,20.4,42.7,16.1,0.0,0.0
2026-07-11 21:12:44.169646,Multan,22.4,26.7,6.2,0.0,0.0
2026-07-11 22:12:44.169646,Multan,21.2,65.8,15.1,0.0,0.33
2026-07-11 23:12:44.169646,Multan,19.9,59.3,19.9,0.0,0.5
2026-07-12 00:12:44.169646,Multan,17.3,55.1,3.0,0.0,0.0
2026-07-12 01:12:44.169646,Multan,18.4,61.7,19.6,0.0,0.73
2026-07-12 02:12:44.169646,Multan,19.4,53.1,7.3,0.0,1.08
2026-07-12 03:12:44.169646,Multan,16.5,58.1,17.3,0.0,0.0
2026-07-12 04:12:44.169646,Multan,19.0,47.5,2.6,0.0,0.42
2026-07-12 05:12:44.169646,Multan,22.5,54.8,11.4,0.0,0.63
2026-07-12 06:12:44.169646,Multan,22.6,43.6,20.2,0.0,0.0
2026-07-12 07:12:44.169646,Multan,25.9,46.5,2.7,227.5,0.52
2026-07-12 08:12:44.169646,Multan,27.9,46.4,32.0,437.7,0.94
2026-07-12 09:12:44.169646,Multan,28.5,40.2,5.1,633.6,0.0
2026-07-12 10:12:44.169646,Multan,24.5,75.9,7.8,747.9,0.11
2026-07-12 11:12:44.169646,Multan,30.8,51.0,21.5,764.8,0.0
2026-07-12 12:12:44.169646,Multan,25.9,64.1,20.4,942.7,0.53
2026-07-12 13:12:44.169646,Multan,26.2,70.0,26.9,860.6,0.22
2026-07-12 14:12:44.169646,Multan,28.3,57.3,16.9,826.0,0.56
2026-07-12 15:12:44.169646,Multan,27.1,82.7,24.6,640.6,0.0
2026-07-12 16:12:44.169646,Multan,26.2,49.9,8.0,477.3,0.29
2026-07-12 17:12:44.169646,Multan,21.2,61.0,4.1,203.4,0.08
2026-07-12 18:12:44.169646,Multan,19.6,48.7,19.6,0.0,0.07
2026-07-12 19:12:44.169646,Multan,18.9,56.5,15.4,0.0,1.24
2026-07-12 20:12:44.169646,Multan,20.7,34.2,4.2,0.0,0.63
2026-07-12 21:12:44.169646,Multan,19.6,42.4,3.6,0.0,0.0
2026-07-12 22:12:44.169646,Multan,16.8,55.2,7.0,0.0,0.0
2026-07-12 23:12:44.169646,Multan,19.7,52.7,10.0,0.0,0.0
2026-07-13 00:12:44.169646,Multan,14.8,57.4,15.8,0.0,0.82
2026-07-13 01:12:44.169646,Multan,17.3,64.0,13.1,0.0,0.0
2026-07-13 02:12:44.169646,Multan,20.6,50.6,19.0,0.0,0.47
2026-07-13 03:12:44.169646,Multan,17.3,65.3,17.7,0.0,0.0
2026-07-13 04:12:44.169646,Multan,18.8,59.2,19.8,0.0,0.74
2026-07-13 05:12:44.169646,Multan,22.0,47.0,12.9,0.0,0.0
2026-07-13 06:12:44.169646,Multan,25.2,63.7,18.8,0.0,0.0
2026-07-13 07:12:44.169646,Multan,27.2,61.0,13.8,192.5,0.0
2026-07-13 08:12:44.169646,Multan,23.4,83.3,8.1,387.6,0.7
2026-07-13 09:12:44.169646,Multan,26.0,42.7,4.7,521.3,0.09
2026-07-13 10:12:44.169646,Multan,29.9,76.2,11.4,750.9,0.2
2026-07-13 11:12:44.169646,Multan,29.3,66.8,13.8,693.8,0.07
2026-07-13 12:12:44.169646,Multan,33.4,32.1,2.9,901.8,0.03
2026-07-13 13:12:44.169646,Multan,29.1,75.0,18.3,695.8,1.12
2026-07-13 14:12:44.169646,Multan,27.5,69.8,14.2,745.2,0.33
2026-07-13 15:12:44.169646,Multan,25.1,63.9,20.6,673.8,0.0
2026-07-13 16:12:44.169646,Multan,26.6,40.3,17.4,403.6,0.0
2026-07-13 17:12:44.169646,Multan,25.8,49.1,4.5,229.0,0.28
2026-07-13 18:12:44.169646,Multan,21.4,66.6,10.2,0.0,1.11
2026-07-13 19:12:44.169646,Multan,23.1,31.9,12.8,0.0,2.12
2026-07-13 20:12:44.169646,Multan,17.6,49.8,20.1,0.0,0.0
2026-07-13 21:12:44.169646,Multan,22.2,63.6,9.6,0.0,0.63
2026-07-13 22:12:44.169646,Multan,14.5,77.5,9.4,0.0,0.0
2026-07-13 23:12:44.169646,Multan,14.5,75.9,9.3,0.0,1.2
2026-07-14 00:12:44.169646,Multan,18.1,49.4,28.8,0.0,0.57
2026-07-14 01:12:44.169646,Multan,15.9,37.3,32.8,0.0,0.0
2026-07-14 02:12:44.169646,Multan,15.1,71.1,10.2,0.0,0.16
2026-07-14 03:12:44.169646,Multan,18.5,56.6,8.0,0.0,0.0
2026-07-14 04:12:44.169646,Multan,18.6,42.8,3.8,0.0,0.11
2026-07-14 05:12:44.169646,Multan,21.4,38.8,6.9,0.0,1.07
2026-07-14 06:12:44.169646,Multan,21.7,50.9,10.8,0.0,0.56
2026-07-14 07:12:44.169646,Multan,24.4,25.3,13.6,215.8,0.0
2026-07-14 08:12:44.169646,Multan,29.9,54.5,16.1,412.2,0.33
2026-07-14 09:12:44.169646,Multan,26.7,79.8,17.8,495.8,0.9
2026-07-14 10:12:44.169646,Multan,28.7,87.1,15.2,751.6,2.96
2026-07-14 11:12:44.169646,Multan,28.5,62.7,17.7,853.6,0.38
2026-07-14 12:12:44.169646,Multan,28.0,87.3,17.2,872.8,0.65
2026-07-14 13:12:44.169646,Multan,27.9,45.3,15.7,791.4,0.0
2026-07-14 14:12:44.169646,Multan,27.5,72.3,13.0,691.8,0.0
2026-07-14 15:12:44.169646,Multan,30.0,46.2,18.2,651.1,0.02
2026-07-14 16:12:44.169646,Multan,28.0,48.6,17.0,376.0,0.79
2026-07-14 17:12:44.169646,Multan,22.6,45.5,7.4,221.0,0.72
2026-07-14 18:12:44.169646,Multan,21.3,38.6,7.2,0.0,0.78
2026-07-14 19:12:44.169646,Multan,19.1,43.0,12.1,0.0,0.0
2026-07-14 20:12:44.169646,Multan,18.7,38.6,16.8,0.0,0.59
2026-07-14 21:12:44.169646,Multan,19.7,65.4,1.1,0.0,0.0
2026-07-14 22:12:44.169646,Multan,19.3,65.0,19.5,0.0,0.81
2026-07-14 23:12:44.169646,Multan,19.1,54.3,5.2,0.0,0.0
2026-07-15 00:12:44.169646,Multan,14.7,58.6,4.2,0.0,0.0
2026-07-15 01:12:44.169646,Multan,15.7,64.8,14.1,0.0,1.7
2026-07-15 02:12:44.169646,Multan,16.7,70.0,9.1,0.0,0.56
2026-07-15 03:12:44.169646,Multan,16.0,57.7,9.5,0.0,0.24
2026-07-15 04:12:44.169646,Multan,20.6,42.7,16.7,0.0,0.0
2026-07-15 05:12:44.169646,Multan,22.4,52.7,17.6,0.0,0.48
2026-07-15 06:12:44.169646,Multan,19.7,56.3,18.2,0.0,0.0
2026-07-15 07:12:44.169646,Multan,24.1,39.9,30.1,215.1,0.0
2026-07-15 08:12:44.169646,Multan,27.7,46.6,13.6,441.9,0.38
2026-07-15 09:12:44.169646,Multan,29.5,39.8,3.4,544.1,0.0
2026-07-15 10:12:44.169646,Multan,26.7,49.0,6.5,703.0,0.0
2026-07-15 11:12:44.169646,Multan,31.7,49.4,12.0,742.0,0.54
2026-07-15 12:12:44.169646,Multan,28.8,59.3,15.0,829.7,0.03
2026-07-15 13:12:44.169646,Multan,28.2,36.3,15.2,959.9,0.0
2026-07-15 14:12:44.169646,Multan,27.6,63.3,14.7,707.6,0.12
2026-07-15 15:12:44.169646,Multan,26.4,27.6,17.4,565.5,0.0
2026-07-15 16:12:44.169646,Multan,24.4,62.4,9.6,395.9,2.02
2026-07-15 17:12:44.169646,Multan,27.0,61.8,30.3,224.3,0.0
2026-07-15 18:12:44.169646,Multan,25.3,61.8,22.6,0.0,0.16
2026-07-15 19:12:44.169646,Multan,20.3,61.1,8.3,0.0,0.0
2026-07-15 20:12:44.169646,Multan,19.2,71.9,14.9,0.0,0.0
2026-07-15 21:12:44.169646,Multan,17.4,63.4,14.2,0.0,0.13
2026-07-15 22:12:44.169646,Multan,20.7,43.6,2.5,0.0,0.62
2026-07-15 23:12:44.169646,Multan,19.2,46.1,9.0,0.0,0.0
2026-07-16 00:12:44.169646,Multan,19.1,48.0,16.5,0.0,0.0
2026-07-16 01:12:44.169646,Multan,16.5,64.8,9.9,0.0,0.0
2026-07-16 02:12:44.169646,Multan,16.9,46.3,4.7,0.0,0.01
2026-07-16 03:12:44.169646,Multan,18.1,72.1,12.1,0.0,0.0
2026-07-16 04:12:44.169646,Multan,18.6,46.3,13.7,0.0,0.15
2026-07-16 05:12:44.169646,Multan,20.0,34.7,13.8,0.0,0.41
2026-07-16 06:12:44.169646,Multan,20.2,41.3,12.7,0.0,0.67
2026-07-16 07:12:44.169646,Multan,25.4,44.4,14.1,193.8,0.0
2026-07-16 08:12:44.169646,Multan,26.0,42.6,12.2,426.0,0.15
2026-07-16 09:12:44.169646,Multan,29.7,38.4,16.8,522.7,0.13
2026-07-16 10:12:44.169646,Multan,25.6,54.4,8.9,678.5,0.0
2026-07-16 11:12:44.169646,Multan,25.5,58.3,17.6,940.2,0.0
2026-07-16 12:12:44.169646,Multan,33.5,51.7,3.4,719.9,0.01
2026-07-16 13:12:44.169646,Multan,27.8,78.1,16.1,815.0,0.02
2026-07-16 14:12:44.169646,Multan,27.9,53.0,12.2,621.2,0.69
2026-07-16 15:12:44.169646,Multan,27.5,45.1,33.4,504.8,0.27
2026-07-16 16:12:44.169646,Multan,25.6,56.7,24.2,386.3,0.19
2026-07-16 17:12:44.169646,Multan,20.7,82.5,13.0,203.3,0.0
2026-07-16 18:12:44.169646,Multan,25.0,56.7,8.6,0.0,0.0
2026-07-16 19:12:44.169646,Multan,17.6,68.0,26.9,0.0,0.18
2026-07-16 20:12:44.169646,Multan,21.2,56.8,7.5,0.0,0.11
2026-07-16 21:12:44.169646,Multan,16.6,56.3,24.6,0.0,0.3
2026-07-16 22:12:44.169646,Multan,20.1,53.6,13.9,0.0,1.59
2026-07-16 23:12:44.169646,Multan,16.2,51.8,11.4,0.0,0.0
2026-07-17 00:12:44.169646,Multan,15.9,52.7,12.3,0.0,0.0
2026-07-17 01:12:44.169646,Multan,14.8,54.1,12.8,0.0,0.0
2026-07-17 02:12:44.169646,Multan,16.6,45.6,21.6,0.0,0.48
2026-07-17 03:12:44.169646,Multan,18.0,63.5,9.2,0.0,1.47
2026-07-17 04:12:44.169646,Multan,18.5,61.0,16.9,0.0,0.0
2026-07-17 05:12:44.169646,Multan,20.7,40.0,4.0,0.0,0.8
2026-07-17 06:12:44.169646,Multan,20.8,72.5,16.8,0.0,0.4
2026-07-17 07:12:44.169646,Multan,25.6,51.7,7.0,254.3,0.91
2026-07-17 08:12:44.169646,Multan,26.6,60.0,15.6,413.7,0.0
2026-07-17 09:12:44.169646,Multan,27.6,77.8,16.3,597.0,0.1
2026-07-17 10:12:44.169646,Multan,28.6,61.0,9.1,814.2,1.57
2026-07-17 11:12:44.169646,Multan,25.5,72.0,31.6,688.5,0.16
2026-07-17 12:12:44.169646,Multan,28.3,31.6,26.1,819.3,0.04
2026-07-17 13:12:44.169646,Multan,31.1,53.9,7.0,789.4,0.43
2026-07-17 14:12:44.169646,Multan,27.2,71.6,3.0,681.3,0.0
2026-07-17 15:12:44.169646,Multan,25.5,51.9,17.3,535.0,0.28
2026-07-17 16:12:44.169646,Multan,24.2,62.3,11.9,356.5,0.0
2026-07-17 17:12:44.169646,Multan,24.3,77.7,3.8,253.5,0.0
2026-07-17 18:12:44.169646,Multan,20.4,51.3,3.0,0.0,0.32
2026-07-17 19:12:44.169646,Multan,20.7,44.1,6.2,0.0,0.0
2026-07-17 20:12:44.169646,Multan,21.2,66.1,17.4,0.0,0.0
2026-07-17 21:12:44.169646,Multan,18.2,60.0,7.3,0.0,0.0
2026-07-17 22:12:44.169646,Multan,20.2,56.7,4.3,0.0,0.28
2026-07-17 23:12:44.169646,Multan,17.1,55.3,17.7,0.0,0.04
2026-07-18 00:12:44.169646,Multan,16.5,38.0,5.2,0.0,0.88
2026-07-18 01:12:44.169646,Multan,17.4,49.5,9.0,0.0,0.0
2026-07-18 02:12:44.169646,Multan,19.2,39.6,12.9,0.0,0.0
2026-07-18 03:12:44.169646,Multan,17.3,40.3,9.6,0.0,0.65
2026-07-18 04:12:44.169646,Multan,16.6,59.5,2.5,0.0,0.0
2026-07-18 05:12:44.169646,Multan,22.3,62.1,18.5,0.0,0.48
2026-07-18 06:12:44.169646,Multan,21.7,48.0,3.5,0.0,0.0
2026-07-18 07:12:44.169646,Multan,26.4,35.1,4.6,236.9,0.0
2026-07-18 08:12:44.169646,Multan,25.5,77.9,29.8,430.2,0.0
2026-07-18 09:12:44.169646,Multan,27.6,39.8,12.5,668.0,0.29
2026-07-18 10:12:44.169646,Multan,22.3,60.8,6.6,615.1,0.03
2026-07-18 11:12:44.169646,Multan,30.2,50.0,3.4,707.6,0.0
2026-07-18 12:12:44.169646,Multan,30.0,80.3,6.2,889.7,0.06
2026-07-18 13:12:44.169646,Multan,29.5,71.2,5.0,803.3,0.72
2026-07-18 14:12:44.169646,Multan,29.4,56.0,7.8,720.2,0.0
2026-07-18 15:12:44.169646,Multan,30.1,35.3,7.9,658.1,0.0
2026-07-18 16:12:44.169646,Multan,24.3,40.0,13.5,422.9,0.68
2026-07-18 17:12:44.169646,Multan,22.1,29.3,10.6,210.2,0.65
2026-07-18 18:12:44.169646,Multan,23.0,61.9,3.0,0.0,0.0
2026-07-18 19:12:44.169646,Multan,21.9,78.1,15.9,0.0,0.33
2026-07-18 20:12:44.169646,Multan,19.7,65.8,8.5,0.0,0.0
2026-07-18 21:12:44.169646,Multan,21.4,46.6,8.6,0.0,0.0
2026-07-18 22:12:44.169646,Multan,15.9,48.0,21.1,0.0,0.56
2026-07-18 23:12:44.169646,Multan,18.2,87.8,26.1,0.0,0.0
2026-07-19 00:12:44.169646,Multan,15.3,54.0,11.0,0.0,0.0
2026-07-19 01:12:44.169646,Multan,15.9,62.0,20.1,0.0,0.43
2026-07-19 02:12:44.169646,Multan,19.4,80.6,1.6,0.0,0.3
2026-07-19 03:12:44.169646,Multan,17.3,43.0,18.9,0.0,0.31
2026-07-19 04:12:44.169646,Multan,19.3,52.3,11.8,0.0,0.0
2026-07-19 05:12:44.169646,Multan,21.9,45.0,17.2,0.0,0.0
2026-07-19 06:12:44.169646,Multan,20.3,57.3,38.9,0.0,1.1
2026-07-19 07:12:44.169646,Multan,25.4,52.4,5.9,250.7,0.45
2026-07-19 08:12:44.169646,Multan,25.7,82.5,12.8,466.5,0.0
2026-07-19 09:12:44.169646,Multan,26.8,30.0,12.9,591.7,0.0
2026-07-19 10:12:44.169646,Multan,30.7,69.6,14.2,815.8,0.41
2026-07-19 11:12:44.169646,Multan,28.5,50.1,11.7,837.3,0.42
2026-07-19 12:12:44.169646,Multan,25.9,42.7,28.6,792.2,0.12
2026-07-19 13:12:44.169646,Multan,31.3,70.1,29.5,791.4,1.51
2026-07-19 14:12:44.169646,Multan,25.8,65.0,4.9,834.9,0.2
2026-07-19 15:12:44.169646,Multan,25.2,54.2,27.0,686.7,0.89
2026-07-19 16:12:44.169646,Multan,23.9,39.3,5.0,493.4,0.14
2026-07-19 17:12:44.169646,Multan,21.2,54.3,5.7,250.0,0.15
2026-07-19 18:12:44.169646,Multan,20.5,28.8,14.8,0.0,1.94
2026-07-19 19:12:44.169646,Multan,21.5,68.7,17.8,0.0,0.61
2026-07-19 20:12:44.169646,Multan,24.2,39.2,22.5,0.0,0.3
2026-07-19 21:12:44.169646,Multan,18.5,48.0,2.3,0.0,0.64
2026-07-19 22:12:44.169646,Multan,17.9,62.1,2.3,0.0,1.5
2026-07-19 23:12:44.169646,Multan,18.7,62.1,13.7,0.0,0.0
2026-07-20 00:12:44.169646,Multan,15.1,52.1,13.3,0.0,0.0
2026-07-20 01:12:44.169646,Multan,20.0,71.0,11.5,0.0,0.0
2026-07-20 02:12:44.169646,Multan,18.7,52.3,11.7,0.0,0.0
2026-07-20 03:12:44.169646,Multan,20.4,77.6,4.6,0.0,0.0
2026-07-20 04:12:44.169646,Multan,14.3,53.6,9.3,0.0,0.0
2026-07-20 05:12:44.169646,Multan,18.4,35.3,18.3,0.0,0.06
2026-07-20 06:12:44.169646,Multan,21.6,58.9,13.1,0.0,0.66
2026-07-20 07:12:44.169646,Multan,20.2,60.7,3.2,223.7,0.6
2026-07-20 08:12:44.169646,Multan,28.7,67.6,13.6,380.1,0.08
2026-07-20 09:12:44.169646,Multan,28.2,60.4,13.3,657.2,0.82
2026-07-20 10:12:44.169646,Multan,26.8,21.4,11.4,774.9,0.0
2026-07-20 11:12:44.169646,Multan,28.3,42.4,5.8,732.0,0.0
2026-07-20 12:12:44.169646,Multan,26.3,61.3,17.9,992.9,0.0
2026-07-20 13:12:44.169646,Multan,26.7,65.9,17.9,697.0,0.0
2026-07-20 14:12:44.169646,Multan,29.4,58.4,9.6,807.8,0.72
2026-07-20 15:12:44.169646,Multan,26.1,18.2,4.1,624.9,0.15
2026-07-20 16:12:44.169646,Multan,26.9,58.2,7.9,403.0,0.02
2026-07-20 17:12:44.169646,Multan,24.6,82.5,9.8,191.9,0.0
2026-07-20 18:12:44.169646,Multan,23.0,60.1,12.9,0.0,0.12
2026-07-20 19:12:44.169646,Multan,20.6,11.6,16.7,0.0,0.03
2026-07-20 20:12:44.169646,Multan,19.0,67.3,4.1,0.0,1.23
2026-07-20 21:12:44.169646,Multan,18.4,47.7,13.0,0.0,0.38
2026-07-20 22:12:44.169646,Multan,15.3,55.3,10.3,0.0,0.18
2026-07-20 23:12:44.169646,Multan,16.6,56.1,14.5,0.0,0.0
2026-07-21 00:12:44.169646,Multan,16.2,68.2,12.2,0.0,0.69
2026-07-21 01:12:44.169646,Multan,14.8,33.6,12.6,0.0,0.0
2026-07-21 02:12:44.169646,Multan,14.6,63.8,9.5,0.0,0.0
2026-07-21 03:12:44.169646,Multan,16.3,57.8,9.7,0.0,0.0
2026-07-21 04:12:44.169646,Multan,17.4,47.5,19.0,0.0,0.0
2026-07-21 05:12:44.169646,Multan,20.7,64.6,6.5,0.0,0.0
2026-07-21 06:12:44.169646,Multan,22.0,62.8,15.4,0.0,0.01
2026-07-21 07:12:44.169646,Multan,22.7,51.1,22.0,234.5,0.0
2026-07-21 08:12:44.169646,Multan,25.2,55.0,10.5,388.6,0.0
2026-07-21 09:12:44.169646,Multan,26.0,47.2,5.6,539.2,0.32
2026-07-21 10:12:44.169646,Multan,27.7,59.1,21.4,848.9,0.0
2026-07-21 11:12:44.169646,Multan,26.7,50.4,5.5,778.6,0.23
2026-07-21 12:12:44.169646,Multan,26.1,62.5,2.3,886.5,0.0
2026-07-21 13:12:44.169646,Multan,27.2,66.9,13.1,843.2,0.35
2026-07-21 14:12:44.169646,Multan,25.8,51.9,13.3,714.7,0.1
2026-07-21 15:12:44.169646,Multan,25.4,44.2,10.3,620.2,0.03
2026-07-21 16:12:44.169646,Multan,27.1,40.3,11.2,404.6,0.13
2026-07-21 17:12:44.169646,Multan,23.4,59.0,9.3,188.7,0.0
2026-07-21 18:12:44.169646,Multan,21.0,79.7,20.3,0.0,0.0
2026-07-21 19:12:44.169646,Multan,21.7,67.5,19.6,0.0,1.26
2026-07-21 20:12:44.169646,Multan,17.4,28.3,8.3,0.0,0.0
2026-07-21 21:12:44.169646,Multan,19.1,49.3,3.8,0.0,0.0
2026-07-21 22:12:44.169646,Multan,19.3,63.6,16.4,0.0,0.0
2026-07-21 23:12:44.169646,Multan,13.3,52.1,31.6,0.0,3.1
2026-07-22 00:12:44.169646,Multan,15.8,49.2,19.4,0.0,0.0
2026-07-22 01:12:44.169646,Multan,13.9,63.8,5.6,0.0,1.0
2026-07-22 02:12:44.169646,Multan,18.5,62.4,13.1,0.0,0.0
2026-07-22 03:12:44.169646,Multan,19.1,50.7,1.9,0.0,0.0
2026-07-22 04:12:44.169646,Multan,16.8,41.7,4.8,0.0,0.64
2026-07-22 05:12:44.169646,Multan,20.6,50.0,9.9,0.0,0.01
2026-07-22 06:12:44.169646,Multan,25.2,50.3,15.2,0.0,0.44
2026-07-22 07:12:44.169646,Multan,23.1,51.1,7.8,221.9,0.11
2026-07-22 08:12:44.169646,Multan,20.5,19.2,11.3,367.8,0.43
2026-07-22 09:12:44.169646,Multan,25.1,16.2,21.5,700.2,1.02
2026-07-22 10:12:44.169646,Multan,27.1,44.6,10.8,664.3,0.27
2026-07-22 11:12:44.169646,Multan,27.7,95.6,16.1,912.2,0.56
2026-07-22 12:12:44.169646,Multan,27.9,60.3,7.3,818.6,0.0
2026-07-22 13:12:44.169646,Multan,30.3,45.4,19.5,687.8,0.41
2026-07-22 14:12:44.169646,Multan,21.7,54.8,8.8,635.5,0.0
2026-07-22 15:12:44.169646,Multan,25.9,75.1,2.0,547.3,0.07
2026-07-22 16:12:44.169646,Multan,26.2,66.5,34.6,382.2,0.12
2026-07-22 17:12:44.169646,Multan,21.0,30.7,12.4,190.8,0.4
2026-07-22 18:12:44.169646,Multan,23.6,51.2,22.8,0.0,0.31
2026-07-22 19:12:44.169646,Multan,18.9,72.3,6.9,0.0,0.7
2026-07-22 20:12:44.169646,Multan,19.2,44.3,10.9,0.0,0.0
2026-07-22 21:12:44.169646,Multan,16.2,78.4,15.6,0.0,0.02
2026-07-22 22:12:44.169646,Multan,16.5,51.5,18.7,0.0,0.0
2026-07-22 23:12:44.169646,Multan,17.5,16.9,9.2,0.0,0.05
2026-07-23 00:12:44.169646,Multan,17.3,70.0,24.0,0.0,0.69
2026-07-23 01:12:44.169646,Multan,15.7,58.1,10.7,0.0,0.0
2026-07-23 02:12:44.169646,Multan,15.0,48.3,17.1,0.0,0.23
2026-07-23 03:12:44.169646,Multan,18.4,50.1,13.4,0.0,0.0
2026-07-23 04:12:44.169646,Multan,19.0,51.7,18.4,0.0,0.0
2026-07-23 05:12:44.169646,Multan,21.3,35.3,21.5,0.0,0.0
2026-07-23 06:12:44.169646,Multan,23.4,56.0,22.4,0.0,0.0
2026-07-23 07:12:44.169646,Multan,21.6,60.1,9.0,229.0,0.3
2026-07-23 08:12:44.169646,Multan,25.2,41.7,20.9,456.3,0.28
2026-07-23 09:12:44.169646,Multan,28.6,56.8,16.0,555.3,0.34
2026-07-23 10:12:44.169646,Multan,25.2,51.5,4.9,685.1,0.0
2026-07-23 11:12:44.169646,Multan,26.8,39.3,4.0,901.6,0.11
2026-07-23 12:12:44.169646,Multan,27.4,67.4,14.2,930.8,0.0
2026-07-23 13:12:44.169646,Multan,28.8,43.1,23.9,800.7,1.56
2026-07-23 14:12:44.169646,Multan,27.2,33.7,21.3,745.7,0.29
2026-07-23 15:12:44.169646,Multan,28.8,69.4,26.9,577.6,0.0
2026-07-23 16:12:44.169646,Multan,24.2,48.8,13.3,373.2,0.0
2026-07-23 17:12:44.169646,Multan,19.3,49.6,11.5,196.9,0.66
2026-07-23 18:12:44.169646,Multan,19.4,61.7,24.6,0.0,0.0
2026-07-23 19:12:44.169646,Multan,21.2,54.3,5.7,0.0,0.36
2026-07-23 20:12:44.169646,Multan,19.9,48.9,3.5,0.0,2.02
2026-07-23 21:12:44.169646,Multan,15.6,69.3,17.9,0.0,0.98
2026-07-23 22:12:44.169646,Multan,17.3,54.0,10.8,0.0,0.0
2026-07-23 23:12:44.169646,Multan,12.6,72.6,14.8,0.0,0.0
2026-07-24 00:12:44.169646,Multan,13.6,64.2,13.0,0.0,0.3
2026-07-24 01:12:44.169646,Multan,14.8,55.5,10.1,0.0,0.0
2026-07-24 02:12:44.169646,Multan,17.2,24.6,12.7,0.0,0.0
2026-07-24 03:12:44.169646,Multan,15.7,62.4,11.8,0.0,0.41
2026-07-24 04:12:44.169646,Multan,17.0,81.5,18.7,0.0,0.33
2026-07-24 05:12:44.169646,Multan,21.4,51.3,5.9,0.0,0.0
2026-07-24 06:12:44.169646,Multan,22.7,60.8,13.6,0.0,0.0
2026-07-24 07:12:44.169646,Multan,19.8,38.2,4.2,246.6,0.0
2026-07-24 08:12:44.169646,Multan,20.0,35.5,8.3,374.2,1.53
2026-07-24 09:12:44.169646,Multan,23.7,55.4,3.1,505.5,0.0
2026-07-24 10:12:44.169646,Multan,26.7,57.3,18.3,701.8,0.4
2026-07-24 11:12:44.169646,Multan,22.0,48.3,8.6,728.5,0.0
2026-07-24 12:12:44.169646,Multan,27.7,75.0,4.8,760.3,0.04
2026-07-24 13:12:44.169646,Multan,29.1,63.0,19.8,907.2,0.0
2026-07-24 14:12:44.169646,Multan,26.1,71.3,10.7,649.9,0.0
2026-07-24 15:12:44.169646,Multan,28.7,38.5,7.6,634.3,0.0
2026-07-24 16:12:44.169646,Multan,22.7,57.7,6.7,453.3,0.65
2026-07-24 17:12:44.169646,Multan,20.0,47.8,13.5,233.0,0.0
2026-07-24 18:12:44.169646,Multan,20.9,74.1,18.9,0.0,0.0
2026-07-24 19:12:44.169646,Multan,19.6,62.2,17.1,0.0,0.0
2026-07-24 20:12:44.169646,Multan,19.4,44.4,8.8,0.0,0.27
2026-07-24 21:12:44.169646,Multan,15.3,43.0,11.7,0.0,0.55
2026-07-24 22:12:44.169646,Multan,14.8,57.5,17.3,0.0,0.13
2026-07-24 23:12:44.169646,Multan,12.4,73.9,13.5,0.0,0.0
2026-07-25 00:12:44.169646,Multan,17.4,73.2,7.0,0.0,0.24
2026-07-25 01:12:44.169646,Multan,16.8,39.0,9.6,0.0,0.0
2026-07-25 02:12:44.169646,Multan,15.1,58.6,16.1,0.0,0.0
2026-07-25 03:12:44.169646,Multan,14.1,55.6,21.3,0.0,0.0
2026-07-25 04:12:44.169646,Multan,20.3,52.5,11.3,0.0,0.0
2026-07-25 05:12:44.169646,Multan,21.8,52.8,14.1,0.0,0.25
2026-07-25 06:12:44.169646,Multan,21.6,56.9,24.3,0.0,0.0
2026-07-25 07:12:44.169646,Multan,21.3,45.8,20.0,247.8,0.23
2026-07-25 08:12:44.169646,Multan,23.7,48.5,8.0,460.1,0.19
2026-07-25 09:12:44.169646,Multan,21.9,59.5,8.2,693.2,0.83
2026-07-25 10:12:44.169646,Multan,24.5,56.3,18.8,822.8,0.59
2026-07-25 11:12:44.169646,Multan,29.6,68.5,5.5,939.0,0.0
2026-07-25 12:12:44.169646,Multan,24.5,58.7,11.5,742.5,0.55
2026-07-25 13:12:44.169646,Multan,27.7,60.3,3.8,899.0,0.34
2026-07-25 14:12:44.169646,Multan,29.8,57.2,12.2,732.0,0.0
2026-07-25 15:12:44.169646,Multan,24.8,66.6,7.2,618.5,0.0
2026-07-25 16:12:44.169646,Multan,23.5,60.8,8.2,380.9,0.13
2026-07-25 17:12:44.169646,Multan,20.0,56.3,23.1,234.9,0.0
2026-07-25 18:12:44.169646,Multan,22.8,81.2,14.7,0.0,0.0
2026-07-25 19:12:44.169646,Multan,15.9,65.2,21.9,0.0,0.05
2026-07-25 20:12:44.169646,Multan,19.6,49.8,17.1,0.0,0.0
2026-07-25 21:12:44.169646,Multan,15.8,10.0,22.3,0.0,0.87
2026-07-25 22:12:44.169646,Multan,15.3,42.1,22.5,0.0,0.56
2026-07-25 23:12:44.169646,Multan,14.2,59.5,14.8,0.0,0.14
2026-07-26 00:12:44.169646,Multan,15.9,46.1,9.2,0.0,0.18
2026-07-26 01:12:44.169646,Multan,13.7,51.6,12.9,0.0,0.0
2026-07-26 02:12:44.169646,Multan,14.1,58.7,4.5,0.0,1.14
2026-07-26 03:12:44.169646,Multan,16.1,42.4,5.7,0.0,1.1
2026-07-26 04:12:44.169646,Multan,15.9,54.3,18.2,0.0,0.46
2026-07-26 05:12:44.169646,Multan,19.9,63.6,3.6,0.0,0.1
2026-07-26 06:12:44.169646,Multan,23.7,45.2,17.0,0.0,0.0
2026-07-26 07:12:44.169646,Multan,18.6,28.5,2.1,257.3,0.55
2026-07-26 08:12:44.169646,Multan,26.3,39.4,14.9,451.8,0.44
2026-07-26 09:12:44.169646,Multan,26.4,35.8,15.5,630.3,0.15
2026-07-26 10:12:44.169646,Multan,26.2,54.3,16.2,859.8,0.0
2026-07-26 11:12:44.169646,Multan,24.8,56.4,29.0,781.5,0.1
2026-07-26 12:12:44.169646,Multan,28.1,56.2,13.8,965.9,0.0
2026-07-26 13:12:44.169646,Multan,26.7,67.5,14.5,703.5,0.0
2026-07-26 14:12:44.169646,Multan,27.7,40.3,19.9,717.8,0.3
2026-07-26 15:12:44.169646,Multan,24.9,39.4,16.8,550.1,0.09
2026-07-26 16:12:44.169646,Multan,21.4,37.1,7.4,367.2,0.32
2026-07-26 17:12:44.169646,Multan,19.3,73.3,12.2,246.1,0.49
2026-07-26 18:12:44.169646,Multan,21.9,61.3,16.0,0.0,0.39
2026-07-26 19:12:44.169646,Multan,18.2,62.4,9.0,0.0,0.0
2026-07-26 20:12:44.169646,Multan,19.0,45.5,25.7,0.0,0.26
2026-07-26 21:12:44.169646,Multan,16.0,65.8,20.5,0.0,0.0
2026-07-26 22:12:44.169646,Multan,16.0,57.6,30.4,0.0,0.58
2026-07-26 23:12:44.169646,Multan,13.3,51.5,21.6,0.0,0.12
2026-07-27 00:12:44.169646,Multan,14.1,70.3,2.6,0.0,0.0
2026-07-27 01:12:44.169646,Multan,13.4,60.0,17.5,0.0,0.0
2026-07-27 02:12:44.169646,Multan,18.3,59.3,8.1,0.0,0.0
2026-07-27 03:12:44.169646,Multan,17.3,58.1,8.8,0.0,0.19
2026-07-27 04:12:44.169646,Multan,18.0,61.4,22.4,0.0,1.1
2026-07-27 05:12:44.169646,Multan,17.4,56.7,7.5,0.0,0.0
2026-07-27 06:12:44.169646,Multan,19.7,51.0,3.5,0.0,0.0
2026-07-27 07:12:44.169646,Multan,23.2,62.1,17.5,251.4,0.0
2026-07-27 08:12:44.169646,Multan,25.8,67.3,19.2,431.5,0.0
2026-07-27 09:12:44.169646,Multan,23.9,92.6,5.6,665.8,0.0
2026-07-27 10:12:44.169646,Multan,27.2,56.3,17.5,627.8,0.0
2026-07-27 11:12:44.169646,Multan,26.1,42.0,19.9,845.1,0.2
2026-07-27 12:12:44.169646,Multan,23.1,53.9,18.2,787.8,0.0
2026-07-27 13:12:44.169646,Multan,27.4,44.1,5.4,954.6,0.17
2026-07-27 14:12:44.169646,Multan,26.0,74.2,22.5,612.4,0.08
2026-07-27 15:12:44.169646,Multan,24.0,78.8,11.9,534.2,0.0
2026-07-27 16:12:44.169646,Multan,25.7,34.6,10.7,364.1,0.1
2026-07-27 17:12:44.169646,Multan,24.1,76.2,33.1,250.0,1.09
2026-07-27 18:12:44.169646,Multan,22.3,71.2,13.1,0.0,0.24
2026-07-27 19:12:44.169646,Multan,15.6,34.8,13.3,0.0,0.89
2026-07-27 20:12:44.169646,Multan,16.5,32.6,15.4,0.0,0.0
2026-07-27 21:12:44.169646,Multan,17.5,69.5,9.9,0.0,0.34
2026-07-27 22:12:44.169646,Multan,17.4,43.9,4.1,0.0,0.0
2026-07-27 23:12:44.169646,Multan,16.5,46.3,17.7,0.0,0.62
2026-07-28 00:12:44.169646,Multan,16.9,63.8,11.4,0.0,0.27
2026-07-28 01:12:44.169646,Multan,16.4,61.0,18.2,0.0,0.0
2026-07-28 02:12:44.169646,Multan,17.1,45.3,6.8,0.0,0.0
2026-07-28 03:12:44.169646,Multan,13.0,53.4,14.4,0.0,0.0
2026-07-28 04:12:44.169646,Multan,17.6,81.7,1.2,0.0,0.0
2026-07-28 05:12:44.169646,Multan,17.6,63.9,27.1,0.0,0.83
2026-07-28 06:12:44.169646,Multan,17.9,40.3,42.1,0.0,0.0
2026-07-28 07:12:44.169646,Multan,23.6,49.6,11.9,192.4,1.56
2026-07-28 08:12:44.169646,Multan,25.2,39.6,14.4,362.0,0.0
2026-07-28 09:12:44.169646,Multan,23.7,81.4,13.3,558.4,0.0
2026-07-28 10:12:44.169646,Multan,27.0,65.9,10.1,747.8,0.93
2026-07-28 11:12:44.169646,Multan,23.6,68.1,15.1,909.9,0.0
2026-07-28 12:12:44.169646,Multan,28.5,36.2,13.5,710.9,0.0
2026-07-28 13:12:44.169646,Multan,27.2,47.4,16.8,910.7,0.0
2026-07-28 14:12:44.169646,Multan,24.0,34.4,17.8,785.7,0.19
2026-07-28 15:12:44.169646,Multan,24.1,75.9,3.9,609.9,0.0
2026-07-28 16:12:44.169646,Multan,27.6,37.0,7.8,406.7,0.0
2026-07-28 17:12:44.169646,Multan,23.0,43.8,14.0,229.5,0.08
2026-07-28 18:12:44.169646,Multan,23.2,45.5,11.4,0.0,0.0
2026-07-28 19:12:44.169646,Multan,20.0,40.8,13.6,0.0,1.91
2026-07-28 20:12:44.169646,Multan,14.3,64.9,13.6,0.0,1.79
2026-07-28 21:12:44.169646,Multan,15.1,60.8,9.7,0.0,0.0
2026-07-28 22:12:44.169646,Multan,16.0,70.5,19.3,0.0,0.0
2026-07-28 23:12:44.169646,Multan,15.2,61.2,10.8,0.0,0.0
2026-07-29 00:12:44.169646,Multan,14.4,77.5,9.4,0.0,0.0
2026-07-29 01:12:44.169646,Multan,20.6,59.6,19.6,0.0,0.44
2026-07-29 02:12:44.169646,Multan,16.8,68.5,17.9,0.0,0.27
2026-07-29 03:12:44.169646,Multan,16.5,71.1,12.9,0.0,0.3
2026-07-29 04:12:44.169646,Multan,18.4,46.3,24.9,0.0,0.0
2026-07-29 05:12:44.169646,Multan,18.1,56.4,18.1,0.0,0.11
2026-07-29 06:12:44.169646,Multan,18.7,61.3,8.2,0.0,0.28
2026-07-29 07:12:44.169646,Multan,25.5,70.7,17.5,185.1,0.49
2026-07-29 08:12:44.169646,Multan,18.5,44.7,24.3,401.4,0.4
2026-07-29 09:12:44.169646,Multan,25.6,58.2,15.0,569.0,0.28
2026-07-29 10:12:44.169646,Multan,24.1,52.2,12.7,631.8,0.0
2026-07-29 11:12:44.169646,Multan,26.0,60.0,21.5,905.0,0.01
2026-07-29 12:12:44.169646,Multan,25.5,50.0,18.9,742.2,0.0
2026-07-29 13:12:44.169646,Multan,27.0,83.4,5.5,790.5,0.0
2026-07-29 14:12:44.169646,Multan,26.4,61.3,5.8,613.6,0.41
2026-07-29 15:12:44.169646,Multan,27.1,34.4,15.4,614.3,0.0
2026-07-29 16:12:44.169646,Multan,23.9,50.1,18.8,477.0,0.0
2026-07-29 17:12:44.169646,Multan,21.0,24.0,14.0,186.4,0.11
2026-07-29 18:12:44.169646,Multan,23.1,48.0,13.1,0.0,0.0
2026-07-29 19:12:44.169646,Multan,19.5,25.0,16.5,0.0,0.0
2026-07-29 20:12:44.169646,Multan,17.6,56.0,8.6,0.0,0.42
2026-07-29 21:12:44.169646,Multan,16.4,35.0,19.0,0.0,0.0
2026-07-29 22:12:44.169646,Multan,15.3,48.3,20.5,0.0,0.0
2026-07-29 23:12:44.169646,Multan,13.1,34.6,4.5,0.0,0.0
2026-07-30 00:12:44.169646,Multan,16.2,87.1,8.8,0.0,0.0
2026-07-30 01:12:44.169646,Multan,17.6,41.7,21.1,0.0,0.42
2026-07-30 02:12:44.169646,Multan,17.4,51.6,7.8,0.0,0.76
2026-07-30 03:12:44.169646,Multan,12.1,48.8,6.0,0.0,0.2
2026-07-30 04:12:44.169646,Multan,17.5,59.1,9.9,0.0,0.32
2026-07-30 05:12:44.169646,Multan,19.2,38.6,11.9,0.0,0.0
2026-07-30 06:12:44.169646,Multan,19.2,60.2,20.8,0.0,0.0
2026-07-30 07:12:44.169646,Multan,23.5,36.4,8.7,241.2,0.0
2026-07-30 08:12:44.169646,Multan,21.5,69.8,6.2,449.9,0.0
2026-07-30 09:12:44.169646,Multan,23.7,83.6,10.8,499.1,0.0
2026-07-30 10:12:44.169646,Multan,25.8,40.4,2.5,627.9,0.01
2026-07-30 11:12:44.169646,Multan,25.0,57.7,4.6,781.9,0.0
2026-07-30 12:12:44.169646,Multan,22.1,49.6,14.1,872.9,0.0
2026-07-30 13:12:44.169646,Multan,23.9,23.9,17.9,785.0,0.0
2026-07-30 14:12:44.169646,Multan,24.7,68.2,22.0,794.3,0.79
2026-07-30 15:12:44.169646,Multan,21.2,50.2,6.8,623.5,0.48
2026-07-30 16:12:44.169646,Multan,25.1,64.9,13.5,415.0,0.0
2026-07-30 17:12:44.169646,Multan,21.6,84.6,20.6,220.7,0.44
2026-07-30 18:12:44.169646,Multan,16.0,62.8,9.9,0.0,0.0
2026-07-30 19:12:44.169646,Multan,21.5,70.5,28.3,0.0,0.0
2026-07-30 20:12:44.169646,Multan,15.9,86.3,12.8,0.0,0.63
2026-07-30 21:12:44.169646,Multan,15.9,65.5,18.2,0.0,1.06
2026-07-30 22:12:44.169646,Multan,15.0,27.7,34.8,0.0,0.0
2026-07-30 23:12:44.169646,Multan,17.6,72.5,6.1,0.0,0.52
2026-07-31 00:12:44.169646,Multan,14.2,15.3,15.2,0.0,0.0
2026-07-31 01:12:44.169646,Multan,15.4,25.8,9.8,0.0,0.0
2026-07-31 02:12:44.169646,Multan,13.4,52.5,18.7,0.0,0.0
2026-07-31 03:12:44.169646,Multan,19.1,66.8,6.9,0.0,0.0
2026-07-31 04:12:44.169646,Multan,15.5,71.4,9.6,0.0,0.22
2026-07-31 05:12:44.169646,Multan,15.1,50.2,3.6,0.0,0.47
2026-07-31 06:12:44.169646,Multan,19.7,58.9,5.3,0.0,0.0
2026-07-31 07:12:44.169646,Multan,20.8,51.9,7.2,216.5,0.0
2026-07-31 08:12:44.169646,Multan,24.9,83.0,9.0,474.0,0.0
2026-07-31 09:12:44.169646,Multan,26.8,45.8,8.1,546.3,0.0
2026-07-31 10:12:44.169646,Multan,23.0,64.5,14.0,805.4,0.39
2026-07-31 11:12:44.169646,Multan,25.1,67.4,22.7,940.9,0.1
2026-07-31 12:12:44.169646,Multan,24.5,80.5,13.4,896.5,0.0
2026-07-31 13:12:44.169646,Multan,28.2,35.1,7.1,953.4,0.0
2026-07-31 14:12:44.169646,Multan,24.8,58.3,16.0,864.5,0.91
2026-07-31 15:12:44.169646,Multan,25.3,63.5,10.8,502.0,0.0
2026-07-31 16:12:44.169646,Multan,23.9,66.8,10.0,366.1,0.0
2026-07-31 17:12:44.169646,Multan,20.6,78.4,12.8,199.4,0.0
2026-07-31 18:12:44.169646,Multan,18.7,46.8,10.3,0.0,0.14
2026-07-31 19:12:44.169646,Multan,22.9,55.6,8.6,0.0,0.0
2026-07-31 20:12:44.169646,Multan,14.0,53.4,11.3,0.0,0.0
2026-07-31 21:12:44.169646,Multan,17.7,59.6,3.3,0.0,0.0
2026-07-31 22:12:44.169646,Multan,12.6,40.1,3.0,0.0,0.0
2026-07-31 23:12:44.169646,Multan,14.8,62.4,26.8,0.0,0.0
2026-08-01 00:12:44.169646,Multan,14.3,57.6,21.6,0.0,0.0
2026-08-01 01:12:44.169646,Multan,15.9,83.8,13.3,0.0,0.05
2026-08-01 02:12:44.169646,Multan,15.1,56.9,12.2,0.0,0.29
2026-08-01 03:12:44.169646,Multan,12.1,38.6,22.5,0.0,0.88
2026-08-01 04:12:44.169646,Multan,18.8,62.3,10.0,0.0,0.0
2026-08-01 05:12:44.169646,Multan,17.7,73.0,3.0,0.0,0.0
2026-08-01 06:12:44.169646,Multan,17.8,50.1,24.8,0.0,0.68
2026-08-01 07:12:44.169646,Multan,25.1,48.2,17.7,193.0,0.02
2026-08-01 08:12:44.169646,Multan,24.7,75.1,20.1,384.9,0.12
2026-08-01 09:12:44.169646,Multan,23.9,56.6,8.8,625.5,0.69
2026-08-01 10:12:44.169646,Multan,24.1,59.5,5.5,829.0,0.0
2026-08-01 11:12:44.169646,Multan,27.5,41.1,14.3,760.9,0.12
2026-08-01 12:12:44.169646,Multan,27.9,20.3,21.7,735.5,0.0
2026-08-01 13:12:44.169646,Multan,25.9,70.6,8.2,854.1,0.0
2026-08-01 14:12:44.169646,Multan,21.7,54.0,11.4,716.2,0.0
2026-08-01 15:12:44.169646,Multan,26.6,59.7,0.7,504.7,0.07
2026-08-01 16:12:44.169646,Multan,23.8,72.3,5.8,442.8,1.62
2026-08-01 17:12:44.169646,Multan,19.6,56.1,4.1,213.3,0.0
2026-08-01 18:12:44.169646,Multan,18.0,72.8,12.7,0.0,0.05
2026-08-01 19:12:44.169646,Multan,21.4,11.9,3.3,0.0,0.02
2026-08-01 20:12:44.169646,Multan,19.0,37.3,9.5,0.0,0.0
2026-08-01 21:12:44.169646,Multan,14.4,64.8,21.0,0.0,0.0
2026-08-01 22:12:44.169646,Multan,13.2,68.0,15.4,0.0,0.0
2026-08-01 23:12:44.169646,Multan,13.2,68.4,12.0,0.0,0.0
2026-08-02 00:12:44.169646,Multan,16.2,52.0,11.0,0.0,0.0
2026-08-02 01:12:44.169646,Multan,14.8,42.8,4.4,0.0,0.0
2026-08-02 02:12:44.169646,Multan,17.0,71.3,7.1,0.0,1.28
2026-08-02 03:12:44.169646,Multan,16.9,70.5,17.8,0.0,0.0
2026-08-02 04:12:44.169646,Multan,19.0,53.1,2.4,0.0,0.51
2026-08-02 05:12:44.169646,Multan,15.0,19.5,9.4,0.0,0.17
2026-08-02 06:12:44.169646,Multan,18.0,62.2,11.9,0.0,0.46
2026-08-02 07:12:44.169646,Multan,16.9,76.7,12.3,222.2,1.07
2026-08-02 08:12:44.169646,Multan,22.7,54.6,14.4,449.3,0.9
2026-08-02 09:12:44.169646,Multan,24.2,39.6,11.7,527.0,0.5
2026-08-02 10:12:44.169646,Multan,25.4,58.3,15.0,748.4,0.1
2026-08-02 11:12:44.169646,Multan,27.6,57.3,11.4,736.8,0.17
2026-08-02 12:12:44.169646,Multan,27.4,66.6,7.5,735.2,0.91
2026-08-02 13:12:44.169646,Multan,27.5,31.8,15.3,886.7,0.0
2026-08-02 14:12:44.169646,Multan,27.4,51.3,2.3,778.4,0.0
2026-08-02 15:12:44.169646,Multan,22.3,34.0,10.1,617.4,0.57
2026-08-02 16:12:44.169646,Multan,23.4,10.0,9.1,414.1,0.35
2026-08-02 17:12:44.169646,Multan,22.9,39.2,4.9,222.3,0.0
2026-08-02 18:12:44.169646,Multan,20.9,45.2,19.2,0.0,0.05
2026-08-02 19:12:44.169646,Multan,19.6,41.3,36.3,0.0,0.74
2026-08-02 20:12:44.169646,Multan,17.3,42.5,15.7,0.0,0.2
2026-08-02 21:12:44.169646,Multan,12.1,63.5,15.8,0.0,0.35
2026-08-02 22:12:44.169646,Multan,14.4,96.2,7.5,0.0,0.09
2026-08-02 23:12:44.169646,Multan,15.4,71.4,15.3,0.0,1.02
2026-08-03 00:12:44.169646,Multan,10.9,30.2,11.0,0.0,0.01
2026-08-03 01:12:44.169646,Multan,17.0,56.1,7.4,0.0,0.0
2026-08-03 02:12:44.169646,Multan,11.9,55.3,16.5,0.0,0.0
2026-08-03 03:12:44.169646,Multan,12.8,60.7,1.4,0.0,0.0
2026-08-03 04:12:44.169646,Multan,19.3,50.7,10.9,0.0,0.94
2026-08-03 05:12:44.169646,Multan,17.4,61.4,6.2,0.0,0.0
2026-08-03 06:12:44.169646,Multan,21.9,27.7,13.1,0.0,0.13
2026-08-03 07:12:44.169646,Multan,22.5,84.9,15.2,245.2,0.99
2026-08-03 08:12:44.169646,Multan,21.6,81.6,1.5,381.5,0.0
2026-08-03 09:12:44.169646,Multan,22.8,45.8,10.5,652.4,0.0
2026-08-03 10:12:44.169646,Multan,25.0,45.2,21.8,765.5,0.05
2026-08-03 11:12:44.169646,Multan,24.2,48.6,5.1,899.4,0.0
2026-08-03 12:12:44.169646,Multan,23.4,66.2,21.2,990.7,0.38
2026-08-03 13:12:44.169646,Multan,24.6,52.5,10.3,773.6,0.0
2026-08-03 14:12:44.169646,Multan,25.6,43.2,16.0,666.6,0.1
2026-08-03 15:12:44.169646,Multan,24.0,55.8,14.6,527.1,0.23
2026-08-03 16:12:44.169646,Multan,23.4,69.0,8.2,371.1,0.21
2026-08-03 17:12:44.169646,Multan,23.4,48.2,11.9,220.9,0.0
2026-08-03 18:12:44.169646,Multan,21.5,79.8,18.0,0.0,0.0
2026-08-03 19:12:44.169646,Multan,14.6,76.1,5.3,0.0,0.0
2026-08-03 20:12:44.169646,Multan,18.8,63.1,11.9,0.0,0.0
2026-08-03 21:12:44.169646,Multan,17.5,29.7,11.9,0.0,0.0
2026-08-03 22:12:44.169646,Multan,13.5,60.9,15.9,0.0,0.0
2026-08-03 23:12:44.169646,Multan,16.1,58.6,6.1,0.0,0.45
2026-08-04 00:12:44.169646,Multan,14.7,46.0,4.0,0.0,0.0
2026-08-04 01:12:44.169646,Multan,16.6,73.1,16.4,0.0,0.0
2026-08-04 02:12:44.169646,Multan,12.8,82.8,13.7,0.0,0.1
2026-08-04 03:12:44.169646,Multan,15.9,50.8,21.3,0.0,0.0
2026-08-04 04:12:44.169646,Multan,14.5,18.9,13.4,0.0,0.0
2026-08-04 05:12:44.169646,Multan,19.1,61.0,5.9,0.0,0.83
2026-08-04 06:12:44.169646,Multan,19.8,72.5,7.2,0.0,0.04
2026-08-04 07:12:44.169646,Multan,25.5,56.6,24.8,243.4,0.5
2026-08-04 08:12:44.169646,Multan,22.5,68.4,3.5,355.8,0.0
2026-08-04 09:12:44.169646,Multan,20.6,71.3,20.7,530.2,1.8
2026-08-04 10:12:44.169646,Multan,20.5,54.9,15.5,809.4,0.0
2026-08-04 11:12:44.169646,Multan,21.3,63.3,12.0,955.8,1.01
2026-08-04 12:12:44.169646,Multan,27.3,51.1,19.8,863.4,0.0
2026-08-04 13:12:44.169646,Multan,24.7,48.2,21.5,863.1,0.0
2026-08-04 14:12:44.169646,Multan,25.8,37.7,13.8,657.4,0.0
2026-08-04 15:12:44.169646,Multan,24.8,62.9,3.0,609.8,0.0
2026-08-04 16:12:44.169646,Multan,22.7,38.0,21.4,365.3,0.65
2026-08-04 17:12:44.169646,Multan,22.1,42.3,10.7,235.3,0.0
2026-08-04 18:12:44.169646,Multan,20.3,45.9,14.4,0.0,0.7
2026-08-04 19:12:44.169646,Multan,18.7,56.1,15.3,0.0,0.0
2026-08-04 20:12:44.169646,Multan,15.7,67.5,28.3,0.0,0.02
2026-08-04 21:12:44.169646,Multan,15.8,48.0,8.3,0.0,0.21
2026-08-04 22:12:44.169646,Multan,16.8,71.5,20.1,0.0,0.0
2026-08-04 23:12:44.169646,Multan,13.2,42.6,27.8,0.0,0.0
2026-08-05 00:12:44.169646,Multan,16.1,52.0,23.8,0.0,1.48
2026-08-05 01:12:44.169646,Multan,13.6,74.6,7.7,0.0,0.16
2026-08-05 02:12:44.169646,Multan,14.1,67.6,12.6,0.0,0.17
2026-08-05 03:12:44.169646,Multan,11.0,27.7,23.6,0.0,0.55
2026-08-05 04:12:44.169646,Multan,15.0,40.8,15.6,0.0,0.12
2026-08-05 05:12:44.169646,Multan,19.4,68.6,16.7,0.0,0.76
2026-08-05 06:12:44.169646,Multan,17.9,66.8,9.6,0.0,0.91
2026-08-05 07:12:44.169646,Multan,21.0,78.5,11.7,257.0,0.0
2026-08-05 08:12:44.169646,Multan,21.2,29.1,6.1,438.8,0.06
2026-08-05 09:12:44.169646,Multan,26.2,54.1,11.6,559.1,0.0
2026-08-05 10:12:44.169646,Multan,26.7,61.3,11.9,781.8,0.21
2026-08-05 11:12:44.169646,Multan,23.5,48.6,11.5,768.8,0.0
2026-08-05 12:12:44.169646,Multan,25.7,56.1,4.5,816.7,0.0
2026-08-05 13:12:44.169646,Multan,28.0,37.6,14.2,728.0,0.54
2026-08-05 14:12:44.169646,Multan,25.5,66.3,9.8,627.5,1.41
2026-08-05 15:12:44.169646,Multan,23.2,34.5,7.2,565.9,0.0
2026-08-05 16:12:44.169646,Multan,22.9,52.1,14.8,376.2,1.13
2026-08-05 17:12:44.169646,Multan,21.2,63.0,8.0,202.2,0.39
2026-08-05 18:12:44.169646,Multan,18.7,59.1,13.7,0.0,0.0
2026-08-05 19:12:44.169646,Multan,15.9,82.2,7.5,0.0,0.08
2026-08-05 20:12:44.169646,Multan,17.7,55.5,4.9,0.0,0.36
2026-08-05 21:12:44.169646,Multan,13.3,33.1,9.8,0.0,0.0
2026-08-05 22:12:44.169646,Multan,13.5,54.2,20.5,0.0,0.77
2026-08-05 23:12:44.169646,Multan,10.5,68.5,14.6,0.0,0.05
2026-08-06 00:12:44.169646,Multan,12.5,88.5,18.3,0.0,0.0
2026-08-06 01:12:44.169646,Multan,15.0,25.6,14.1,0.0,0.0
2026-08-06 02:12:44.169646,Multan,10.6,41.6,13.7,0.0,0.0
2026-08-06 03:12:44.169646,Multan,17.2,49.9,14.8,0.0,0.22
2026-08-06 04:12:44.169646,Multan,18.9,46.6,6.1,0.0,0.0
2026-08-06 05:12:44.169646,Multan,17.5,42.8,16.4,0.0,0.0
2026-08-06 06:12:44.169646,Multan,20.6,41.8,9.2,0.0,0.19
2026-08-06 07:12:44.169646,Multan,21.6,63.1,16.9,216.1,0.09
2026-08-06 08:12:44.169646,Multan,23.4,64.8,5.0,496.4,0.0
2026-08-06 09:12:44.169646,Multan,24.5,37.5,7.2,635.8,0.0
2026-08-06 10:12:44.169646,Multan,27.8,71.0,23.9,632.9,0.0
2026-08-06 11:12:44.169646,Multan,24.0,26.8,6.3,877.5,0.0
2026-08-06 12:12:44.169646,Multan,26.0,34.0,13.4,761.1,0.0
2026-08-06 13:12:44.169646,Multan,27.8,34.1,10.8,749.1,1.0
2026-08-06 14:12:44.169646,Multan,23.2,75.7,15.6,666.0,0.52
2026-08-06 15:12:44.169646,Multan,23.9,71.5,16.9,604.6,0.0
2026-08-06 16:12:44.169646,Multan,25.3,80.8,2.9,396.6,0.33
2026-08-06 17:12:44.169646,Multan,22.2,56.1,13.9,186.3,0.0
2026-08-06 18:12:44.169646,Multan,19.9,56.9,26.5,0.0,0.72
2026-08-06 19:12:44.169646,Multan,20.5,63.8,21.2,0.0,0.51
2026-08-06 20:12:44.169646,Multan,18.3,46.6,9.2,0.0,0.71
2026-08-06 21:12:44.169646,Multan,15.9,31.4,16.3,0.0,0.0
2026-08-06 22:12:44.169646,Multan,16.7,79.7,9.7,0.0,0.47
2026-08-06 23:12:44.169646,Multan,12.4,69.8,16.1,0.0,0.21
2026-08-07 00:12:44.169646,Multan,13.5,54.0,9.8,0.0,0.18
2026-08-07 01:12:44.169646,Multan,13.0,51.1,19.4,0.0,0.0
2026-08-07 02:12:44.169646,Multan,15.2,56.9,6.0,0.0,0.69
2026-08-07 03:12:44.169646,Multan,11.8,38.0,14.9,0.0,0.84
2026-08-07 04:12:44.169646,Multan,18.6,44.3,2.1,0.0,0.19
2026-08-07 05:12:44.169646,Multan,19.3,85.9,25.0,0.0,1.1
2026-08-07 06:12:44.169646,Multan,18.0,24.5,20.4,0.0,0.0
2026-08-07 07:12:44.169646,Multan,22.8,47.5,10.8,210.4,0.0
2026-08-07 08:12:44.169646,Multan,18.2,62.3,11.6,438.6,0.39
2026-08-07 09:12:44.169646,Multan,21.8,46.9,10.4,644.1,0.11
2026-08-07 10:12:44.169646,Multan,24.3,65.6,11.2,645.8,0.03
2026-08-07 11:12:44.169646,Multan,23.5,64.1,3.4,776.7,0.31
2026-08-07 12:12:44.169646,Multan,24.5,79.8,17.7,861.5,0.0
2026-08-07 13:12:44.169646,Multan,25.8,56.5,4.3,866.8,0.0
2026-08-07 14:12:44.169646,Multan,22.7,55.5,15.5,782.0,0.75
2026-08-07 15:12:44.169646,Multan,27.3,55.0,0.8,533.6,0.0
2026-08-07 16:12:44.169646,Multan,21.9,44.8,15.3,420.2,0.0
2026-08-07 17:12:44.169646,Multan,21.9,45.9,2.6,225.9,0.64
2026-08-07 18:12:44.169646,Multan,16.8,62.2,13.5,0.0,0.11
2026-08-07 19:12:44.169646,Multan,16.5,72.1,13.4,0.0,0.14
2026-08-07 20:12:44.169646,Multan,14.6,56.6,10.9,0.0,0.0
2026-08-07 21:12:44.169646,Multan,14.8,58.3,11.3,0.0,0.03
2026-08-07 22:12:44.169646,Multan,14.3,65.9,10.5,0.0,0.92
2026-08-07 23:12:44.169646,Multan,13.1,58.7,10.6,0.0,1.4
2026-08-08 00:12:44.169646,Multan,8.3,76.0,7.0,0.0,0.0
2026-08-08 01:12:44.169646,Multan,12.4,56.7,4.4,0.0,0.0
2026-08-08 02:12:44.169646,Multan,12.6,46.9,20.7,0.0,0.0
2026-08-08 03:12:44.169646,Multan,13.1,60.1,14.2,0.0,0.0
2026-08-08 04:12:44.169646,Multan,18.1,50.9,6.4,0.0,0.15
2026-08-08 05:12:44.169646,Multan,18.6,67.7,30.4,0.0,0.0
2026-08-08 06:12:44.169646,Multan,19.5,68.5,11.9,0.0,0.43
2026-08-08 07:12:44.169646,Multan,21.6,40.3,19.1,192.0,0.12
2026-08-08 08:12:44.169646,Multan,23.2,28.6,7.6,382.0,0.45
2026-08-08 09:12:44.169646,Multan,23.6,73.8,24.2,585.1,0.43
2026-08-08 10:12:44.169646,Multan,26.2,57.8,28.6,762.5,0.68
2026-08-08 11:12:44.169646,Multan,26.4,56.4,16.5,775.4,0.0
2026-08-08 12:12:44.169646,Multan,24.4,61.4,2.0,984.7,0.27
2026-08-08 13:12:44.169646,Multan,25.6,46.7,23.3,818.7,0.33
2026-08-08 14:12:44.169646,Multan,23.3,59.7,20.7,631.3,0.0
2026-08-08 15:12:44.169646,Multan,24.1,51.9,3.5,673.1,0.0
2026-08-08 16:12:44.169646,Multan,22.6,43.1,11.6,365.7,0.05
2026-08-08 17:12:44.169646,Multan,25.3,97.5,6.9,237.6,1.11
2026-08-08 18:12:44.169646,Multan,16.0,72.7,7.5,0.0,0.0
2026-08-08 19:12:44.169646,Multan,18.5,68.2,4.7,0.0,0.0
2026-08-08 20:12:44.169646,Multan,19.5,55.7,15.7,0.0,0.7
2026-08-08 21:12:44.169646,Multan,15.3,40.0,18.1,0.0,1.09
2026-08-08 22:12:44.169646,Multan,13.3,49.5,9.9,0.0,0.09
2026-08-08 23:12:44.169646,Multan,15.3,51.0,26.0,0.0,0.0
2026-08-09 00:12:44.169646,Multan,11.5,60.2,22.7,0.0,0.0
2026-08-09 01:12:44.169646,Multan,13.0,57.4,10.4,0.0,0.14
2026-08-09 02:12:44.169646,Multan,10.9,46.7,14.9,0.0,0.35
2026-08-09 03:12:44.169646,Multan,14.4,64.1,16.6,0.0,0.6
2026-08-09 04:12:44.169646,Multan,18.0,57.6,19.5,0.0,0.53
2026-08-09 05:12:44.169646,Multan,16.5,53.0,6.5,0.0,0.26
2026-08-09 06:12:44.169646,Multan,17.4,51.1,28.0,0.0,0.0
2026-08-09 07:12:44.169646,Multan,21.7,53.6,30.1,201.5,0.69
2026-08-09 08:12:44.169646,Multan,21.4,44.8,1.7,455.7,1.2
2026-08-09 09:12:44.169646,Multan,18.7,60.9,16.8,614.0,0.0
2026-08-09 10:12:44.169646,Multan,23.5,27.5,16.6,780.3,0.0
2026-08-09 11:12:44.169646,Multan,24.3,24.6,15.4,833.2,0.18
2026-08-09 12:12:44.169646,Multan,21.9,41.3,15.3,792.4,0.0
2026-08-09 13:12:44.169646,Multan,28.7,46.8,5.5,945.4,0.0
2026-08-09 14:12:44.169646,Multan,26.5,57.1,16.7,864.4,0.21
2026-08-09 15:12:44.169646,Multan,26.1,56.2,17.7,533.5,0.0
2026-08-09 16:12:44.169646,Multan,24.1,58.6,17.4,414.7,0.08
2026-08-09 17:12:44.169646,Multan,20.9,87.9,20.4,218.1,0.0
2026-08-09 18:12:44.169646,Multan,16.9,58.1,27.3,0.0,0.0
2026-08-09 19:12:44.169646,Multan,20.0,49.8,10.2,0.0,0.07
2026-08-09 20:12:44.169646,Multan,15.3,49.4,16.2,0.0,0.58
2026-08-09 21:12:44.169646,Multan,16.6,61.6,14.5,0.0,0.53
2026-08-09 22:12:44.169646,Multan,10.9,53.6,11.9,0.0,0.05
2026-08-09 23:12:44.169646,Multan,11.0,85.6,9.4,0.0,0.0
2026-08-10 00:12:44.169646,Multan,8.4,34.8,6.9,0.0,0.56
2026-08-10 01:12:44.169646,Multan,10.7,74.5,18.9,0.0,1.97
2026-08-10 02:12:44.169646,Multan,12.1,35.5,33.4,0.0,0.0
2026-08-10 03:12:44.169646,Multan,14.6,42.8,11.9,0.0,0.0
2026-08-10 04:12:44.169646,Multan,14.4,30.0,19.7,0.0,0.32
2026-08-10 05:12:44.169646,Multan,16.7,64.3,9.1,0.0,0.01
2026-08-10 06:12:44.169646,Multan,20.5,53.5,14.9,0.0,0.76
2026-08-10 07:12:44.169646,Multan,19.2,63.8,19.1,251.5,0.0
2026-08-10 08:12:44.169646,Multan,22.0,74.0,14.7,472.4,0.0
2026-08-10 09:12:44.169646,Multan,26.3,73.6,20.0,657.5,0.24
2026-08-10 10:12:44.169646,Multan,23.4,64.0,10.1,688.4,0.0
2026-07-11 17:12:44.169646,Faisalabad,22.4,54.9,2.7,244.1,0.0
2026-07-11 18:12:44.169646,Faisalabad,21.8,51.9,19.3,0.0,0.0
2026-07-11 19:12:44.169646,Faisalabad,23.7,43.9,10.0,0.0,0.03
2026-07-11 20:12:44.169646,Faisalabad,21.6,42.1,6.7,0.0,0.64
2026-07-11 21:12:44.169646,Faisalabad,23.6,82.5,24.7,0.0,0.44
2026-07-11 22:12:44.169646,Faisalabad,19.4,61.4,4.7,0.0,0.35
2026-07-11 23:12:44.169646,Faisalabad,16.0,40.9,1.9,0.0,0.82
2026-07-12 00:12:44.169646,Faisalabad,15.9,61.3,9.5,0.0,0.03
2026-07-12 01:12:44.169646,Faisalabad,22.5,52.6,12.0,0.0,0.22
2026-07-12 02:12:44.169646,Faisalabad,17.5,68.9,21.7,0.0,0.0
2026-07-12 03:12:44.169646,Faisalabad,18.3,47.8,7.2,0.0,1.8
2026-07-12 04:12:44.169646,Faisalabad,23.3,36.9,16.4,0.0,0.0
2026-07-12 05:12:44.169646,Faisalabad,21.0,32.9,12.0,0.0,1.24
2026-07-12 06:12:44.169646,Faisalabad,24.1,56.0,5.9,0.0,0.0
2026-07-12 07:12:44.169646,Faisalabad,24.0,75.5,4.8,188.9,0.0
2026-07-12 08:12:44.169646,Faisalabad,28.7,58.6,17.6,430.1,0.22
2026-07-12 09:12:44.169646,Faisalabad,24.5,56.9,8.5,682.3,0.0
2026-07-12 10:12:44.169646,Faisalabad,27.6,51.3,9.4,735.8,0.07
2026-07-12 11:12:44.169646,Faisalabad,31.3,13.2,19.5,762.4,0.08
2026-07-12 12:12:44.169646,Faisalabad,29.5,53.5,17.2,732.8,0.27
2026-07-12 13:12:44.169646,Faisalabad,31.2,42.1,13.0,756.4,1.49
2026-07-12 14:12:44.169646,Faisalabad,25.3,67.6,15.9,725.3,0.0
2026-07-12 15:12:44.169646,Faisalabad,28.2,47.7,9.3,694.9,0.0
2026-07-12 16:12:44.169646,Faisalabad,26.0,61.8,8.4,408.1,0.0
2026-07-12 17:12:44.169646,Faisalabad,28.3,56.1,2.8,223.9,0.51
2026-07-12 18:12:44.169646,Faisalabad,23.0,66.0,7.7,0.0,0.0
2026-07-12 19:12:44.169646,Faisalabad,24.1,64.9,9.5,0.0,0.0
2026-07-12 20:12:44.169646,Faisalabad,17.7,52.2,24.3,0.0,0.31
2026-07-12 21:12:44.169646,Faisalabad,16.9,52.3,20.6,0.0,0.03
2026-07-12 22:12:44.169646,Faisalabad,19.6,33.5,12.3,0.0,0.0
2026-07-12 23:12:44.169646,Faisalabad,16.1,40.6,17.5,0.0,0.0
2026-07-13 00:12:44.169646,Faisalabad,14.0,82.7,18.0,0.0,0.0
2026-07-13 01:12:44.169646,Faisalabad,15.9,32.2,6.4,0.0,0.01
2026-07-13 02:12:44.169646,Faisalabad,18.1,54.6,14.2,0.0,0.0
2026-07-13 03:12:44.169646,Faisalabad,20.9,53.4,21.3,0.0,1.33
2026-07-13 04:12:44.169646,Faisalabad,18.6,61.0,6.4,0.0,1.35
2026-07-13 05:12:44.169646,Faisalabad,22.4,50.7,11.3,0.0,0.5
2026-07-13 06:12:44.169646,Faisalabad,26.0,45.2,22.7,0.0,0.0
2026-07-13 07:12:44.169646,Faisalabad,29.1,91.3,9.1,231.6,0.21
2026-07-13 08:12:44.169646,Faisalabad,26.4,52.3,9.7,454.0,0.0
2026-07-13 09:12:44.169646,Faisalabad,25.6,63.7,17.5,687.0,1.05
2026-07-13 10:12:44.169646,Faisalabad,28.5,70.4,7.5,645.8,0.0
2026-07-13 11:12:44.169646,Faisalabad,28.6,32.3,2.3,927.6,0.0
2026-07-13 12:12:44.169646,Faisalabad,31.1,59.1,10.4,789.2,0.0
2026-07-13 13:12:44.169646,Faisalabad,30.9,38.9,20.4,866.2,0.95
2026-07-13 14:12:44.169646,Faisalabad,28.4,68.9,7.5,654.5,0.15
2026-07-13 15:12:44.169646,Faisalabad,27.4,67.5,8.3,693.5,0.0
2026-07-13 16:12:44.169646,Faisalabad,26.6,58.6,4.9,417.2,0.0
2026-07-13 17:12:44.169646,Faisalabad,24.4,44.5,11.8,199.4,0.04
2026-07-13 18:12:44.169646,Faisalabad,27.5,43.4,10.6,0.0,0.0
2026-07-13 19:12:44.169646,Faisalabad,20.2,52.1,9.3,0.0,0.0
2026-07-13 20:12:44.169646,Faisalabad,22.1,40.0,31.7,0.0,0.99
2026-07-13 21:12:44.169646,Faisalabad,19.9,66.4,25.5,0.0,0.4
2026-07-13 22:12:44.169646,Faisalabad,22.6,44.7,9.1,0.0,0.0
2026-07-13 23:12:44.169646,Faisalabad,15.0,29.2,17.2,0.0,0.68
2026-07-14 00:12:44.169646,Faisalabad,16.7,59.8,26.6,0.0,0.5
2026-07-14 01:12:44.169646,Faisalabad,17.2,48.9,10.1,0.0,0.0
2026-07-14 02:12:44.169646,Faisalabad,22.6,68.7,8.1,0.0,1.11
2026-07-14 03:12:44.169646,Faisalabad,16.3,61.0,17.0,0.0,0.05
2026-07-14 04:12:44.169646,Faisalabad,22.4,53.5,5.8,0.0,0.04
2026-07-14 05:12:44.169646,Faisalabad,22.6,72.2,1.1,0.0,0.47
2026-07-14 06:12:44.169646,Faisalabad,23.1,59.0,10.0,0.0,0.0
2026-07-14 07:12:44.169646,Faisalabad,26.7,41.8,22.1,254.3,0.0
2026-07-14 08:12:44.169646,Faisalabad,27.7,33.8,22.7,486.0,0.0
2026-07-14 09:12:44.169646,Faisalabad,27.6,44.2,12.6,695.9,0.01
2026-07-14 10:12:44.169646,Faisalabad,27.6,71.0,10.5,783.1,0.0
2026-07-14 11:12:44.169646,Faisalabad,28.6,55.2,14.0,694.2,0.09
2026-07-14 12:12:44.169646,Faisalabad,26.5,92.4,2.2,742.6,0.0
2026-07-14 13:12:44.169646,Faisalabad,28.8,65.3,10.9,792.0,0.23
2026-07-14 14:12:44.169646,Faisalabad,30.5,47.3,10.1,673.8,1.07
2026-07-14 15:12:44.169646,Faisalabad,28.8,36.6,12.0,572.3,0.0
2026-07-14 16:12:44.169646,Faisalabad,26.3,99.9,17.3,447.6,0.5
2026-07-14 17:12:44.169646,Faisalabad,24.3,69.9,13.1,256.6,0.06
2026-07-14 18:12:44.169646,Faisalabad,20.6,61.2,23.1,0.0,0.0
2026-07-14 19:12:44.169646,Faisalabad,21.4,31.3,15.2,0.0,0.0
2026-07-14 20:12:44.169646,Faisalabad,15.3,40.5,21.3,0.0,0.62
2026-07-14 21:12:44.169646,Faisalabad,19.5,60.4,6.6,0.0,0.0
2026-07-14 22:12:44.169646,Faisalabad,18.7,58.4,15.7,0.0,0.0
2026-07-14 23:12:44.169646,Faisalabad,19.0,66.8,15.6,0.0,0.0
2026-07-15 00:12:44.169646,Faisalabad,18.6,43.7,11.1,0.0,0.89
2026-07-15 01:12:44.169646,Faisalabad,21.0,68.4,7.9,0.0,0.0
2026-07-15 02:12:44.169646,Faisalabad,18.4,80.7,19.6,0.0,0.0
2026-07-15 03:12:44.169646,Faisalabad,22.9,67.2,4.2,0.0,0.37
2026-07-15 04:12:44.169646,Faisalabad,17.8,50.7,10.5,0.0,0.0
2026-07-15 05:12:44.169646,Faisalabad,20.9,69.8,5.8,0.0,0.0
2026-07-15 06:12:44.169646,Faisalabad,24.5,65.5,3.7,0.0,0.95
2026-07-15 07:12:44.169646,Faisalabad,22.2,46.4,12.1,190.7,0.44
2026-07-15 08:12:44.169646,Faisalabad,24.9,55.3,9.2,422.6,0.27
2026-07-15 09:12:44.169646,Faisalabad,28.0,55.4,15.0,621.9,0.07
2026-07-15 10:12:44.169646,Faisalabad,29.9,33.2,16.9,692.7,0.0
2026-07-15 11:12:44.169646,Faisalabad,30.8,27.7,15.8,858.3,0.3
2026-07-15 12:12:44.169646,Faisalabad,30.1,50.2,6.9,709.0,0.0
2026-07-15 13:12:44.169646,Faisalabad,26.1,68.6,12.1,733.9,0.18
2026-07-15 14:12:44.169646,Faisalabad,29.9,86.2,21.0,863.9,0.0
2026-07-15 15:12:44.169646,Faisalabad,27.8,77.9,3.4,509.9,0.5
2026-07-15 16:12:44.169646,Faisalabad,30.2,76.4,24.5,400.4,0.32
2026-07-15 17:12:44.169646,Faisalabad,27.9,71.6,9.8,191.0,0.0
2026-07-15 18:12:44.169646,Faisalabad,22.8,60.0,15.7,0.0,0.24
2026-07-15 19:12:44.169646,Faisalabad,20.3,73.8,15.6,0.0,0.32
2026-07-15 20:12:44.169646,Faisalabad,19.8,54.3,19.8,0.0,0.4
2026-07-15 21:12:44.169646,Faisalabad,17.5,49.6,6.7,0.0,0.0
2026-07-15 22:12:44.169646,Faisalabad,18.0,45.7,8.0,0.0,0.0
2026-07-15 23:12:44.169646,Faisalabad,15.9,28.6,2.1,0.0,0.0
2026-07-16 00:12:44.169646,Faisalabad,14.5,66.2,12.2,0.0,0.79
2026-07-16 01:12:44.169646,Faisalabad,18.3,21.5,7.7,0.0,0.13
2026-07-16 02:12:44.169646,Faisalabad,15.7,64.7,9.7,0.0,0.12
2026-07-16 03:12:44.169646,Faisalabad,15.0,44.9,11.6,0.0,0.0
2026-07-16 04:12:44.169646,Faisalabad,21.3,31.7,12.1,0.0,0.27
2026-07-16 05:12:44.169646,Faisalabad,21.7,39.6,14.0,0.0,0.71
2026-07-16 06:12:44.169646,Faisalabad,23.0,60.8,7.1,0.0,0.0
2026-07-16 07:12:44.169646,Faisalabad,22.0,59.4,23.4,195.5,1.27
2026-07-16 08:12:44.169646,Faisalabad,25.6,65.8,23.8,417.3,0.0
2026-07-16 09:12:44.169646,Faisalabad,25.8,67.4,9.4,631.0,0.07
2026-07-16 10:12:44.169646,Faisalabad,26.7,62.2,22.7,778.7,0.86
2026-07-16 11:12:44.169646,Faisalabad,28.4,69.6,11.5,898.6,0.01
2026-07-16 12:12:44.169646,Faisalabad,26.5,40.0,13.1,711.3,0.0
2026-07-16 13:12:44.169646,Faisalabad,27.9,52.4,22.7,776.7,0.06
2026-07-16 14:12:44.169646,Faisalabad,26.4,56.2,15.7,741.3,0.0
2026-07-16 15:12:44.169646,Faisalabad,25.7,69.9,25.8,653.9,0.0
2026-07-16 16:12:44.169646,Faisalabad,26.7,71.2,18.3,428.3,0.65
2026-07-16 17:12:44.169646,Faisalabad,25.7,53.4,12.3,217.0,1.13
2026-07-16 18:12:44.169646,Faisalabad,23.3,80.1,23.6,0.0,0.0
2026-07-16 19:12:44.169646,Faisalabad,21.7,52.8,12.5,0.0,0.19
2026-07-16 20:12:44.169646,Faisalabad,14.8,66.3,15.7,0.0,0.43
2026-07-16 21:12:44.169646,Faisalabad,20.6,28.6,4.4,0.0,0.1
2026-07-16 22:12:44.169646,Faisalabad,18.4,77.8,21.8,0.0,0.0
2026-07-16 23:12:44.169646,Faisalabad,15.0,54.7,16.5,0.0,0.0
2026-07-17 00:12:44.169646,Faisalabad,14.2,56.3,36.5,0.0,0.44
2026-07-17 01:12:44.169646,Faisalabad,19.3,25.8,14.7,0.0,1.32
2026-07-17 02:12:44.169646,Faisalabad,15.8,73.2,29.3,0.0,0.0
2026-07-17 03:12:44.169646,Faisalabad,21.6,64.9,8.4,0.0,1.27
2026-07-17 04:12:44.169646,Faisalabad,18.8,33.3,6.7,0.0,0.74
2026-07-17 05:12:44.169646,Faisalabad,20.6,47.5,12.9,0.0,0.0
2026-07-17 06:12:44.169646,Faisalabad,19.9,70.5,4.2,0.0,0.81
2026-07-17 07:12:44.169646,Faisalabad,25.9,44.3,31.5,245.4,0.38
2026-07-17 08:12:44.169646,Faisalabad,23.0,52.1,22.1,357.2,0.0
2026-07-17 09:12:44.169646,Faisalabad,26.6,80.0,17.7,681.6,0.0
2026-07-17 10:12:44.169646,Faisalabad,25.9,68.5,25.8,807.1,1.03
2026-07-17 11:12:44.169646,Faisalabad,29.6,69.4,16.1,727.2,0.0
2026-07-17 12:12:44.169646,Faisalabad,30.5,61.4,3.9,892.6,2.05
2026-07-17 13:12:44.169646,Faisalabad,25.6,32.1,6.4,700.7,0.0
2026-07-17 14:12:44.169646,Faisalabad,28.8,69.8,21.2,757.9,2.76
2026-07-17 15:12:44.169646,Faisalabad,23.7,31.6,15.3,651.1,0.0
2026-07-17 16:12:44.169646,Faisalabad,27.9,68.6,14.1,497.9,0.28
2026-07-17 17:12:44.169646,Faisalabad,23.6,56.4,13.3,238.2,0.0
2026-07-17 18:12:44.169646,Faisalabad,20.1,66.0,8.6,0.0,0.0
2026-07-17 19:12:44.169646,Faisalabad,20.0,31.2,12.4,0.0,0.0
2026-07-17 20:12:44.169646,Faisalabad,21.0,48.7,23.3,0.0,0.08
2026-07-17 21:12:44.169646,Faisalabad,23.5,50.3,7.4,0.0,2.22
2026-07-17 22:12:44.169646,Faisalabad,15.5,66.9,8.5,0.0,0.22
2026-07-17 23:12:44.169646,Faisalabad,14.3,34.5,18.5,0.0,0.0
2026-07-18 00:12:44.169646,Faisalabad,16.9,57.5,5.5,0.0,0.0
2026-07-18 01:12:44.169646,Faisalabad,14.4,39.1,7.6,0.0,0.95
2026-07-18 02:12:44.169646,Faisalabad,18.0,75.8,11.7,0.0,0.0
2026-07-18 03:12:44.169646,Faisalabad,18.2,57.9,8.6,0.0,1.17
2026-07-18 04:12:44.169646,Faisalabad,19.6,62.8,30.7,0.0,0.0
2026-07-18 05:12:44.169646,Faisalabad,19.2,62.0,16.3,0.0,0.96
2026-07-18 06:12:44.169646,Faisalabad,25.4,58.2,15.0,0.0,0.0
2026-07-18 07:12:44.169646,Faisalabad,24.0,49.5,9.5,225.6,0.06
2026-07-18 08:12:44.169646,Faisalabad,27.3,75.5,16.0,361.0,0.24
2026-07-18 09:12:44.169646,Faisalabad,28.3,61.7,25.0,617.3,1.66
2026-07-18 10:12:44.169646,Faisalabad,25.9,74.4,19.6,643.4,0.0
2026-07-18 11:12:44.169646,Faisalabad,24.5,62.7,16.6,955.2,0.08
2026-07-18 12:12:44.169646,Faisalabad,30.6,37.4,16.7,919.3,0.0
2026-07-18 13:12:44.169646,Faisalabad,29.4,80.6,14.9,922.5,0.0
2026-07-18 14:12:44.169646,Faisalabad,29.7,42.4,7.5,798.5,0.0
2026-07-18 15:12:44.169646,Faisalabad,26.7,55.7,14.4,684.2,0.05
2026-07-18 16:12:44.169646,Faisalabad,24.5,65.0,10.9,383.5,0.0
2026-07-18 17:12:44.169646,Faisalabad,22.7,51.3,13.4,185.3,0.32
2026-07-18 18:12:44.169646,Faisalabad,20.7,56.0,5.1,0.0,0.23
2026-07-18 19:12:44.169646,Faisalabad,20.4,44.8,9.0,0.0,0.0
2026-07-18 20:12:44.169646,Faisalabad,17.9,39.4,27.5,0.0,0.67
2026-07-18 21:12:44.169646,Faisalabad,20.5,61.5,1.8,0.0,0.0
2026-07-18 22:12:44.169646,Faisalabad,18.9,34.6,22.0,0.0,0.0
2026-07-18 23:12:44.169646,Faisalabad,19.7,43.7,13.4,0.0,0.0
2026-07-19 00:12:44.169646,Faisalabad,14.7,80.6,8.7,0.0,0.86
2026-07-19 01:12:44.169646,Faisalabad,15.7,53.1,4.3,0.0,0.0
2026-07-19 02:12:44.169646,Faisalabad,13.2,55.6,20.2,0.0,0.0
2026-07-19 03:12:44.169646,Faisalabad,16.0,65.2,3.1,0.0,0.0
2026-07-19 04:12:44.169646,Faisalabad,20.1,57.4,10.4,0.0,0.13
2026-07-19 05:12:44.169646,Faisalabad,21.4,54.3,17.3,0.0,0.0
2026-07-19 06:12:44.169646,Faisalabad,21.9,40.3,8.8,0.0,0.26
2026-07-19 07:12:44.169646,Faisalabad,20.3,84.0,23.6,226.4,0.0
2026-07-19 08:12:44.169646,Faisalabad,27.0,76.4,6.8,400.1,0.0
2026-07-19 09:12:44.169646,Faisalabad,29.7,73.6,11.5,530.9,0.12
2026-07-19 10:12:44.169646,Faisalabad,27.3,63.3,18.1,757.1,0.0
2026-07-19 11:12:44.169646,Faisalabad,30.6,28.9,15.1,903.1,0.0
2026-07-19 12:12:44.169646,Faisalabad,28.6,17.6,9.7,857.1,0.07
2026-07-19 13:12:44.169646,Faisalabad,27.1,85.1,19.1,806.9,0.41
2026-07-19 14:12:44.169646,Faisalabad,26.8,47.7,20.3,615.8,0.4
2026-07-19 15:12:44.169646,Faisalabad,24.2,65.1,9.9,645.1,0.71
2026-07-19 16:12:44.169646,Faisalabad,23.8,45.4,12.8,494.1,0.0
2026-07-19 17:12:44.169646,Faisalabad,25.7,48.1,10.0,208.6,0.0
2026-07-19 18:12:44.169646,Faisalabad,23.7,55.6,34.9,0.0,0.02
2026-07-19 19:12:44.169646,Faisalabad,21.1,77.4,13.4,0.0,0.52
2026-07-19 20:12:44.169646,Faisalabad,20.5,61.9,13.2,0.0,0.44
2026-07-19 21:12:44.169646,Faisalabad,19.8,89.1,7.3,0.0,0.64
2026-07-19 22:12:44.169646,Faisalabad,16.1,45.0,16.1,0.0,0.67
2026-07-19 23:12:44.169646,Faisalabad,15.7,79.2,17.1,0.0,0.0
2026-07-20 00:12:44.169646,Faisalabad,14.5,54.5,12.2,0.0,0.0
2026-07-20 01:12:44.169646,Faisalabad,14.1,48.4,7.5,0.0,0.0
2026-07-20 02:12:44.169646,Faisalabad,15.0,50.9,13.0,0.0,0.0
2026-07-20 03:12:44.169646,Faisalabad,18.3,60.3,19.8,0.0,0.02
2026-07-20 04:12:44.169646,Faisalabad,17.5,30.2,16.2,0.0,0.08
2026-07-20 05:12:44.169646,Faisalabad,23.3,69.3,23.7,0.0,1.14
2026-07-20 06:12:44.169646,Faisalabad,26.5,49.4,4.4,0.0,0.08
2026-07-20 07:12:44.169646,Faisalabad,22.3,54.0,5.1,221.5,0.0
2026-07-20 08:12:44.169646,Faisalabad,25.0,47.5,9.3,372.8,0.0
2026-07-20 09:12:44.169646,Faisalabad,30.6,68.0,14.9,658.8,0.0
2026-07-20 10:12:44.169646,Faisalabad,27.7,56.1,11.7,826.7,0.02
2026-07-20 11:12:44.169646,Faisalabad,28.1,39.1,5.1,757.4,0.02
2026-07-20 12:12:44.169646,Faisalabad,28.2,75.5,12.8,769.8,0.22
2026-07-20 13:12:44.169646,Faisalabad,32.2,46.5,1.5,809.9,0.65
2026-07-20 14:12:44.169646,Faisalabad,24.2,16.9,11.3,699.7,0.35
2026-07-20 15:12:44.169646,Faisalabad,28.0,64.1,10.6,701.7,0.0
2026-07-20 16:12:44.169646,Faisalabad,22.4,54.7,14.0,463.7,0.0
2026-07-20 17:12:44.169646,Faisalabad,24.1,69.7,7.0,183.8,0.81
2026-07-20 18:12:44.169646,Faisalabad,22.1,54.6,7.2,0.0,0.15
2026-07-20 19:12:44.169646,Faisalabad,21.1,56.6,16.2,0.0,0.0
2026-07-20 20:12:44.169646,Faisalabad,24.0,26.2,23.7,0.0,0.0
2026-07-20 21:12:44.169646,Faisalabad,15.1,60.6,7.9,0.0,0.1
2026-07-20 22:12:44.169646,Faisalabad,15.5,81.8,11.3,0.0,0.0
2026-07-20 23:12:44.169646,Faisalabad,15.7,55.1,14.2,0.0,0.0
2026-07-21 00:12:44.169646,Faisalabad,15.6,65.7,16.1,0.0,0.66
2026-07-21 01:12:44.169646,Faisalabad,16.4,31.5,21.2,0.0,0.09
2026-07-21 02:12:44.169646,Faisalabad,13.3,35.2,10.4,0.0,0.18
2026-07-21 03:12:44.169646,Faisalabad,17.3,46.7,13.6,0.0,0.47
2026-07-21 04:12:44.169646,Faisalabad,20.3,55.8,11.5,0.0,0.23
2026-07-21 05:12:44.169646,Faisalabad,20.8,73.9,25.6,0.0,0.4
2026-07-21 06:12:44.169646,Faisalabad,24.7,51.0,9.5,0.0,0.0
2026-07-21 07:12:44.169646,Faisalabad,22.8,70.7,6.1,234.4,0.58
2026-07-21 08:12:44.169646,Faisalabad,24.6,74.7,12.9,450.8,0.1
2026-07-21 09:12:44.169646,Faisalabad,23.1,37.9,18.2,559.4,0.34
2026-07-21 10:12:44.169646,Faisalabad,24.3,67.9,11.0,630.0,0.75
2026-07-21 11:12:44.169646,Faisalabad,30.4,40.4,6.5,937.1,0.17
2026-07-21 12:12:44.169646,Faisalabad,28.8,48.1,15.8,840.4,0.04
2026-07-21 13:12:44.169646,Faisalabad,26.9,56.5,15.5,777.6,0.0
2026-07-21 14:12:44.169646,Faisalabad,27.1,64.4,17.9,730.7,0.95
2026-07-21 15:12:44.169646,Faisalabad,24.8,34.9,20.5,583.5,0.0
2026-07-21 16:12:44.169646,Faisalabad,21.7,73.6,9.7,482.8,1.61
2026-07-21 17:12:44.169646,Faisalabad,20.0,50.7,19.5,238.4,0.3
2026-07-21 18:12:44.169646,Faisalabad,21.6,62.1,5.5,0.0,0.64
2026-07-21 19:12:44.169646,Faisalabad,20.2,46.7,12.2,0.0,0.67
2026-07-21 20:12:44.169646,Faisalabad,17.7,81.9,22.6,0.0,0.79
2026-07-21 21:12:44.169646,Faisalabad,19.9,56.5,6.7,0.0,0.0
2026-07-21 22:12:44.169646,Faisalabad,14.6,69.3,13.6,0.0,0.28
2026-07-21 23:12:44.169646,Faisalabad,19.0,67.9,14.8,0.0,0.0
2026-07-22 00:12:44.169646,Faisalabad,15.1,58.3,9.5,0.0,0.0
2026-07-22 01:12:44.169646,Faisalabad,14.5,59.1,19.9,0.0,1.13
2026-07-22 02:12:44.169646,Faisalabad,16.6,67.0,17.1,0.0,1.03
2026-07-22 03:12:44.169646,Faisalabad,16.2,85.4,12.9,0.0,0.28
2026-07-22 04:12:44.169646,Faisalabad,15.8,60.5,9.8,0.0,0.0
2026-07-22 05:12:44.169646,Faisalabad,22.0,42.2,20.2,0.0,0.0
2026-07-22 06:12:44.169646,Faisalabad,22.5,65.5,16.4,0.0,0.43
2026-07-22 07:12:44.169646,Faisalabad,19.4,84.4,0.6,189.1,1.08
2026-07-22 08:12:44.169646,Faisalabad,26.3,36.5,19.6,491.5,0.0
2026-07-22 09:12:44.169646,Faisalabad,27.1,67.7,16.2,564.9,0.57
2026-07-22 10:12:44.169646,Faisalabad,28.2,49.0,13.0,626.7,0.0
2026-07-22 11:12:44.169646,Faisalabad,25.8,63.3,5.5,775.1,0.54
2026-07-22 12:12:44.169646,Faisalabad,28.3,45.1,5.9,912.2,0.12
2026-07-22 13:12:44.169646,Faisalabad,32.5,53.7,4.3,947.7,0.56
2026-07-22 14:12:44.169646,Faisalabad,29.3,70.0,12.5,748.8,0.0
2026-07-22 15:12:44.169646,Faisalabad,23.5,69.8,20.9,592.6,0.0
2026-07-22 16:12:44.169646,Faisalabad,21.6,99.8,14.3,406.8,0.0
2026-07-22 17:12:44.169646,Faisalabad,16.5,29.1,7.3,221.2,0.0
2026-07-22 18:12:44.169646,Faisalabad,20.1,58.9,20.0,0.0,0.0
2026-07-22 19:12:44.169646,Faisalabad,24.1,49.2,5.9,0.0,0.0
2026-07-22 20:12:44.169646,Faisalabad,14.7,64.7,5.1,0.0,0.0
2026-07-22 21:12:44.169646,Faisalabad,17.7,31.3,11.2,0.0,0.12
2026-07-22 22:12:44.169646,Faisalabad,19.9,54.8,21.5,0.0,0.0
2026-07-22 23:12:44.169646,Faisalabad,15.1,69.0,22.5,0.0,0.26
2026-07-23 00:12:44.169646,Faisalabad,17.5,52.4,15.9,0.0,0.58
2026-07-23 01:12:44.169646,Faisalabad,18.3,49.5,10.1,0.0,0.36
2026-07-23 02:12:44.169646,Faisalabad,12.2,34.5,18.9,0.0,0.0
2026-07-23 03:12:44.169646,Faisalabad,17.2,66.8,15.1,0.0,0.0
2026-07-23 04:12:44.169646,Faisalabad,21.1,69.0,21.4,0.0,0.66
2026-07-23 05:12:44.169646,Faisalabad,22.4,31.7,18.5,0.0,0.42
2026-07-23 06:12:44.169646,Faisalabad,23.3,67.7,20.2,0.0,0.0
2026-07-23 07:12:44.169646,Faisalabad,24.1,60.9,11.0,249.3,0.04
2026-07-23 08:12:44.169646,Faisalabad,22.6,48.5,5.7,381.8,0.0
2026-07-23 09:12:44.169646,Faisalabad,24.9,37.4,15.5,675.5,0.24
2026-07-23 10:12:44.169646,Faisalabad,25.4,63.5,9.1,696.1,0.0
2026-07-23 11:12:44.169646,Faisalabad,25.9,91.4,19.4,895.7,0.0
2026-07-23 12:12:44.169646,Faisalabad,27.7,56.5,14.6,875.6,0.72
2026-07-23 13:12:44.169646,Faisalabad,28.7,47.8,10.1,853.6,0.77
2026-07-23 14:12:44.169646,Faisalabad,26.8,57.4,15.0,620.1,0.0
2026-07-23 15:12:44.169646,Faisalabad,24.5,77.3,19.9,506.0,0.12
2026-07-23 16:12:44.169646,Faisalabad,25.8,71.7,16.4,415.2,0.0
2026-07-23 17:12:44.169646,Faisalabad,25.2,45.0,22.2,240.4,0.17
2026-07-23 18:12:44.169646,Faisalabad,21.6,65.1,7.0,0.0,0.45
2026-07-23 19:12:44.169646,Faisalabad,19.1,83.4,4.5,0.0,0.0
2026-07-23 20:12:44.169646,Faisalabad,17.8,41.9,6.2,0.0,0.69
2026-07-23 21:12:44.169646,Faisalabad,20.1,80.0,22.3,0.0,0.0
2026-07-23 22:12:44.169646,Faisalabad,16.1,44.2,13.5,0.0,0.1
2026-07-23 23:12:44.169646,Faisalabad,16.5,47.0,17.2,0.0,0.0
2026-07-24 00:12:44.169646,Faisalabad,18.1,58.8,1.3,0.0,0.0
2026-07-24 01:12:44.169646,Faisalabad,17.8,53.5,19.0,0.0,0.0
2026-07-24 02:12:44.169646,Faisalabad,12.3,49.6,10.7,0.0,0.09
2026-07-24 03:12:44.169646,Faisalabad,14.7,55.0,5.4,0.0,0.0
2026-07-24 04:12:44.169646,Faisalabad,16.1,49.9,13.7,0.0,0.0
2026-07-24 05:12:44.169646,Faisalabad,22.1,34.2,21.6,0.0,0.98
2026-07-24 06:12:44.169646,Faisalabad,21.9,54.0,14.0,0.0,0.29
2026-07-24 07:12:44.169646,Faisalabad,20.7,26.7,9.4,226.7,0.43
2026-07-24 08:12:44.169646,Faisalabad,25.8,45.3,7.4,372.8,0.4
2026-07-24 09:12:44.169646,Faisalabad,27.1,45.1,8.2,661.3,0.0
2026-07-24 10:12:44.169646,Faisalabad,27.4,44.9,10.4,826.3,0.0
2026-07-24 11:12:44.169646,Faisalabad,28.4,89.3,16.5,805.9,0.3
2026-07-24 12:12:44.169646,Faisalabad,24.3,48.7,6.4,952.4,0.08
2026-07-24 13:12:44.169646,Faisalabad,29.0,76.0,15.6,855.5,0.74
2026-07-24 14:12:44.169646,Faisalabad,29.2,33.3,14.2,787.3,0.87
2026-07-24 15:12:44.169646,Faisalabad,23.7,82.8,12.3,674.4,0.08
2026-07-24 16:12:44.169646,Faisalabad,20.7,67.2,4.8,458.4,0.72
2026-07-24 17:12:44.169646,Faisalabad,21.3,74.0,10.5,198.8,0.52
2026-07-24 18:12:44.169646,Faisalabad,21.2,47.5,21.6,0.0,0.0
2026-07-24 19:12:44.169646,Faisalabad,17.7,75.7,9.5,0.0,0.0
2026-07-24 20:12:44.169646,Faisalabad,18.5,55.8,7.2,0.0,0.22
2026-07-24 21:12:44.169646,Faisalabad,17.7,29.8,13.2,0.0,0.0
2026-07-24 22:12:44.169646,Faisalabad,18.1,54.9,4.6,0.0,0.59
2026-07-24 23:12:44.169646,Faisalabad,11.4,48.1,6.6,0.0,0.54
2026-07-25 00:12:44.169646,Faisalabad,18.2,64.4,9.2,0.0,0.0
2026-07-25 01:12:44.169646,Faisalabad,17.0,67.6,16.3,0.0,0.14
2026-07-25 02:12:44.169646,Faisalabad,16.8,56.4,17.7,0.0,0.23
2026-07-25 03:12:44.169646,Faisalabad,18.2,55.5,16.8,0.0,0.0
2026-07-25 04:12:44.169646,Faisalabad,20.0,56.4,3.5,0.0,0.71
2026-07-25 05:12:44.169646,Faisalabad,18.5,56.8,10.3,0.0,0.0
2026-07-25 06:12:44.169646,Faisalabad,19.4,70.0,3.5,0.0,0.95
2026-07-25 07:12:44.169646,Faisalabad,20.5,60.9,39.1,234.1,0.48
2026-07-25 08:12:44.169646,Faisalabad,26.7,51.6,4.6,461.6,1.0
2026-07-25 09:12:44.169646,Faisalabad,25.8,69.2,7.6,602.8,0.6
2026-07-25 10:12:44.169646,Faisalabad,30.1,30.5,7.4,650.4,1.81
2026-07-25 11:12:44.169646,Faisalabad,29.6,54.6,30.0,916.6,1.73
2026-07-25 12:12:44.169646,Faisalabad,28.3,54.1,14.5,809.6,0.56
2026-07-25 13:12:44.169646,Faisalabad,27.0,68.0,17.1,797.2,0.0
2026-07-25 14:12:44.169646,Faisalabad,28.3,63.8,8.1,824.7,0.12
2026-07-25 15:12:44.169646,Faisalabad,23.0,50.1,7.1,663.8,0.0
2026-07-25 16:12:44.169646,Faisalabad,20.2,69.0,10.8,376.9,0.0
2026-07-25 17:12:44.169646,Faisalabad,21.0,63.1,13.6,218.6,1.15
2026-07-25 18:12:44.169646,Faisalabad,22.1,48.6,31.8,0.0,0.52
2026-07-25 19:12:44.169646,Faisalabad,22.1,95.3,14.9,0.0,0.01
2026-07-25 20:12:44.169646,Faisalabad,16.4,74.2,6.6,0.0,0.0
2026-07-25 21:12:44.169646,Faisalabad,15.3,27.8,15.6,0.0,0.52
2026-07-25 22:12:44.169646,Faisalabad,15.8,30.8,7.7,0.0,1.21
2026-07-25 23:12:44.169646,Faisalabad,18.0,71.8,13.1,0.0,0.0
2026-07-26 00:12:44.169646,Faisalabad,16.1,38.4,23.9,0.0,0.0
2026-07-26 01:12:44.169646,Faisalabad,17.2,92.9,15.2,0.0,0.14
2026-07-26 02:12:44.169646,Faisalabad,17.6,38.4,8.5,0.0,0.23
2026-07-26 03:12:44.169646,Faisalabad,15.7,51.4,5.5,0.0,0.6
2026-07-26 04:12:44.169646,Faisalabad,17.2,43.2,8.7,0.0,0.0
2026-07-26 05:12:44.169646,Faisalabad,21.9,61.4,33.1,0.0,1.07
2026-07-26 06:12:44.169646,Faisalabad,22.9,51.5,13.8,0.0,0.24
2026-07-26 07:12:44.169646,Faisalabad,23.8,29.7,12.1,185.1,0.0
2026-07-26 08:12:44.169646,Faisalabad,21.4,44.8,21.9,472.7,0.8
2026-07-26 09:12:44.169646,Faisalabad,22.2,45.5,15.8,515.9,0.0
2026-07-26 10:12:44.169646,Faisalabad,24.5,33.8,6.3,750.3,1.33
2026-07-26 11:12:44.169646,Faisalabad,26.2,53.3,8.7,742.6,0.33
2026-07-26 12:12:44.169646,Faisalabad,27.9,56.4,27.0,888.5,0.0
2026-07-26 13:12:44.169646,Faisalabad,26.0,10.0,10.4,943.9,1.75
2026-07-26 14:12:44.169646,Faisalabad,23.1,58.4,6.5,633.2,0.0
2026-07-26 15:12:44.169646,Faisalabad,25.5,84.2,18.5,651.5,1.04
2026-07-26 16:12:44.169646,Faisalabad,23.7,52.7,5.6,432.2,0.0
2026-07-26 17:12:44.169646,Faisalabad,24.9,68.6,23.6,246.7,0.0
2026-07-26 18:12:44.169646,Faisalabad,20.1,67.0,7.5,0.0,0.38
2026-07-26 19:12:44.169646,Faisalabad,15.5,37.0,3.7,0.0,0.31
2026-07-26 20:12:44.169646,Faisalabad,17.6,35.6,5.9,0.0,0.16
2026-07-26 21:12:44.169646,Faisalabad,17.7,33.8,25.7,0.0,0.97
2026-07-26 22:12:44.169646,Faisalabad,14.0,40.4,7.6,0.0,0.62
2026-07-26 23:12:44.169646,Faisalabad,16.0,72.1,13.0,0.0,0.34
2026-07-27 00:12:44.169646,Faisalabad,12.5,73.8,12.3,0.0,0.46
2026-07-27 01:12:44.169646,Faisalabad,17.6,60.0,11.1,0.0,0.0
2026-07-27 02:12:44.169646,Faisalabad,14.5,49.5,2.9,0.0,0.0
2026-07-27 03:12:44.169646,Faisalabad,14.6,40.5,10.4,0.0,0.15
2026-07-27 04:12:44.169646,Faisalabad,16.3,64.3,17.9,0.0,0.0
2026-07-27 05:12:44.169646,Faisalabad,18.4,61.6,26.0,0.0,0.58
2026-07-27 06:12:44.169646,Faisalabad,18.7,27.1,8.1,0.0,0.0
2026-07-27 07:12:44.169646,Faisalabad,20.1,52.8,15.8,218.3,0.0
2026-07-27 08:12:44.169646,Faisalabad,24.3,32.0,9.7,354.4,0.07
2026-07-27 09:12:44.169646,Faisalabad,22.5,35.5,24.7,674.9,0.58
2026-07-27 10:12:44.169646,Faisalabad,25.4,46.6,28.7,791.0,0.0
2026-07-27 11:12:44.169646,Faisalabad,27.1,62.0,4.7,961.1,0.0
2026-07-27 12:12:44.169646,Faisalabad,30.8,51.1,23.1,896.2,0.61
2026-07-27 13:12:44.169646,Faisalabad,26.5,44.7,36.3,794.1,0.0
2026-07-27 14:12:44.169646,Faisalabad,23.6,69.7,7.2,765.9,0.16
2026-07-27 15:12:44.169646,Faisalabad,25.7,55.1,6.8,528.8,0.02
2026-07-27 16:12:44.169646,Faisalabad,24.1,70.8,4.5,426.3,1.33
2026-07-27 17:12:44.169646,Faisalabad,19.8,43.4,11.0,213.1,0.01
2026-07-27 18:12:44.169646,Faisalabad,22.3,61.0,12.3,0.0,0.0
2026-07-27 19:12:44.169646,Faisalabad,18.2,39.3,15.6,0.0,0.0
2026-07-27 20:12:44.169646,Faisalabad,16.9,67.8,14.5,0.0,0.0
2026-07-27 21:12:44.169646,Faisalabad,16.1,36.5,13.1,0.0,0.0
2026-07-27 22:12:44.169646,Faisalabad,14.0,64.0,5.3,0.0,0.0
2026-07-27 23:12:44.169646,Faisalabad,15.5,55.4,11.0,0.0,0.0
2026-07-28 00:12:44.169646,Faisalabad,15.7,43.9,23.3,0.0,0.43
2026-07-28 01:12:44.169646,Faisalabad,17.2,79.7,11.7,0.0,0.0
2026-07-28 02:12:44.169646,Faisalabad,15.2,77.8,14.9,0.0,0.0
2026-07-28 03:12:44.169646,Faisalabad,17.5,46.8,9.7,0.0,0.71
2026-07-28 04:12:44.169646,Faisalabad,14.4,56.8,4.7,0.0,0.0
2026-07-28 05:12:44.169646,Faisalabad,17.5,64.2,2.5,0.0,0.03
2026-07-28 06:12:44.169646,Faisalabad,19.4,48.1,5.8,0.0,0.5
2026-07-28 07:12:44.169646,Faisalabad,21.6,64.1,3.6,249.3,0.27
2026-07-28 08:12:44.169646,Faisalabad,20.0,58.3,7.3,465.2,0.0
2026-07-28 09:12:44.169646,Faisalabad,22.9,73.9,21.2,676.4,0.0
2026-07-28 10:12:44.169646,Faisalabad,21.9,29.1,12.5,712.8,0.0
2026-07-28 11:12:44.169646,Faisalabad,25.6,65.5,16.1,676.7,0.23
2026-07-28 12:12:44.169646,Faisalabad,27.3,53.0,19.7,809.6,0.0
2026-07-28 13:12:44.169646,Faisalabad,23.7,36.5,9.4,883.6,0.0
2026-07-28 14:12:44.169646,Faisalabad,28.2,49.7,13.5,640.0,0.0
2026-07-28 15:12:44.169646,Faisalabad,24.6,47.4,8.5,634.5,0.0
2026-07-28 16:12:44.169646,Faisalabad,26.1,54.5,0.7,472.8,0.0
2026-07-28 17:12:44.169646,Faisalabad,24.0,61.2,14.9,185.0,0.62
2026-07-28 18:12:44.169646,Faisalabad,19.0,45.1,27.2,0.0,0.29
2026-07-28 19:12:44.169646,Faisalabad,18.4,54.2,13.5,0.0,0.0
2026-07-28 20:12:44.169646,Faisalabad,17.6,34.6,9.7,0.0,0.0
2026-07-28 21:12:44.169646,Faisalabad,18.2,68.8,14.7,0.0,0.62
2026-07-28 22:12:44.169646,Faisalabad,14.1,41.4,11.8,0.0,0.0
2026-07-28 23:12:44.169646,Faisalabad,14.7,70.4,9.4,0.0,0.03
2026-07-29 00:12:44.169646,Faisalabad,12.1,40.4,11.6,0.0,0.03
2026-07-29 01:12:44.169646,Faisalabad,17.8,22.3,18.6,0.0,0.0
2026-07-29 02:12:44.169646,Faisalabad,14.1,64.9,8.1,0.0,0.16
2026-07-29 03:12:44.169646,Faisalabad,18.6,70.9,13.8,0.0,0.0
2026-07-29 04:12:44.169646,Faisalabad,15.6,58.8,4.3,0.0,0.3
2026-07-29 05:12:44.169646,Faisalabad,20.2,60.0,0.9,0.0,0.0
2026-07-29 06:12:44.169646,Faisalabad,26.9,41.5,17.1,0.0,0.0
2026-07-29 07:12:44.169646,Faisalabad,24.8,56.2,9.3,194.7,0.07
2026-07-29 08:12:44.169646,Faisalabad,22.6,77.2,31.8,360.9,0.32
2026-07-29 09:12:44.169646,Faisalabad,24.1,81.5,34.0,611.0,0.15
2026-07-29 10:12:44.169646,Faisalabad,24.8,55.5,4.1,755.2,0.07
2026-07-29 11:12:44.169646,Faisalabad,26.5,74.4,22.0,784.4,1.01
2026-07-29 12:12:44.169646,Faisalabad,26.4,22.3,6.6,994.9,0.0
2026-07-29 13:12:44.169646,Faisalabad,24.4,52.6,13.3,755.0,0.0
2026-07-29 14:12:44.169646,Faisalabad,23.5,74.9,18.0,629.5,0.12
2026-07-29 15:12:44.169646,Faisalabad,23.8,71.2,3.3,499.1,0.49
2026-07-29 16:12:44.169646,Faisalabad,24.1,54.0,1.9,474.5,0.72
2026-07-29 17:12:44.169646,Faisalabad,21.9,32.7,3.7,220.5,0.0
2026-07-29 18:12:44.169646,Faisalabad,24.2,39.9,13.0,0.0,0.0
2026-07-29 19:12:44.169646,Faisalabad,16.7,83.4,20.7,0.0,1.76
2026-07-29 20:12:44.169646,Faisalabad,13.4,23.4,20.3,0.0,0.0
2026-07-29 21:12:44.169646,Faisalabad,20.5,69.8,5.2,0.0,0.11
2026-07-29 22:12:44.169646,Faisalabad,13.7,45.1,8.1,0.0,0.0
2026-07-29 23:12:44.169646,Faisalabad,15.0,46.2,25.2,0.0,0.28
2026-07-30 00:12:44.169646,Faisalabad,12.1,36.2,13.2,0.0,0.71
2026-07-30 01:12:44.169646,Faisalabad,14.2,33.6,12.5,0.0,1.04
2026-07-30 02:12:44.169646,Faisalabad,18.1,57.9,4.5,0.0,0.0
2026-07-30 03:12:44.169646,Faisalabad,19.2,69.9,22.1,0.0,0.15
2026-07-30 04:12:44.169646,Faisalabad,18.0,27.8,16.7,0.0,0.47
2026-07-30 05:12:44.169646,Faisalabad,16.5,63.8,9.3,0.0,0.0
2026-07-30 06:12:44.169646,Faisalabad,20.6,56.5,19.4,0.0,0.0
2026-07-30 07:12:44.169646,Faisalabad,25.2,53.7,7.7,220.5,0.88
2026-07-30 08:12:44.169646,Faisalabad,24.7,57.2,21.7,477.0,0.0
2026-07-30 09:12:44.169646,Faisalabad,26.0,50.5,17.0,655.2,0.0
2026-07-30 10:12:44.169646,Faisalabad,25.1,53.5,20.2,680.5,0.02
2026-07-30 11:12:44.169646,Faisalabad,28.6,62.1,1.6,769.9,0.0
2026-07-30 12:12:44.169646,Faisalabad,26.2,64.0,17.9,870.9,0.0
2026-07-30 13:12:44.169646,Faisalabad,24.3,70.7,8.4,788.6,0.0
2026-07-30 14:12:44.169646,Faisalabad,24.0,51.2,9.1,825.7,0.23
2026-07-30 15:12:44.169646,Faisalabad,22.6,44.8,14.8,646.4,0.0
2026-07-30 16:12:44.169646,Faisalabad,24.4,43.1,7.2,411.5,0.05
2026-07-30 17:12:44.169646,Faisalabad,26.2,46.5,19.6,186.8,0.0
2026-07-30 18:12:44.169646,Faisalabad,23.9,49.1,23.3,0.0,0.4
2026-07-30 19:12:44.169646,Faisalabad,16.2,50.5,3.2,0.0,0.51
2026-07-30 20:12:44.169646,Faisalabad,16.0,42.6,1.5,0.0,0.0
2026-07-30 21:12:44.169646,Faisalabad,17.0,49.9,18.5,0.0,0.43
2026-07-30 22:12:44.169646,Faisalabad,14.2,61.8,29.5,0.0,0.0
2026-07-30 23:12:44.169646,Faisalabad,13.6,43.2,13.0,0.0,0.0
2026-07-31 00:12:44.169646,Faisalabad,12.7,75.7,13.8,0.0,0.36
2026-07-31 01:12:44.169646,Faisalabad,14.8,55.3,13.0,0.0,0.08
2026-07-31 02:12:44.169646,Faisalabad,14.5,52.0,6.4,0.0,0.15
2026-07-31 03:12:44.169646,Faisalabad,12.3,34.9,5.5,0.0,0.0
2026-07-31 04:12:44.169646,Faisalabad,20.0,33.0,10.5,0.0,0.0
2026-07-31 05:12:44.169646,Faisalabad,17.3,49.0,9.0,0.0,0.0
2026-07-31 06:12:44.169646,Faisalabad,18.9,39.2,15.7,0.0,0.0
2026-07-31 07:12:44.169646,Faisalabad,24.8,73.8,11.6,215.9,0.14
2026-07-31 08:12:44.169646,Faisalabad,25.6,79.2,21.7,421.5,0.06
2026-07-31 09:12:44.169646,Faisalabad,26.6,40.0,17.3,699.1,0.9
2026-07-31 10:12:44.169646,Faisalabad,26.3,42.8,12.1,707.5,0.0
2026-07-31 11:12:44.169646,Faisalabad,27.3,62.1,6.9,722.6,0.0
2026-07-31 12:12:44.169646,Faisalabad,26.6,28.2,18.8,925.8,0.0
2026-07-31 13:12:44.169646,Faisalabad,25.0,38.6,4.7,719.0,0.0
2026-07-31 14:12:44.169646,Faisalabad,28.2,28.8,7.5,794.1,0.55
2026-07-31 15:12:44.169646,Faisalabad,24.3,47.5,8.8,629.3,0.28
2026-07-31 16:12:44.169646,Faisalabad,22.4,55.2,5.8,391.9,0.19
2026-07-31 17:12:44.169646,Faisalabad,20.0,40.5,7.9,197.1,0.0
2026-07-31 18:12:44.169646,Faisalabad,20.4,55.9,14.4,0.0,0.55
2026-07-31 19:12:44.169646,Faisalabad,14.8,51.6,26.0,0.0,0.88
2026-07-31 20:12:44.169646,Faisalabad,18.6,40.2,15.3,0.0,0.22
2026-07-31 21:12:44.169646,Faisalabad,16.9,69.3,12.8,0.0,0.64
2026-07-31 22:12:44.169646,Faisalabad,16.7,37.7,16.5,0.0,0.72
2026-07-31 23:12:44.169646,Faisalabad,19.3,49.2,15.6,0.0,0.32
2026-08-01 00:12:44.169646,Faisalabad,13.8,27.8,10.2,0.0,0.0
2026-08-01 01:12:44.169646,Faisalabad,16.1,59.2,23.9,0.0,0.06
2026-08-01 02:12:44.169646,Faisalabad,16.3,69.5,7.6,0.0,0.0
2026-08-01 03:12:44.169646,Faisalabad,14.0,69.6,13.4,0.0,0.07
2026-08-01 04:12:44.169646,Faisalabad,18.0,71.4,20.6,0.0,0.4
2026-08-01 05:12:44.169646,Faisalabad,20.6,30.7,25.3,0.0,0.0
2026-08-01 06:12:44.169646,Faisalabad,20.6,59.9,10.8,0.0,0.41
2026-08-01 07:12:44.169646,Faisalabad,22.2,33.9,6.8,189.3,0.14
2026-08-01 08:12:44.169646,Faisalabad,20.3,67.0,13.4,367.9,0.62
2026-08-01 09:12:44.169646,Faisalabad,25.5,40.2,25.4,576.8,0.0
2026-08-01 10:12:44.169646,Faisalabad,26.3,67.4,7.4,621.2,1.07
2026-08-01 11:12:44.169646,Faisalabad,24.6,89.0,6.7,865.2,0.82
2026-08-01 12:12:44.169646,Faisalabad,25.2,86.6,19.7,837.2,0.0
2026-08-01 13:12:44.169646,Faisalabad,25.3,50.4,12.6,699.7,0.27
2026-08-01 14:12:44.169646,Faisalabad,27.3,58.6,16.7,838.0,0.0
2026-08-01 15:12:44.169646,Faisalabad,22.3,36.2,11.8,706.6,0.42
2026-08-01 16:12:44.169646,Faisalabad,24.0,71.1,2.1,352.7,0.55
2026-08-01 17:12:44.169646,Faisalabad,22.0,80.3,4.5,200.5,0.0
2026-08-01 18:12:44.169646,Faisalabad,22.6,88.9,26.6,0.0,0.13
2026-08-01 19:12:44.169646,Faisalabad,19.2,61.2,17.7,0.0,0.0
2026-08-01 20:12:44.169646,Faisalabad,14.1,44.7,24.9,0.0,0.6
2026-08-01 21:12:44.169646,Faisalabad,14.6,44.2,14.0,0.0,0.0
2026-08-01 22:12:44.169646,Faisalabad,16.1,45.5,0.6,0.0,0.0
2026-08-01 23:12:44.169646,Faisalabad,15.6,52.6,22.8,0.0,0.0
2026-08-02 00:12:44.169646,Faisalabad,13.3,40.6,24.4,0.0,0.63
2026-08-02 01:12:44.169646,Faisalabad,14.1,45.5,16.9,0.0,0.0
2026-08-02 02:12:44.169646,Faisalabad,13.0,76.1,8.5,0.0,0.0
2026-08-02 03:12:44.169646,Faisalabad,16.6,48.3,13.3,0.0,0.0
2026-08-02 04:12:44.169646,Faisalabad,14.2,25.2,17.2,0.0,0.17
2026-08-02 05:12:44.169646,Faisalabad,17.5,73.2,17.5,0.0,0.49
2026-08-02 06:12:44.169646,Faisalabad,19.5,46.1,16.6,0.0,0.0
2026-08-02 07:12:44.169646,Faisalabad,19.9,43.1,6.6,210.0,0.0
2026-08-02 08:12:44.169646,Faisalabad,21.9,64.7,7.1,434.2,0.04
2026-08-02 09:12:44.169646,Faisalabad,23.2,51.4,11.7,703.3,0.0
2026-08-02 10:12:44.169646,Faisalabad,25.0,33.6,9.0,771.3,0.03
2026-08-02 11:12:44.169646,Faisalabad,26.0,31.2,3.7,904.3,0.06
2026-08-02 12:12:44.169646,Faisalabad,24.4,52.5,8.2,982.2,0.12
2026-08-02 13:12:44.169646,Faisalabad,22.8,43.3,16.2,828.9,0.47
2026-08-02 14:12:44.169646,Faisalabad,25.9,88.5,12.8,808.2,1.53
2026-08-02 15:12:44.169646,Faisalabad,20.1,59.3,12.3,589.7,0.0
2026-08-02 16:12:44.169646,Faisalabad,22.4,37.3,8.1,484.6,0.0
2026-08-02 17:12:44.169646,Faisalabad,20.9,57.1,16.9,245.2,0.1
2026-08-02 18:12:44.169646,Faisalabad,21.3,43.5,17.4,0.0,0.07
2026-08-02 19:12:44.169646,Faisalabad,17.7,56.5,8.7,0.0,0.0
2026-08-02 20:12:44.169646,Faisalabad,14.5,31.0,25.1,0.0,0.38
2026-08-02 21:12:44.169646,Faisalabad,14.2,81.4,9.6,0.0,0.0
2026-08-02 22:12:44.169646,Faisalabad,11.8,51.6,10.6,0.0,0.0
2026-08-02 23:12:44.169646,Faisalabad,13.3,53.2,1.2,0.0,0.72
2026-08-03 00:12:44.169646,Faisalabad,15.9,81.7,12.7,0.0,0.35
2026-08-03 01:12:44.169646,Faisalabad,14.2,56.4,7.9,0.0,0.47
2026-08-03 02:12:44.169646,Faisalabad,12.5,24.9,19.7,0.0,0.0
2026-08-03 03:12:44.169646,Faisalabad,17.2,58.4,6.0,0.0,0.0
2026-08-03 04:12:44.169646,Faisalabad,15.0,79.1,20.8,0.0,0.98
2026-08-03 05:12:44.169646,Faisalabad,16.8,77.6,14.0,0.0,0.0
2026-08-03 06:12:44.169646,Faisalabad,20.6,47.0,3.4,0.0,0.05
2026-08-03 07:12:44.169646,Faisalabad,20.2,42.2,12.9,212.1,0.0
2026-08-03 08:12:44.169646,Faisalabad,18.1,50.6,21.3,362.2,0.0
2026-08-03 09:12:44.169646,Faisalabad,26.4,84.4,2.6,537.2,0.67
2026-08-03 10:12:44.169646,Faisalabad,19.6,53.9,2.8,804.4,0.42
2026-08-03 11:12:44.169646,Faisalabad,28.0,22.4,13.3,894.2,0.0
2026-08-03 12:12:44.169646,Faisalabad,27.4,65.4,11.4,838.6,0.0
2026-08-03 13:12:44.169646,Faisalabad,27.2,59.8,18.2,866.2,0.61
2026-08-03 14:12:44.169646,Faisalabad,23.9,34.2,13.6,719.5,0.0
2026-08-03 15:12:44.169646,Faisalabad,22.3,57.6,27.2,666.1,0.0
2026-08-03 16:12:44.169646,Faisalabad,25.3,55.4,6.2,397.2,0.37
2026-08-03 17:12:44.169646,Faisalabad,22.5,81.3,26.4,254.5,0.69
2026-08-03 18:12:44.169646,Faisalabad,17.7,44.0,15.4,0.0,0.0
2026-08-03 19:12:44.169646,Faisalabad,20.3,50.8,6.3,0.0,1.14
2026-08-03 20:12:44.169646,Faisalabad,19.1,63.3,10.2,0.0,0.14
2026-08-03 21:12:44.169646,Faisalabad,14.6,78.6,12.3,0.0,0.14
2026-08-03 22:12:44.169646,Faisalabad,13.7,65.2,21.8,0.0,0.38
2026-08-03 23:12:44.169646,Faisalabad,9.6,51.4,10.7,0.0,0.08
2026-08-04 00:12:44.169646,Faisalabad,10.3,28.4,7.1,0.0,0.32
2026-08-04 01:12:44.169646,Faisalabad,11.4,55.8,14.6,0.0,0.0
2026-08-04 02:12:44.169646,Faisalabad,19.2,49.5,11.7,0.0,0.0
2026-08-04 03:12:44.169646,Faisalabad,16.3,60.9,8.6,0.0,0.54
2026-08-04 04:12:44.169646,Faisalabad,16.0,18.2,7.7,0.0,0.19
2026-08-04 05:12:44.169646,Faisalabad,18.4,41.9,32.1,0.0,0.4
2026-08-04 06:12:44.169646,Faisalabad,19.4,69.4,8.8,0.0,0.0
2026-08-04 07:12:44.169646,Faisalabad,25.5,55.4,13.7,214.1,0.0
2026-08-04 08:12:44.169646,Faisalabad,22.3,42.6,30.2,432.2,0.0
2026-08-04 09:12:44.169646,Faisalabad,25.7,63.0,24.5,566.1,0.0
2026-08-04 10:12:44.169646,Faisalabad,27.2,63.4,5.3,679.0,0.0
2026-08-04 11:12:44.169646,Faisalabad,25.5,43.2,3.8,919.3,0.0
2026-08-04 12:12:44.169646,Faisalabad,25.1,60.8,6.7,832.2,0.0
2026-08-04 13:12:44.169646,Faisalabad,24.3,46.4,18.8,713.9,0.02
2026-08-04 14:12:44.169646,Faisalabad,20.3,65.5,4.7,661.0,0.0
2026-08-04 15:12:44.169646,Faisalabad,24.5,50.1,9.9,540.9,0.13
2026-08-04 16:12:44.169646,Faisalabad,26.7,57.2,12.9,379.1,0.43
2026-08-04 17:12:44.169646,Faisalabad,21.8,53.8,15.9,226.0,0.01
2026-08-04 18:12:44.169646,Faisalabad,19.2,72.0,9.1,0.0,0.7
2026-08-04 19:12:44.169646,Faisalabad,20.3,63.2,2.9,0.0,0.0
2026-08-04 20:12:44.169646,Faisalabad,15.6,68.1,16.8,0.0,2.13
2026-08-04 21:12:44.169646,Faisalabad,14.7,36.5,6.4,0.0,0.0
2026-08-04 22:12:44.169646,Faisalabad,12.0,62.5,12.2,0.0,1.61
2026-08-04 23:12:44.169646,Faisalabad,15.4,49.5,10.7,0.0,0.0
2026-08-05 00:12:44.169646,Faisalabad,11.7,49.5,16.0,0.0,0.06
2026-08-05 01:12:44.169646,Faisalabad,10.5,68.3,15.4,0.0,0.0
2026-08-05 02:12:44.169646,Faisalabad,12.9,58.5,10.7,0.0,0.17
2026-08-05 03:12:44.169646,Faisalabad,15.8,60.3,13.0,0.0,0.77
2026-08-05 04:12:44.169646,Faisalabad,23.3,72.8,16.9,0.0,0.75
2026-08-05 05:12:44.169646,Faisalabad,19.0,57.1,7.7,0.0,0.99
2026-08-05 06:12:44.169646,Faisalabad,19.7,32.2,19.1,0.0,0.0
2026-08-05 07:12:44.169646,Faisalabad,22.1,67.9,5.8,247.2,0.0
2026-08-05 08:12:44.169646,Faisalabad,22.6,60.0,23.1,488.0,0.23
2026-08-05 09:12:44.169646,Faisalabad,20.7,74.9,16.2,526.6,0.55
2026-08-05 10:12:44.169646,Faisalabad,23.3,55.9,4.9,643.9,0.24
2026-08-05 11:12:44.169646,Faisalabad,22.7,92.0,8.5,833.6,0.52
2026-08-05 12:12:44.169646,Faisalabad,27.7,34.4,4.1,817.3,0.0
2026-08-05 13:12:44.169646,Faisalabad,24.6,46.1,9.1,930.6,0.0
2026-08-05 14:12:44.169646,Faisalabad,23.3,65.1,16.0,703.5,0.0
2026-08-05 15:12:44.169646,Faisalabad,22.0,67.1,5.2,590.5,0.0
2026-08-05 16:12:44.169646,Faisalabad,18.3,47.6,27.6,425.9,0.0
2026-08-05 17:12:44.169646,Faisalabad,19.3,58.2,19.2,250.0,0.07
2026-08-05 18:12:44.169646,Faisalabad,18.8,35.8,34.2,0.0,0.04
2026-08-05 19:12:44.169646,Faisalabad,15.4,50.7,7.8,0.0,0.32
2026-08-05 20:12:44.169646,Faisalabad,12.1,62.9,8.9,0.0,0.0
2026-08-05 21:12:44.169646,Faisalabad,15.4,56.2,10.9,0.0,0.72
2026-08-05 22:12:44.169646,Faisalabad,14.3,29.6,7.1,0.0,0.44
2026-08-05 23:12:44.169646,Faisalabad,20.1,51.8,21.0,0.0,0.37
2026-08-06 00:12:44.169646,Faisalabad,13.1,61.6,11.8,0.0,0.18
2026-08-06 01:12:44.169646,Faisalabad,9.0,35.5,9.7,0.0,0.59
2026-08-06 02:12:44.169646,Faisalabad,18.7,65.9,7.2,0.0,0.0
2026-08-06 03:12:44.169646,Faisalabad,14.1,24.0,3.2,0.0,0.8
2026-08-06 04:12:44.169646,Faisalabad,16.8,65.4,9.2,0.0,0.0
2026-08-06 05:12:44.169646,Faisalabad,15.9,70.0,14.5,0.0,0.88
2026-08-06 06:12:44.169646,Faisalabad,22.5,29.7,9.7,0.0,0.41
2026-08-06 07:12:44.169646,Faisalabad,21.0,55.8,17.6,247.8,0.21
2026-08-06 08:12:44.169646,Faisalabad,23.8,37.7,11.4,391.5,0.32
2026-08-06 09:12:44.169646,Faisalabad,21.6,79.9,12.2,533.7,0.0
2026-08-06 10:12:44.169646,Faisalabad,22.8,37.5,12.4,789.7,0.0
2026-08-06 11:12:44.169646,Faisalabad,25.6,63.6,11.1,819.5,0.55
2026-08-06 12:12:44.169646,Faisalabad,26.3,40.0,1.3,706.3,1.04
2026-08-06 13:12:44.169646,Faisalabad,21.1,57.3,30.7,906.4,0.0
2026-08-06 14:12:44.169646,Faisalabad,26.5,57.2,12.0,786.7,0.0
2026-08-06 15:12:44.169646,Faisalabad,26.1,47.5,16.7,544.6,0.0
2026-08-06 16:12:44.169646,Faisalabad,20.6,53.9,14.6,418.2,0.11
2026-08-06 17:12:44.169646,Faisalabad,17.4,36.3,18.1,202.6,0.46
2026-08-06 18:12:44.169646,Faisalabad,14.5,49.9,13.5,0.0,0.25
2026-08-06 19:12:44.169646,Faisalabad,19.7,44.9,9.3,0.0,0.0
2026-08-06 20:12:44.169646,Faisalabad,13.8,65.2,20.7,0.0,0.31
2026-08-06 21:12:44.169646,Faisalabad,15.5,54.6,9.6,0.0,0.0
2026-08-06 22:12:44.169646,Faisalabad,15.9,67.2,3.7,0.0,0.56
2026-08-06 23:12:44.169646,Faisalabad,14.0,40.9,7.5,0.0,0.0
2026-08-07 00:12:44.169646,Faisalabad,12.4,29.9,5.2,0.0,0.0
2026-08-07 01:12:44.169646,Faisalabad,13.3,43.3,8.9,0.0,0.15
2026-08-07 02:12:44.169646,Faisalabad,10.7,50.9,4.9,0.0,0.4
2026-08-07 03:12:44.169646,Faisalabad,14.2,56.4,32.0,0.0,0.21
2026-08-07 04:12:44.169646,Faisalabad,17.1,48.6,21.9,0.0,0.13
2026-08-07 05:12:44.169646,Faisalabad,14.8,74.0,3.0,0.0,1.02
2026-08-07 06:12:44.169646,Faisalabad,21.5,42.5,14.0,0.0,0.5
2026-08-07 07:12:44.169646,Faisalabad,17.1,64.2,6.6,199.3,0.61
2026-08-07 08:12:44.169646,Faisalabad,22.5,91.7,11.3,387.4,0.18
2026-08-07 09:12:44.169646,Faisalabad,23.0,45.8,15.3,545.8,0.17
2026-08-07 10:12:44.169646,Faisalabad,23.5,49.5,6.5,753.9,0.03
2026-08-07 11:12:44.169646,Faisalabad,26.8,59.2,6.8,747.2,0.0
2026-08-07 12:12:44.169646,Faisalabad,27.9,35.6,7.3,901.6,0.0
2026-08-07 13:12:44.169646,Faisalabad,22.7,52.6,4.4,911.7,0.4
2026-08-07 14:12:44.169646,Faisalabad,21.4,70.9,15.9,711.6,0.0
2026-08-07 15:12:44.169646,Faisalabad,23.3,69.9,12.6,656.2,0.0
2026-08-07 16:12:44.169646,Faisalabad,17.7,47.7,20.5,459.9,0.66
2026-08-07 17:12:44.169646,Faisalabad,21.3,47.9,1.7,196.7,0.0
2026-08-07 18:12:44.169646,Faisalabad,20.9,46.0,4.5,0.0,0.0
2026-08-07 19:12:44.169646,Faisalabad,18.7,32.8,13.2,0.0,0.27
2026-08-07 20:12:44.169646,Faisalabad,15.8,67.4,15.5,0.0,0.95
2026-08-07 21:12:44.169646,Faisalabad,11.1,61.2,10.8,0.0,0.4
2026-08-07 22:12:44.169646,Faisalabad,15.8,67.7,17.5,0.0,0.97
2026-08-07 23:12:44.169646,Faisalabad,14.4,61.2,13.9,0.0,0.22
2026-08-08 00:12:44.169646,Faisalabad,14.4,70.9,10.0,0.0,0.1
2026-08-08 01:12:44.169646,Faisalabad,13.0,45.7,5.2,0.0,0.35
2026-08-08 02:12:44.169646,Faisalabad,15.0,48.7,14.1,0.0,0.14
2026-08-08 03:12:44.169646,Faisalabad,11.8,59.8,7.9,0.0,1.19
2026-08-08 04:12:44.169646,Faisalabad,15.1,58.8,7.5,0.0,0.19
2026-08-08 05:12:44.169646,Faisalabad,15.5,42.3,7.1,0.0,0.0
2026-08-08 06:12:44.169646,Faisalabad,20.6,58.3,5.4,0.0,0.0
2026-08-08 07:12:44.169646,Faisalabad,20.6,66.2,22.3,217.4,0.05
2026-08-08 08:12:44.169646,Faisalabad,23.6,54.5,10.6,421.2,0.14
2026-08-08 09:12:44.169646,Faisalabad,23.2,78.2,11.1,682.0,0.21
2026-08-08 10:12:44.169646,Faisalabad,25.2,39.6,18.2,678.0,0.0
2026-08-08 11:12:44.169646,Faisalabad,27.7,45.9,16.8,799.4,0.67
2026-08-08 12:12:44.169646,Faisalabad,24.9,38.1,19.4,983.5,1.52
2026-08-08 13:12:44.169646,Faisalabad,23.9,67.0,7.3,728.1,0.0
2026-08-08 14:12:44.169646,Faisalabad,22.3,55.1,9.4,804.4,0.0
2026-08-08 15:12:44.169646,Faisalabad,24.3,38.9,8.1,663.4,0.13
2026-08-08 16:12:44.169646,Faisalabad,26.6,50.8,5.8,357.0,1.05
2026-08-08 17:12:44.169646,Faisalabad,22.0,43.5,9.3,239.2,0.0
2026-08-08 18:12:44.169646,Faisalabad,19.8,31.8,12.4,0.0,0.53
2026-08-08 19:12:44.169646,Faisalabad,17.8,55.0,15.7,0.0,0.0
2026-08-08 20:12:44.169646,Faisalabad,18.7,55.0,7.4,0.0,0.35
2026-08-08 21:12:44.169646,Faisalabad,12.8,62.0,21.6,0.0,0.0
2026-08-08 22:12:44.169646,Faisalabad,16.8,45.9,25.0,0.0,0.0
2026-08-08 23:12:44.169646,Faisalabad,12.3,62.3,2.8,0.0,0.0
2026-08-09 00:12:44.169646,Faisalabad,10.9,61.5,3.4,0.0,1.58
2026-08-09 01:12:44.169646,Faisalabad,12.6,31.0,14.6,0.0,0.0
2026-08-09 02:12:44.169646,Faisalabad,16.4,35.3,15.2,0.0,0.62
2026-08-09 03:12:44.169646,Faisalabad,16.5,52.7,16.1,0.0,0.11
2026-08-09 04:12:44.169646,Faisalabad,16.2,40.3,14.3,0.0,0.41
2026-08-09 05:12:44.169646,Faisalabad,17.8,81.8,14.2,0.0,0.44
2026-08-09 06:12:44.169646,Faisalabad,17.0,49.5,27.5,0.0,0.0
2026-08-09 07:12:44.169646,Faisalabad,20.6,44.4,14.7,248.6,0.0
2026-08-09 08:12:44.169646,Faisalabad,20.9,64.9,27.0,420.5,0.01
2026-08-09 09:12:44.169646,Faisalabad,18.8,54.0,11.7,515.6,0.43
2026-08-09 10:12:44.169646,Faisalabad,24.0,82.4,9.9,793.2,0.36
2026-08-09 11:12:44.169646,Faisalabad,23.9,65.2,4.6,735.8,0.0
2026-08-09 12:12:44.169646,Faisalabad,24.8,43.6,18.7,975.8,0.0
2026-08-09 13:12:44.169646,Faisalabad,22.8,46.2,5.1,695.5,0.89
2026-08-09 14:12:44.169646,Faisalabad,22.2,31.3,17.5,732.4,0.5
2026-08-09 15:12:44.169646,Faisalabad,21.0,38.0,19.3,589.4,0.0
2026-08-09 16:12:44.169646,Faisalabad,20.6,64.3,19.0,456.5,0.66
2026-08-09 17:12:44.169646,Faisalabad,16.3,56.9,9.3,241.1,0.0
2026-08-09 18:12:44.169646,Faisalabad,18.2,72.6,23.7,0.0,0.0
2026-08-09 19:12:44.169646,Faisalabad,21.1,83.1,21.1,0.0,0.0
2026-08-09 20:12:44.169646,Faisalabad,16.8,17.7,6.4,0.0,0.02
2026-08-09 21:12:44.169646,Faisalabad,11.9,50.7,20.1,0.0,0.0
2026-08-09 22:12:44.169646,Faisalabad,12.1,49.1,4.6,0.0,1.31
2026-08-09 23:12:44.169646,Faisalabad,15.8,52.2,20.1,0.0,0.0
2026-08-10 00:12:44.169646,Faisalabad,13.8,56.5,8.6,0.0,0.24
2026-08-10 01:12:44.169646,Faisalabad,11.8,85.0,12.3,0.0,0.0
2026-08-10 02:12:44.169646,Faisalabad,11.1,56.1,18.9,0.0,0.24
2026-08-10 03:12:44.169646,Faisalabad,13.6,41.2,12.7,0.0,0.0
2026-08-10 04:12:44.169646,Faisalabad,20.0,46.2,3.6,0.0,0.41
2026-08-10 05:12:44.169646,Faisalabad,17.0,57.0,18.4,0.0,0.0
2026-08-10 06:12:44.169646,Faisalabad,21.1,67.3,18.7,0.0,0.0
2026-08-10 07:12:44.169646,Faisalabad,19.3,49.4,14.1,244.2,1.21
2026-08-10 08:12:44.169646,Faisalabad,19.0,73.6,8.6,475.5,0.0
2026-08-10 09:12:44.169646,Faisalabad,21.2,39.3,13.9,573.2,0.0
2026-08-10 10:12:44.169646,Faisalabad,22.1,60.2,2.4,848.1,0.89
